/*M!999999\- enable the sandbox mode */ 
-- MariaDB dump 10.19  Distrib 10.5.26-MariaDB, for debian-linux-gnu (x86_64)
--
-- Host: dbmy-rdbng638-eu-rw-geo.mysql.webhosting-database.com    Database: test
-- ------------------------------------------------------
-- Server version	5.7.42-log

/*!40101 SET @OLD_CHARACTER_SET_CLIENT=@@CHARACTER_SET_CLIENT */;
/*!40101 SET @OLD_CHARACTER_SET_RESULTS=@@CHARACTER_SET_RESULTS */;
/*!40101 SET @OLD_COLLATION_CONNECTION=@@COLLATION_CONNECTION */;
/*!40101 SET NAMES utf8mb4 */;
/*!40103 SET @OLD_TIME_ZONE=@@TIME_ZONE */;
/*!40103 SET TIME_ZONE='+00:00' */;
/*!40014 SET @OLD_UNIQUE_CHECKS=@@UNIQUE_CHECKS, UNIQUE_CHECKS=0 */;
/*!40014 SET @OLD_FOREIGN_KEY_CHECKS=@@FOREIGN_KEY_CHECKS, FOREIGN_KEY_CHECKS=0 */;
/*!40101 SET @OLD_SQL_MODE=@@SQL_MODE, SQL_MODE='NO_AUTO_VALUE_ON_ZERO' */;
/*!40111 SET @OLD_SQL_NOTES=@@SQL_NOTES, SQL_NOTES=0 */;

--
-- Table structure for table `abfrage`
--

DROP TABLE IF EXISTS `abfrage`;
/*!40101 SET @saved_cs_client     = @@character_set_client */;
/*!40101 SET character_set_client = utf8 */;
CREATE TABLE `abfrage` (
  `ID` int(11) NOT NULL AUTO_INCREMENT,
  `Name` varchar(100) NOT NULL,
  `Beschreibung` varchar(255) NOT NULL,
  `Abfrage` varchar(10000) NOT NULL,
  `Tabelle` varchar(100) NOT NULL,
  `AbfragetypID` tinyint(4) DEFAULT NULL,
  PRIMARY KEY (`ID`),
  KEY `fk_AbfragetypID` (`AbfragetypID`),
  CONSTRAINT `fk_AbfragetypID` FOREIGN KEY (`AbfragetypID`) REFERENCES `abfragetyp` (`ID`)
) ENGINE=InnoDB AUTO_INCREMENT=49 DEFAULT CHARSET=utf8;
/*!40101 SET character_set_client = @saved_cs_client */;

--
-- Dumping data for table `abfrage`
--

LOCK TABLES `abfrage` WRITE;
/*!40000 ALTER TABLE `abfrage` DISABLE KEYS */;
INSERT INTO `abfrage` VALUES (8,'Nacherfassung: Sammlung XXX ','Sammlungen mit \"XXX\" in name, Bemerkung, Standort oder Verlag ','SELECT * \r\nFROM v_sammlung \r\nWHERE Name LIKE \'%XXX%\' \r\nOR Bemerkung LIKE \'%XXX%\' \r\nOR Standort LIKE \'%XXX%\'\r\nOR Verlag LIKE \'%XXX%\'  \r\n','sammlung',12),(17,'Test - Sammlungen ohne Musikstück','*(Vordefinierte Abfrage)* ','              select s.ID, s.Name, standort.Name as Standort\r\n                from sammlung s\r\n                left join standort on standort.ID = s.StandortID \r\n                left join musikstueck m on s.ID = m.SammlungID \r\n                where m.ID is null \r\n                order by s.ID DESC \r\n              ','sammlung',9),(18,'Test - Sammlungen ohne Verlag','*(Vordefinierte Abfrage)* ','\r\n            select s.ID, s.Name\r\n            from sammlung s \r\n            left join verlag v on s.VerlagID = v.ID\r\n            where v.ID is null \r\n            order by s.ID DESC ','sammlung',9),(19,'Test - Musikstücke ohne Satz','*(Vordefinierte Abfrage)* ','select s.Name as Sammlung_Name, m.ID, m.Name as Musikstueck_Name\r\n                from musikstueck m \r\n                inner join  sammlung s on s.ID = m.SammlungID \r\n                left join satz sa on sa.MusikstueckID = m.ID \r\n                where sa.ID is null \r\n                and m.ID is not nULL \r\n                order by m.ID DESC ','musikstueck',9),(20,'Test - Musikstücke ohne Komponist','*(Vordefinierte Abfrage)* ','select s.Name as Sammlung_Name, m.ID, m.Name as Musikstueck_Name\r\n                from sammlung s \r\n                left join musikstueck m on s.ID = m.SammlungID \r\n                left join komponist k \r\n                on m.KomponistID = k.ID\r\n                where k.ID is null \r\n                order by m.ID DESC \r\n','musikstueck',9),(21,'Test - Musikstücke ohne Besetzung','*(Vordefinierte Abfrage)* ','select \r\n                        s.Name as Sammlung_Name\r\n                        , m.ID\r\n                        , m.Name as Musikstueck_Name\r\n                      from sammlung s \r\n                      inner join musikstueck m on s.ID = m.SammlungID \r\n                      left join musikstueck_besetzung mb \r\n                      on m.ID = mb.MusikstueckID \r\n                      where mb.ID is null \r\n                      order by m.ID DESC','musikstueck',9),(22,'Test - Musikstücke ohne Verwendungszweck','*(Vordefinierte Abfrage)* ','select \r\n                          sammlung.Name as Sammlung_Name\r\n                          , musikstueck.ID\r\n                          , musikstueck.Name as Musikstueck_Name\r\n                      from sammlung\r\n                      inner join musikstueck \r\n                          on sammlung.ID = musikstueck.SammlungID \r\n                      left join musikstueck_verwendungszweck \r\n                          on musikstueck.ID = musikstueck_verwendungszweck.MusikstueckID \r\n                      where musikstueck_verwendungszweck.ID is null \r\n                      order by musikstueck.ID DESC','musikstueck',9),(23,'Test - Satz ohne Spieldauer','*(Vordefinierte Abfrage)* ','select sa.ID   \r\n        , s.Name as Sammlung_Name\r\n        , m.Name as Musikstueck_Name\r\n        , sa.Nr as Satz_Nr\r\n        , sa.Name as Satz_Name\r\n        , sa.Bemerkung as Satz_Bemerkung \r\n    from musikstueck m \r\n    inner join  sammlung s on s.ID = m.SammlungID \r\n    inner join satz sa on sa.MusikstueckID = m.ID \r\n where sa.Spieldauer is NULL\r\n order by sa.ID DESC ','satz',9),(24,'Test - Satz ohne Erprobt-Angabe','*(Vordefinierte Abfrage)* ','select s.Name as Sammlung_Name\r\n        , m.Name as Musikstueck_Name\r\n        , sa.Nr \r\n        , sa.Name as Satz_Name \r\n       , sa.ID        \r\nfrom musikstueck m \r\n    inner join  sammlung s on s.ID = m.SammlungID \r\n    inner join satz sa on sa.MusikstueckID = m.ID\r\n    inner join standort on standort.ID = s.StandortID  \r\n    left join satz_erprobt on satz_erprobt.SatzID = sa.ID \r\nwhere satz_erprobt.SatzID is NULL\r\norder by sa.ID DESC \r\n','satz',9),(25,'Test - Satz ohne Schwierigkeitsgrad','*(Vordefinierte Abfrage)* ','\r\n    select s.Name as Sammlung_Name\r\n        , m.Name as Musikstueck_Name\r\n        , sa.Nr \r\n        , sa.Name as Satz_Name \r\n       , sa.ID        \r\nfrom musikstueck m \r\n    inner join  sammlung s on s.ID = m.SammlungID \r\n    inner join satz sa on sa.MusikstueckID = m.ID \r\n    left join satz_schwierigkeitsgrad on satz_schwierigkeitsgrad.SatzID = sa.ID \r\nwhere satz_schwierigkeitsgrad.ID is NULL\r\norder by sa.ID DESC\r\n    ','satz',9),(27,'Alle verwendeten Tonarten','*(Vordefinierte Abfrage)* ','\r\n                  select distinct Tonart from satz  \r\n                where Tonart is not null \r\n                and Tonart <> \'\'\r\n                order by Tonart\r\n              ','',14),(28,'Alle verwendeten Taktarten','*(Vordefinierte Abfrage)* ','\r\nselect distinct Taktart from satz  \r\nwhere Taktart is not null \r\nand Taktart <> \'\'\r\norder by Taktart\r\n        ','',14),(29,'Alle verwendeten Tempobezeichnungen','*(Vordefinierte Abfrage)* ','\r\n            select distinct Tempobezeichnung from satz  \r\n            where Tempobezeichnung is not null \r\n            and Tempobezeichnung <> \'\'\r\n            order by Tempobezeichnung\r\n                    ','',14),(33,'Susi: Korrektur Triolen - Suche 12.08.2024 - 23:12','* Anzeige-Ebene: Satz\r\n* Übung: Triolen\r\n','SELECT satz.ID\r\n            ,sammlung.Name as Sammlung\r\n            , musikstueck.Nummer as MNr\r\n            , musikstueck.Name as Musikstueck\r\n            , satz.Nr as SatzNr\r\n            , satz.Name as Satz \r\n            , satz.Tonart \r\n            , satz.Taktart\r\n            , satz.Tempobezeichnung\r\n            , concat(\r\n                satz.Spieldauer DIV 60\r\n                ,\'\'\'\'\r\n                , \r\n                satz.Spieldauer MOD 60\r\n                , \'\'\'\'\'\'\r\n              ) as Spieldauer              \r\n            , GROUP_CONCAT(DISTINCT concat(schwierigkeitsgrad.Name, \' - \', instrument.Name)  order by schwierigkeitsgrad.Name SEPARATOR \', \') `Schwierigkeitsgrade`                   \r\n            , erprobt.Name as Erprobt             \r\n            , v_satz_lookuptypes.LookupList as Besonderheiten                  \r\n            , satz.Lagen\r\n            , satz.Orchesterbesetzung \r\n            , satz.Bemerkung                         \r\n            \r\n      FROM sammlung \r\n        LEFT JOIN standort  on sammlung.StandortID = standort.ID    \r\n        LEFT JOIN verlag  on sammlung.VerlagID = verlag.ID\r\n        LEFT JOIN link  on sammlung.ID = link.SammlungID\r\n        LEFT JOIN linktype  on linktype.ID = link.LinktypeID\r\n        LEFT JOIN musikstueck on sammlung.ID = musikstueck.SammlungID \r\n        LEFT JOIN v_komponist komponist on komponist.ID = musikstueck.KomponistID\r\n        LEFT JOIN gattung on gattung.ID = musikstueck.GattungID  \r\n        LEFT JOIN epoche on epoche.ID = musikstueck.EpocheID              \r\n        LEFT JOIN musikstueck_besetzung on musikstueck.ID = musikstueck_besetzung.MusikstueckID\r\n        LEFT JOIN besetzung on musikstueck_besetzung.BesetzungID = besetzung.ID\r\n        LEFT JOIN musikstueck_verwendungszweck on musikstueck.ID = musikstueck_verwendungszweck.MusikstueckID \r\n        LEFT JOIN verwendungszweck on musikstueck_verwendungszweck.VerwendungszweckID=verwendungszweck.ID    \r\n        LEFT JOIN satz on satz.MusikstueckID = musikstueck.ID \r\n        LEFT JOIN erprobt on erprobt.ID = satz.ErprobtID       \r\n        left JOIN satz_schwierigkeitsgrad on satz_schwierigkeitsgrad.SatzID = satz.ID \r\n        LEFT JOIN schwierigkeitsgrad on schwierigkeitsgrad.ID = satz_schwierigkeitsgrad.SchwierigkeitsgradID \r\n        LEFT JOIN instrument on instrument.ID = satz_schwierigkeitsgrad.InstrumentID \r\n        LEFT JOIN satz_lookup on satz_lookup.SatzID = satz.ID \r\n        LEFT JOIN v_satz_lookuptypes on v_satz_lookuptypes.SatzID = satz.ID\r\n        LEFT JOIN sammlung_lookup on sammlung_lookup.SammlungID = sammlung.ID       \r\n        LEFT JOIN v_sammlung_lookuptypes on v_sammlung_lookuptypes.SammlungID = sammlung.ID \r\n\r\n      WHERE 1=1 \r\n AND satz.ID IS NOT NULL \r\n AND satz_lookup.LookupID IN (36) -- Übung\r\n\r\n group by satz.ID\r\n ORDER BY sammlung.Name, musikstueck.Nummer, satz.Nr\r\n','satz',12),(37,'ZZZ - Prüfung Schwierigkeitsgrad: String Songs ','Prüfung OK','SELECT satz.ID\r\n            ,sammlung.Name as Sammlung\r\n            , musikstueck.Name as Musikstueck\r\n            , satz.Nr as SatzNr\r\n            , GROUP_CONCAT(DISTINCT besetzung.Name order by besetzung.Name SEPARATOR \', \') Besetzungen  \r\n            , GROUP_CONCAT(DISTINCT concat(instrument.Name, \': \', schwierigkeitsgrad.Name)  order by instrument.Name SEPARATOR \', \') `Schwierigkeitsgrade`                   \r\n                \r\n            \r\n      FROM sammlung \r\n        LEFT JOIN standort  on sammlung.StandortID = standort.ID    \r\n        LEFT JOIN verlag  on sammlung.VerlagID = verlag.ID\r\n        LEFT JOIN link  on sammlung.ID = link.SammlungID\r\n        LEFT JOIN linktype  on linktype.ID = link.LinktypeID\r\n        LEFT JOIN musikstueck on sammlung.ID = musikstueck.SammlungID \r\n        LEFT JOIN v_komponist komponist on komponist.ID = musikstueck.KomponistID\r\n        LEFT JOIN gattung on gattung.ID = musikstueck.GattungID  \r\n        LEFT JOIN epoche on epoche.ID = musikstueck.EpocheID              \r\n        LEFT JOIN musikstueck_besetzung on musikstueck.ID = musikstueck_besetzung.MusikstueckID\r\n        LEFT JOIN besetzung on musikstueck_besetzung.BesetzungID = besetzung.ID\r\n        LEFT JOIN musikstueck_verwendungszweck on musikstueck.ID = musikstueck_verwendungszweck.MusikstueckID \r\n        LEFT JOIN verwendungszweck on musikstueck_verwendungszweck.VerwendungszweckID=verwendungszweck.ID    \r\n        LEFT JOIN satz on satz.MusikstueckID = musikstueck.ID \r\n        LEFT JOIN erprobt on erprobt.ID = satz.ErprobtID       \r\n        left JOIN satz_schwierigkeitsgrad on satz_schwierigkeitsgrad.SatzID = satz.ID \r\n        LEFT JOIN schwierigkeitsgrad on schwierigkeitsgrad.ID = satz_schwierigkeitsgrad.SchwierigkeitsgradID \r\n        LEFT JOIN instrument on instrument.ID = satz_schwierigkeitsgrad.InstrumentID \r\n        LEFT JOIN satz_lookup on satz_lookup.SatzID = satz.ID \r\n        LEFT JOIN v_satz_lookuptypes on v_satz_lookuptypes.SatzID = satz.ID\r\n        LEFT JOIN sammlung_lookup on sammlung_lookup.SammlungID = sammlung.ID       \r\n        LEFT JOIN v_sammlung_lookuptypes on v_sammlung_lookuptypes.SammlungID = sammlung.ID \r\n\r\n      WHERE 1=1 \r\n AND satz.ID IS NOT NULL \r\nAND (sammlung.Name LIKE \'%String Songs%\'  )\r\n group by satz.ID\r\n ORDER BY sammlung.Name, musikstueck.Nummer, satz.Nr\r\n','satz',15),(38,'ZZZ - Prüfung Schwierigkeitsgrad: Tetratunes (für Viola): ','Prüfung OK ','SELECT satz.ID\r\n, sammlung.ID as SammlungID \r\n            ,sammlung.Name as Sammlung\r\n            , musikstueck.Name as Musikstueck\r\n            , satz.Nr as SatzNr\r\n            , GROUP_CONCAT(DISTINCT besetzung.Name order by besetzung.Name SEPARATOR \', \') Besetzungen  \r\n            , GROUP_CONCAT(DISTINCT concat(instrument.Name, \': \', schwierigkeitsgrad.Name)  order by instrument.Name SEPARATOR \', \') `Schwierigkeitsgrade`                   \r\n                \r\n            \r\n      FROM sammlung \r\n        LEFT JOIN standort  on sammlung.StandortID = standort.ID    \r\n        LEFT JOIN verlag  on sammlung.VerlagID = verlag.ID\r\n        LEFT JOIN link  on sammlung.ID = link.SammlungID\r\n        LEFT JOIN linktype  on linktype.ID = link.LinktypeID\r\n        LEFT JOIN musikstueck on sammlung.ID = musikstueck.SammlungID \r\n        LEFT JOIN v_komponist komponist on komponist.ID = musikstueck.KomponistID\r\n        LEFT JOIN gattung on gattung.ID = musikstueck.GattungID  \r\n        LEFT JOIN epoche on epoche.ID = musikstueck.EpocheID              \r\n        LEFT JOIN musikstueck_besetzung on musikstueck.ID = musikstueck_besetzung.MusikstueckID\r\n        LEFT JOIN besetzung on musikstueck_besetzung.BesetzungID = besetzung.ID\r\n        LEFT JOIN musikstueck_verwendungszweck on musikstueck.ID = musikstueck_verwendungszweck.MusikstueckID \r\n        LEFT JOIN verwendungszweck on musikstueck_verwendungszweck.VerwendungszweckID=verwendungszweck.ID    \r\n        LEFT JOIN satz on satz.MusikstueckID = musikstueck.ID \r\n        LEFT JOIN erprobt on erprobt.ID = satz.ErprobtID       \r\n        left JOIN satz_schwierigkeitsgrad on satz_schwierigkeitsgrad.SatzID = satz.ID \r\n        LEFT JOIN schwierigkeitsgrad on schwierigkeitsgrad.ID = satz_schwierigkeitsgrad.SchwierigkeitsgradID \r\n        LEFT JOIN instrument on instrument.ID = satz_schwierigkeitsgrad.InstrumentID \r\n        LEFT JOIN satz_lookup on satz_lookup.SatzID = satz.ID \r\n        LEFT JOIN v_satz_lookuptypes on v_satz_lookuptypes.SatzID = satz.ID\r\n        LEFT JOIN sammlung_lookup on sammlung_lookup.SammlungID = sammlung.ID       \r\n        LEFT JOIN v_sammlung_lookuptypes on v_sammlung_lookuptypes.SammlungID = sammlung.ID \r\n\r\n      WHERE 1=1 \r\n AND satz.ID IS NOT NULL \r\nAND (sammlung.Name LIKE \'%Tetratunes (für Viola)%\'  )\r\n group by satz.ID\r\n ORDER BY sammlung.Name, musikstueck.Nummer, satz.Nr\r\n','satz',15),(40,'Nachbearbeitung: Schwierigkeitsgrad: \"(Instrument unbestimmt)\" ','Wir haben den Schwierigkeitsgrad erfasst, aber aber welches \"Instrument\" war der gedacht? \r\n------------------------\r\n* Anzeige-Ebene: Satz\r\n* Schwierigkeitsgrad Instrument(e): (Instrument unbestimmt)\r\n\r\n','SELECT satz.ID\r\n, sammlung.StandortID \r\n, standort.Name as Standort\r\n, sammlung.ID as SammlungID \r\n            ,sammlung.Name as Sammlung\r\n            , musikstueck.Nummer as MNr\r\n            , musikstueck.Name as Musikstueck\r\n            , satz.Nr as SatzNr\r\n            , GROUP_CONCAT(DISTINCT besetzung.Name order by besetzung.Name SEPARATOR \', \') Besetzungen                \r\n            , GROUP_CONCAT(DISTINCT concat(instrument.Name, \': \', schwierigkeitsgrad.Name)  order by schwierigkeitsgrad.Name SEPARATOR \', \') `Schwierigkeitsgrade`                                \r\n            \r\n      FROM sammlung \r\n        LEFT JOIN standort  on sammlung.StandortID = standort.ID    \r\n        LEFT JOIN verlag  on sammlung.VerlagID = verlag.ID\r\n        LEFT JOIN link  on sammlung.ID = link.SammlungID\r\n        LEFT JOIN linktype  on linktype.ID = link.LinktypeID\r\n        LEFT JOIN musikstueck on sammlung.ID = musikstueck.SammlungID \r\n        LEFT JOIN v_komponist komponist on komponist.ID = musikstueck.KomponistID\r\n        LEFT JOIN gattung on gattung.ID = musikstueck.GattungID  \r\n        LEFT JOIN epoche on epoche.ID = musikstueck.EpocheID              \r\n        LEFT JOIN musikstueck_besetzung on musikstueck.ID = musikstueck_besetzung.MusikstueckID\r\n        LEFT JOIN besetzung on musikstueck_besetzung.BesetzungID = besetzung.ID\r\n        LEFT JOIN musikstueck_verwendungszweck on musikstueck.ID = musikstueck_verwendungszweck.MusikstueckID \r\n        LEFT JOIN verwendungszweck on musikstueck_verwendungszweck.VerwendungszweckID=verwendungszweck.ID    \r\n        LEFT JOIN satz on satz.MusikstueckID = musikstueck.ID \r\n        LEFT JOIN erprobt on erprobt.ID = satz.ErprobtID       \r\n        left JOIN satz_schwierigkeitsgrad on satz_schwierigkeitsgrad.SatzID = satz.ID \r\n        LEFT JOIN schwierigkeitsgrad on schwierigkeitsgrad.ID = satz_schwierigkeitsgrad.SchwierigkeitsgradID \r\n        LEFT JOIN instrument on instrument.ID = satz_schwierigkeitsgrad.InstrumentID \r\n        LEFT JOIN satz_lookup on satz_lookup.SatzID = satz.ID \r\n        LEFT JOIN v_satz_lookuptypes on v_satz_lookuptypes.SatzID = satz.ID\r\n        LEFT JOIN sammlung_lookup on sammlung_lookup.SammlungID = sammlung.ID       \r\n        LEFT JOIN v_sammlung_lookuptypes on v_sammlung_lookuptypes.SammlungID = sammlung.ID \r\n\r\n      WHERE 1=1 \r\n AND satz.ID IS NOT NULL \r\n AND satz_schwierigkeitsgrad.InstrumentID IN (1)\r\n group by satz.ID\r\n ORDER BY standort.ID, sammlung.ID DESC, musikstueck.Nummer, satz.Nr\r\n','satz',15),(42,'Test Erprobt / AufführungsJahr (mit Susi) ','Gegenüberstellung bisherige / neue Erfassung. \r\nUnklar: Jahr = XXX, Erprobt = nein\r\n(wirklich nicht erprobt? wenn ja, muss XXX im Feld \"Bemerkung\" gelöscht werden) ','select satz.ID \r\n, standort.Name as Standort \r\n, sammlung.ID as SammlungID \r\n, sammlung.Name as Sammlung \r\n, musikstueck.Name as Musikstueck \r\n, musikstueck.JahrAuffuehrung \r\n, erprobt.Name as Erprobt \r\n, satz_erprobt.Jahr\r\n, satz_erprobt.Bemerkung \r\n, satz_erprobt.ErprobtID\r\n, satz.ErprobtID as ErprobtID_alt \r\nfrom sammlung \r\ninner join standort on standort.ID = sammlung.StandortID \r\ninner join musikstueck on musikstueck.SammlungID = sammlung.ID \r\ninner join satz on satz.MusikstueckID = musikstueck.ID \r\nleft join satz_erprobt on satz_erprobt.SatzID = satz.ID\r\nleft join erprobt on erprobt.ID = satz_erprobt.ErprobtID  \r\n\r\nwhere coalesce(musikstueck.JahrAuffuehrung,\'\') <> \'\'\r\nand satz_erprobt.Bemerkung LIKE \'%XXX%\'\r\nand satz_erprobt.ErprobtID=5\r\n\r\norder by standort.ID, sammlung.ID ','satz',12),(43,'Test Schwierigkeitsgrad 2 - Besetzung fehlt in Schwierigkeitsgrad (mit Susi) ','Test 1: \"Orchester\" fehlt (\"Orch\") ','select musikstueck.ID \r\n, standort.Name as Standort \r\n, sammlung.ID as SammlungID \r\n, sammlung.Name as Sammlung \r\n, musikstueck.Name as Musikstueck\r\n, besetzung.Name as Besetzung  \r\n, instrumente.InstrumentList\r\nfrom sammlung \r\ninner join standort on standort.ID = sammlung.StandortID \r\ninner join musikstueck on musikstueck.SammlungID = sammlung.ID \r\ninner join satz on satz.MusikstueckID = musikstueck.ID \r\nleft join musikstueck_besetzung on musikstueck_besetzung.MusikstueckID = musikstueck.ID \r\nleft join besetzung on besetzung.ID = musikstueck_besetzung.BesetzungID \r\nleft join satz_schwierigkeitsgrad on satz_schwierigkeitsgrad.SatzID = satz.ID\r\nleft join instrument on instrument.ID = satz_schwierigkeitsgrad.InstrumentID \r\nleft join (\r\nselect satz_schwierigkeitsgrad.SatzID \r\n        , GROUP_CONCAT(DISTINCT instrument.Name  order by instrument.Name SEPARATOR \', \') InstrumentList          \r\nfrom satz_schwierigkeitsgrad \r\n        left join instrument on instrument.ID = satz_schwierigkeitsgrad.InstrumentID \r\ngroup by satz_schwierigkeitsgrad.SatzID\r\n) instrumente on satz.ID = instrumente.SatzID \r\nwhere satz_schwierigkeitsgrad.InstrumentID NOT IN (1)\r\nand besetzung.Name LIKE \'%Orch%\'\r\nand instrumente.InstrumentList not LIKE \'%Orch%\'\r\norder by standort.ID, sammlung.ID ','musikstueck',12),(44,'Test: Orchesterbesetzung fehlt (Susi) ','Durchgang 1: in Standort-Name kommt \"*Orchester*\" vor, das Feld \"Orchesterbesetzung\" ist jedoch leer.  ','select satz.ID \r\n, standort.Name as Standort \r\n, sammlung.ID as SammlungID \r\n, sammlung.Name as Sammlung \r\n, musikstueck.Name as Musikstueck\r\n, besetzung.Name as Besetzung  \r\nfrom sammlung \r\ninner join standort on standort.ID = sammlung.StandortID \r\ninner join musikstueck on musikstueck.SammlungID = sammlung.ID \r\ninner join satz on satz.MusikstueckID = musikstueck.ID \r\nleft join musikstueck_besetzung on musikstueck_besetzung.MusikstueckID = musikstueck.ID \r\nleft join besetzung on besetzung.ID = musikstueck_besetzung.BesetzungID \r\nWHERE 1=1 \r\n-- AND besetzung.Name LIKE \'%Orch%\'\r\nand standort.Name like \'%Orch%\'\r\nand coalesce(satz.Orchesterbesetzung,\'\')=\'\'\r\n\r\norder by standort.ID, sammlung.ID ','satz',12),(45,'Sammlung: Angaben zum Aufführungsmaterial als Besonderheit anlegen','* Anzeige-Ebene: Sammlung\r\n* Suchtext: Aufführungsmaterial\r\n','SELECT sammlung.ID\r\n            ,sammlung.Name as Sammlung\r\n            , standort.Name as Standort\r\n            , verlag.Name as Verlag\r\n            , sammlung.Bemerkung \r\n            , GROUP_CONCAT(DISTINCT musikstueck.Nummer order by musikstueck.Nummer SEPARATOR \', \') Musikstuecke\r\n            , v_sammlung_lookuptypes.LookupList as Besonderheiten   \r\n            , GROUP_CONCAT(DISTINCT linktype.Name order by linktype.Name SEPARATOR \', \') Links                             \r\n            , sammlung.Bestellnummer \r\n            \r\n      FROM sammlung \r\n        LEFT JOIN standort  on sammlung.StandortID = standort.ID    \r\n        LEFT JOIN verlag  on sammlung.VerlagID = verlag.ID\r\n        LEFT JOIN link  on sammlung.ID = link.SammlungID\r\n        LEFT JOIN linktype  on linktype.ID = link.LinktypeID\r\n        LEFT JOIN musikstueck on sammlung.ID = musikstueck.SammlungID \r\n        LEFT JOIN v_komponist komponist on komponist.ID = musikstueck.KomponistID\r\n        LEFT JOIN gattung on gattung.ID = musikstueck.GattungID  \r\n        LEFT JOIN epoche on epoche.ID = musikstueck.EpocheID              \r\n        LEFT JOIN musikstueck_besetzung on musikstueck.ID = musikstueck_besetzung.MusikstueckID\r\n        LEFT JOIN besetzung on musikstueck_besetzung.BesetzungID = besetzung.ID\r\n        LEFT JOIN musikstueck_verwendungszweck on musikstueck.ID = musikstueck_verwendungszweck.MusikstueckID \r\n        LEFT JOIN verwendungszweck on musikstueck_verwendungszweck.VerwendungszweckID=verwendungszweck.ID    \r\n        LEFT JOIN satz on satz.MusikstueckID = musikstueck.ID \r\n        LEFT JOIN satz_erprobt on satz.ID = satz_erprobt.SatzID \r\n        LEFT JOIN erprobt on erprobt.ID = satz_erprobt.ErprobtID  \r\n        left JOIN satz_schwierigkeitsgrad on satz_schwierigkeitsgrad.SatzID = satz.ID \r\n        LEFT JOIN schwierigkeitsgrad on schwierigkeitsgrad.ID = satz_schwierigkeitsgrad.SchwierigkeitsgradID \r\n        LEFT JOIN instrument on instrument.ID = satz_schwierigkeitsgrad.InstrumentID \r\n        LEFT JOIN satz_lookup on satz_lookup.SatzID = satz.ID \r\n        LEFT JOIN v_satz_lookuptypes on v_satz_lookuptypes.SatzID = satz.ID\r\n        LEFT JOIN sammlung_lookup on sammlung_lookup.SammlungID = sammlung.ID       \r\n        LEFT JOIN v_sammlung_lookuptypes on v_sammlung_lookuptypes.SammlungID = sammlung.ID \r\n\r\n      WHERE 1=1 \r\nAND (sammlung.Name LIKE \'%Aufführungsmaterial%\' OR  \r\n                            sammlung.Bemerkung LIKE \'%Aufführungsmaterial%\' OR \r\n                            sammlung.Bestellnummer LIKE \'%Aufführungsmaterial%\' OR\r\n                            musikstueck.Name LIKE \'%Aufführungsmaterial%\' OR                              \r\n                            musikstueck.Opus LIKE \'%Aufführungsmaterial%\' OR\r\n                            musikstueck.Bearbeiter LIKE \'%Aufführungsmaterial%\' OR\r\n                            satz.Name LIKE \'%Aufführungsmaterial%\' OR\r\n                            satz.Taktart LIKE \'%Aufführungsmaterial%\' OR\r\n                            satz.Tonart LIKE \'%Aufführungsmaterial%\' OR\r\n                            satz.Tempobezeichnung LIKE \'%Aufführungsmaterial%\' OR\r\n                            satz.Bemerkung LIKE \'%Aufführungsmaterial%\' OR \r\n                            satz.Orchesterbesetzung LIKE \'%Aufführungsmaterial%\' OR\r\n  	                        verlag.Name LIKE \'%Aufführungsmaterial%\' OR\r\n                            standort.Name LIKE \'%Aufführungsmaterial%\' OR  \r\n                            komponist.Name LIKE \'%Aufführungsmaterial%\' OR \r\n                            gattung.Name LIKE \'%Aufführungsmaterial%\' OR \r\n                            epoche.Name LIKE \'%Aufführungsmaterial%\' OR  \r\n                            besetzung.Name LIKE \'%Aufführungsmaterial%\' OR \r\n                            verwendungszweck.Name LIKE \'%Aufführungsmaterial%\' OR \r\n                            v_satz_lookuptypes.LookupList LIKE \'%Aufführungsmaterial%\'                         \r\n                            )\r\n group by sammlung.ID\r\n ORDER BY sammlung.Name\r\n','sammlung',12),(46,'Sammlung: Bemerkung zu Partitur (zu Sammlung - Besonderheiten übernehmen?)  (mit Susi) ','* Anzeige-Ebene: Sammlung\r\n* Suchtext: Partitur\r\n','SELECT sammlung.ID\r\n            ,sammlung.Name as Sammlung\r\n            , standort.Name as Standort\r\n            , verlag.Name as Verlag\r\n            , sammlung.Bemerkung \r\n            , GROUP_CONCAT(DISTINCT musikstueck.Nummer order by musikstueck.Nummer SEPARATOR \', \') Musikstuecke\r\n            , v_sammlung_lookuptypes.LookupList as Besonderheiten   \r\n            , GROUP_CONCAT(DISTINCT linktype.Name order by linktype.Name SEPARATOR \', \') Links                             \r\n            , sammlung.Bestellnummer \r\n            \r\n      FROM sammlung \r\n        LEFT JOIN standort  on sammlung.StandortID = standort.ID    \r\n        LEFT JOIN verlag  on sammlung.VerlagID = verlag.ID\r\n        LEFT JOIN link  on sammlung.ID = link.SammlungID\r\n        LEFT JOIN linktype  on linktype.ID = link.LinktypeID\r\n        LEFT JOIN musikstueck on sammlung.ID = musikstueck.SammlungID \r\n        LEFT JOIN v_komponist komponist on komponist.ID = musikstueck.KomponistID\r\n        LEFT JOIN gattung on gattung.ID = musikstueck.GattungID  \r\n        LEFT JOIN epoche on epoche.ID = musikstueck.EpocheID              \r\n        LEFT JOIN musikstueck_besetzung on musikstueck.ID = musikstueck_besetzung.MusikstueckID\r\n        LEFT JOIN besetzung on musikstueck_besetzung.BesetzungID = besetzung.ID\r\n        LEFT JOIN musikstueck_verwendungszweck on musikstueck.ID = musikstueck_verwendungszweck.MusikstueckID \r\n        LEFT JOIN verwendungszweck on musikstueck_verwendungszweck.VerwendungszweckID=verwendungszweck.ID    \r\n        LEFT JOIN satz on satz.MusikstueckID = musikstueck.ID \r\n        LEFT JOIN satz_erprobt on satz.ID = satz_erprobt.SatzID \r\n        LEFT JOIN erprobt on erprobt.ID = satz_erprobt.ErprobtID  \r\n        left JOIN satz_schwierigkeitsgrad on satz_schwierigkeitsgrad.SatzID = satz.ID \r\n        LEFT JOIN schwierigkeitsgrad on schwierigkeitsgrad.ID = satz_schwierigkeitsgrad.SchwierigkeitsgradID \r\n        LEFT JOIN instrument on instrument.ID = satz_schwierigkeitsgrad.InstrumentID \r\n        LEFT JOIN satz_lookup on satz_lookup.SatzID = satz.ID \r\n        LEFT JOIN v_satz_lookuptypes on v_satz_lookuptypes.SatzID = satz.ID\r\n        LEFT JOIN sammlung_lookup on sammlung_lookup.SammlungID = sammlung.ID       \r\n        LEFT JOIN v_sammlung_lookuptypes on v_sammlung_lookuptypes.SammlungID = sammlung.ID \r\n\r\n      WHERE 1=1 \r\nAND (sammlung.Name LIKE \'%Partitur%\' OR  \r\n                            sammlung.Bemerkung LIKE \'%Partitur%\'\r\n\r\n                            \r\n                            )\r\n group by sammlung.ID\r\n ORDER BY sammlung.Name\r\n','sammlung',12),(47,'Besetzung Violine und Klavier, aber Schwierigkeitsgrad ohne Klavier','XXX ','select standort.Name as Standort\r\n    , s.Name as Sammlung\r\n        , m.Name as Musikstueck\r\n        , sa.Nr \r\n        , sa.Name as Satz_Name \r\n        , GROUP_CONCAT(DISTINCT besetzung.Name order by besetzung.Name SEPARATOR \', \') Besetzungen     \r\n       , v_satz_instrumente.InstrumentList \r\n       , sa.ID                    \r\n    from musikstueck m \r\n    inner join musikstueck_besetzung on musikstueck_besetzung.MusikstueckID = m.ID \r\n    inner join besetzung on besetzung.ID = musikstueck_besetzung.BesetzungID \r\n    inner join  sammlung s on s.ID = m.SammlungID\r\n    inner join standort on standort.ID = s.StandortID  \r\n    inner join satz sa on sa.MusikstueckID = m.ID \r\ninner join v_satz_instrumente on v_satz_instrumente.SatzID = sa.ID \r\n    left join satz_schwierigkeitsgrad on satz_schwierigkeitsgrad.SatzID = sa.ID \r\n      and satz_schwierigkeitsgrad.InstrumentID=5 \r\n    left join instrument on instrument.ID =  satz_schwierigkeitsgrad.InstrumentID\r\nwhere musikstueck_besetzung.BesetzungID = 1 -- Violine und Klavier\r\nANd satz_schwierigkeitsgrad.ID is NULL\r\ngroup by m.ID, sa.ID \r\norder by s.StandortID, s.ID, m.ID DESC','satz',12);
/*!40000 ALTER TABLE `abfrage` ENABLE KEYS */;
UNLOCK TABLES;

--
-- Table structure for table `abfragetyp`
--

DROP TABLE IF EXISTS `abfragetyp`;
/*!40101 SET @saved_cs_client     = @@character_set_client */;
/*!40101 SET character_set_client = utf8 */;
CREATE TABLE `abfragetyp` (
  `ID` tinyint(4) NOT NULL AUTO_INCREMENT,
  `Name` varchar(100) NOT NULL,
  PRIMARY KEY (`ID`)
) ENGINE=InnoDB AUTO_INCREMENT=16 DEFAULT CHARSET=utf8;
/*!40101 SET character_set_client = @saved_cs_client */;

--
-- Dumping data for table `abfragetyp`
--

LOCK TABLES `abfragetyp` WRITE;
/*!40000 ALTER TABLE `abfragetyp` DISABLE KEYS */;
INSERT INTO `abfragetyp` VALUES (9,'Vordefinierte Tests'),(10,'Suche'),(11,'Test'),(12,'Nachbearbeitung'),(13,'Z Tests Erledigt'),(14,'Info'),(15,'Z Nachbearbeitung Erledigt ');
/*!40000 ALTER TABLE `abfragetyp` ENABLE KEYS */;
UNLOCK TABLES;

--
-- Table structure for table `auto_update`
--

DROP TABLE IF EXISTS `auto_update`;
/*!40101 SET @saved_cs_client     = @@character_set_client */;
/*!40101 SET character_set_client = utf8 */;
CREATE TABLE `auto_update` (
  `ID` int(11) NOT NULL AUTO_INCREMENT,
  `ref_colname` varchar(100) DEFAULT NULL,
  `ref_ID` int(11) DEFAULT NULL,
  `upd_colname` varchar(100) DEFAULT NULL,
  `upd_ID` int(11) DEFAULT NULL,
  PRIMARY KEY (`ID`),
  UNIQUE KEY `uc_auto_update` (`ref_colname`,`ref_ID`,`upd_colname`,`upd_ID`)
) ENGINE=InnoDB AUTO_INCREMENT=10 DEFAULT CHARSET=utf8;
/*!40101 SET character_set_client = @saved_cs_client */;

--
-- Dumping data for table `auto_update`
--

LOCK TABLES `auto_update` WRITE;
/*!40000 ALTER TABLE `auto_update` DISABLE KEYS */;
INSERT INTO `auto_update` VALUES (6,'SammlungID',6,'BesetzungID',1),(7,'SammlungID',6,'VerwendungszweckID',34),(8,'SammlungID',6,'VerwendungszweckID',35),(9,'SammlungID',11,'ErprobtID',5),(1,'StandortID',24,'BesetzungID',1),(2,'StandortID',24,'VerwendungszweckID',34),(3,'StandortID',24,'VerwendungszweckID',35);
/*!40000 ALTER TABLE `auto_update` ENABLE KEYS */;
UNLOCK TABLES;

--
-- Table structure for table `besetzung`
--

DROP TABLE IF EXISTS `besetzung`;
/*!40101 SET @saved_cs_client     = @@character_set_client */;
/*!40101 SET character_set_client = utf8 */;
CREATE TABLE `besetzung` (
  `ID` int(11) unsigned NOT NULL AUTO_INCREMENT,
  `Name` varchar(100) NOT NULL,
  PRIMARY KEY (`ID`)
) ENGINE=InnoDB AUTO_INCREMENT=133 DEFAULT CHARSET=utf8;
/*!40101 SET character_set_client = @saved_cs_client */;

--
-- Dumping data for table `besetzung`
--

LOCK TABLES `besetzung` WRITE;
/*!40000 ALTER TABLE `besetzung` DISABLE KEYS */;
INSERT INTO `besetzung` VALUES (1,'Violine und Klavier'),(2,'Violine'),(3,'Streichquartett'),(4,'Streichorchester'),(5,'Streichorchester: 3 Violinen, 2 Viola, 2 Celli, Bass'),(7,'Sinfonieorchester'),(8,'Sinfonieorchester flexibel'),(9,'Chor SATB Sinfonieorchester flexibel'),(16,'3 Violinen, Viola, Bass'),(17,'2 Violinen, 2 Viola, Bass'),(18,'4 Violinen, Viola, Bass'),(19,'Blockflötenensemble'),(23,'Kammerorchester, Klavier, Bläser ad libitum'),(24,'Kammerorchester, Klavier'),(25,'Chor SATB Sinfonieorchester'),(27,'Blasorchester'),(28,'Beuchofon-Ensemble'),(29,'Sinfonieorchester - First Philharmonic Series'),(30,'The Highland/Etling Full Orchestra'),(31,'Streicher ohne Viola, Schlagwerk, Bockflöten ad.lib., Trompete'),(32,'2 Solos, Gitarre, Blockflötenquartett, Mallets, Sinfonieorchester'),(33,'Chor S A Bariton Sinfonieorchester'),(34,'Sinfonieorchester mit Soli'),(35,'Gitarre, Blockflötenquartett, Mallets, Sinfonieorchester'),(36,'Flexibles Ensemble mit Klavier'),(37,'Klaviertrio (Violine, Violoncello, Klavier)'),(38,'Sinfonieorchester mit reduzierter Bläserbesetzung'),(39,'Sinfonieorchester mit optionalem Piano'),(40,'Sinfonieorchester mit Solovioline'),(41,'Sinfonieorchester mit Solotrompete'),(42,'Streichorchester, 2 Flöten, Violoncello (Fagott) und basso continuo'),(43,'Streichorchester und Solomarimba'),(44,'Streichorchester mit Basso continuo und Solocello'),(45,'Sinfonieorchester mit reduzierter Bläserbesetzung mit Solocello'),(46,'Streichorchester mit Basso continuo und Solotrompete'),(47,'Sinfonieorchester mit reduzierter Bläserbesetzung mit Soloklavier'),(48,'Gitarre, Streicher und Basso continuo'),(49,'Sinfonieorchester - für MSWE angepasst (+ Gitarre, E-Bass und Gesang)'),(50,'Streichorchester mit Solokontrabass'),(51,'Sinfonieorchester mit reduzierter Bläserbesetzung und zwei Soloklarinetten'),(52,'Streichorchester mit Basso continuo und Soloquerflöte oder Soloblockflöte?'),(53,'Streichorchester mit Solovioline/Solocello'),(54,'Sinfonieorchester mit Solovioline/Solocello'),(55,'Streichorchester und 2 Hörner ad. lib und Soloklarinette '),(56,'Streichorchester mit Flöten und Hörnern und Soloklarinette'),(57,'Streichorchester mit Soloklarinette'),(58,'Streichorchester mit Basso continuo und 2 Solocelli'),(59,'Streichorchester mit Basso continuo, Solooboe und Solofagott'),(60,'Streichorchester mit Fagott, Basso continuo und 2 Soloquerflöten'),(61,'Streichorchester mit Basso continuo und 2 Soloquerflöten'),(62,'Sinfonieorchester mit reduzierter Bläserbesetzung und 4 Soloklarinetten'),(63,'Streichorchester mit Basso continuo und Solo-Sopranblockflöte'),(64,'Sopraninoblockflöte, 2 Violinen und Basso continuo'),(65,'Sinfonieorchester mit reduzierter Bläserbesetzung mit Solohorn'),(66,'Streichquartett und Englisch Horn oder Alt-Saxophon in Es'),(67,'Streichorchester und Englisch Horn oder Alt-Saxophon in Es'),(68,'Streichorchester mit Basso continuo und 2 Soloklarinetten (Chalumeaux) '),(69,'Streichorchester mit Basso continuo und Sopran'),(70,'Streichorchester mit Flöte, Oboe, Fagott und Sopran'),(72,'Streichorchester mit Solovioline'),(73,'Streichorchester mit Basso continuo und Solovioline'),(74,'Streichorchester mit Basso continuo, 2 Soloviolinen und Solocello'),(76,'Streichorchester mit Basso continuo und 2 Soloviolinen'),(77,'4 Violinen, Viola, Violoncello und Basso continuo'),(78,'4 Violinen, 2 Violen, Violoncello und Basso continuo'),(79,'Streichorchester mit Basso continuo und Soloquerflöte'),(80,'Streichorchester mit Basso continuo'),(81,'Streichorchester mit Klavier'),(82,'Streichorchester mit Klavier und Percussion (Suspended Cymbal)'),(84,'Streichorchester mit Basso continuo, 2 Oboen und 2 Hörnern '),(85,'Streichorchester mit Basso continuo, 2 Oboen und Fagott'),(86,'Streichorchester mit Basso continuo, 2 Flöten und Fagott '),(87,'Streichorchester mit Klavier und Schlagzeug'),(88,'Streichorchester mit Basso continuo, Oboen, Trompeten, Fagotte und Pauke'),(92,'Streichorchester mit Basso continuo und Oboe'),(93,'Streichorchester mit Basso continuo, kleine Flöten, Oboen und Fagotte'),(94,'Streichorchester mit Basso continuo, Oboen und Sackpfeife (Musettes)'),(95,'Streichorchester mit Basso continuo, Flöten, Oboen, Fagott und Trompeten'),(96,'Violinen, Viole da Gamba, Blockflöten, Fagotte, Cornetti, Posaunen (flexibel?)'),(97,'Streichquintett'),(98,'Sinfonieorchester mit Saxophonen, Blockflöte, Gitarre und Klavier'),(99,'Flexibles Ensemble mit Gitarre (ohne Klavier)'),(100,'4 Querflöten und Basso Continuo'),(101,'Streichorchester mit Basso Continuo und Tenor'),(102,'Sopran, Echo-Sopran, Oboe und Basso continuo'),(103,'Streichorchester ohne Viola mit Basso Continuo mit Sopran'),(104,'2 Violinen und Klavier'),(105,'Ensemble 4-stimmig (Chorsatz)'),(106,'Streichquartett und Klavier'),(107,'Kammerorchester'),(108,'Flexibles Streichorchester mit Klavier'),(109,'Flexibles Streichorchester'),(110,'Streichorchester mit Basso continuo, 2 Soloblockflöten und Solovioline'),(111,'Streichorchester mit Basso continuo, 2 Oboen (Fagott ad. lib.) und Soloorgel / Solocembalo'),(112,'Sinfonieorchester und Gesang'),(113,'Blechbläser'),(114,'Sinfonieorchester und Soloklavier'),(115,'Streichorchester mit optionalem Klavier und Kb'),(116,'Klavier'),(118,'Streichorchester ohne Viola mit Soloklavier'),(119,'Streichorchester mit Soloklavier'),(121,'Sinfonieorchester mit reduzierter Bläserbesetzung (Bläser ad lib.) mit Soloklavier'),(122,'Streichquartett mit Soloklavier'),(123,'2 Violinen'),(124,'5 Violinen'),(125,'Violin-Ensemble und Klavier'),(126,'3 Violinen'),(128,'Streichorchester ohne Kontrabass mit Klavier'),(129,'3 Violinen und Klavier'),(130,'Viola und Klavier'),(131,'Streichorchester mit Violen und Celli mit Klavier'),(132,'(unbekannt) ');
/*!40000 ALTER TABLE `besetzung` ENABLE KEYS */;
UNLOCK TABLES;

--
-- Table structure for table `epoche`
--

DROP TABLE IF EXISTS `epoche`;
/*!40101 SET @saved_cs_client     = @@character_set_client */;
/*!40101 SET character_set_client = utf8 */;
CREATE TABLE `epoche` (
  `ID` int(10) unsigned NOT NULL AUTO_INCREMENT,
  `Name` varchar(100) NOT NULL,
  PRIMARY KEY (`ID`)
) ENGINE=InnoDB AUTO_INCREMENT=17 DEFAULT CHARSET=utf8;
/*!40101 SET character_set_client = @saved_cs_client */;

--
-- Dumping data for table `epoche`
--

LOCK TABLES `epoche` WRITE;
/*!40000 ALTER TABLE `epoche` DISABLE KEYS */;
INSERT INTO `epoche` VALUES (1,'Klassik'),(2,'Romantik'),(3,'Barock'),(4,'Frühbarock'),(5,'Klassik / Romantik'),(6,'(nicht relevant)'),(7,'(Modern)'),(8,'Renaissance'),(9,'zeitgenössich'),(10,'Spätromantik'),(11,'Beuchige Epoche'),(12,'Mittelalter'),(13,'Moderne'),(14,'Moderne, Im Alten Stil'),(15,'Frühklassik, Mannheimer Schule'),(16,'Frühklassik');
/*!40000 ALTER TABLE `epoche` ENABLE KEYS */;
UNLOCK TABLES;

--
-- Table structure for table `erprobt`
--

DROP TABLE IF EXISTS `erprobt`;
/*!40101 SET @saved_cs_client     = @@character_set_client */;
/*!40101 SET character_set_client = utf8 */;
CREATE TABLE `erprobt` (
  `ID` int(11) NOT NULL AUTO_INCREMENT,
  `Name` varchar(100) NOT NULL,
  PRIMARY KEY (`ID`)
) ENGINE=InnoDB AUTO_INCREMENT=22 DEFAULT CHARSET=utf8;
/*!40101 SET character_set_client = @saved_cs_client */;

--
-- Dumping data for table `erprobt`
--

LOCK TABLES `erprobt` WRITE;
/*!40000 ALTER TABLE `erprobt` DISABLE KEYS */;
INSERT INTO `erprobt` VALUES (1,'ja, gut'),(2,'ja, sehr gut'),(5,'nein'),(8,'XXX'),(16,'ja, mittel'),(17,'ja, heikel'),(18,'ja, aber unklar'),(19,'unklar'),(20,'ja, gut (Profis)'),(21,'PiPo');
/*!40000 ALTER TABLE `erprobt` ENABLE KEYS */;
UNLOCK TABLES;

--
-- Table structure for table `gattung`
--

DROP TABLE IF EXISTS `gattung`;
/*!40101 SET @saved_cs_client     = @@character_set_client */;
/*!40101 SET character_set_client = utf8 */;
CREATE TABLE `gattung` (
  `ID` int(10) unsigned NOT NULL AUTO_INCREMENT,
  `Name` varchar(100) NOT NULL,
  PRIMARY KEY (`ID`)
) ENGINE=InnoDB AUTO_INCREMENT=84 DEFAULT CHARSET=utf8;
/*!40101 SET character_set_client = @saved_cs_client */;

--
-- Dumping data for table `gattung`
--

LOCK TABLES `gattung` WRITE;
/*!40000 ALTER TABLE `gattung` DISABLE KEYS */;
INSERT INTO `gattung` VALUES (1,'Vortragsstück'),(2,'Liedbearbeitung'),(3,'Tanzsatz'),(4,'Marsch'),(5,'Tafelmusik'),(6,'Choralbearbeitung'),(7,'Folklore, karibische'),(8,'Orgelimprovisationsbearbeitung'),(9,'Jazz'),(10,'Konzertstück'),(11,'Orchestermusik'),(12,'Einleitungssatz'),(13,'Suite'),(14,'Sonatensatz'),(15,'Sonatine'),(16,'Filmmusik'),(17,'Symphonische Musik'),(18,'Chormusik mit Orchester'),(19,'Programmmusik'),(20,'Symphonische Musik mit Chor'),(21,'Beuchofon-Musik'),(23,'Sinfonie'),(24,'Suiten-Satz'),(25,'Motette'),(34,'(nicht benannt) '),(35,'Oper'),(36,'Oratorium'),(37,'xxx'),(38,'Ballettmusik'),(39,'Musical'),(40,'Pop'),(41,'Klaviertrio'),(42,'Swing'),(43,'Irish Dance Show (Riverdance)'),(44,'Latainamerikanische sinfonische Musik'),(45,'Unterhaltungsmusik'),(46,'Solokonzert'),(47,'Concerto grosso'),(48,'Milonga'),(49,'Concertino'),(50,'Kantate'),(51,'Symphonisches Gedicht'),(52,'Liederzyklus'),(53,'Instrumentalfantasie'),(54,'Serenade'),(55,'Tanzfolge'),(56,'Choralvorspiel'),(57,'Ricercare'),(58,'Konzertouvertüre'),(59,'Schauspielmusik'),(60,'Polka'),(61,'Concerto'),(62,'Choral'),(63,'Walzer'),(64,'Z löschen Polka'),(65,'Kanon'),(66,'Impromptu'),(67,'Bühnenmusik'),(68,'Symphonische Tänze'),(69,'Klavierauszug'),(70,'Symphonische Dichtung'),(71,'Bagatelle'),(72,'Volkslied'),(73,'Weihnachtslied'),(74,'Gospel'),(75,'Country- and Western'),(76,'Kinderlied'),(78,'Musicalfilm'),(79,'Jig'),(80,'Spiritual'),(81,'Lateinamerikanischer Tanz'),(82,'Rondo');
/*!40000 ALTER TABLE `gattung` ENABLE KEYS */;
UNLOCK TABLES;

--
-- Table structure for table `instrument`
--

DROP TABLE IF EXISTS `instrument`;
/*!40101 SET @saved_cs_client     = @@character_set_client */;
/*!40101 SET character_set_client = utf8 */;
CREATE TABLE `instrument` (
  `ID` int(11) NOT NULL AUTO_INCREMENT,
  `Name` varchar(100) NOT NULL,
  PRIMARY KEY (`ID`)
) ENGINE=InnoDB AUTO_INCREMENT=19 DEFAULT CHARSET=utf8;
/*!40101 SET character_set_client = @saved_cs_client */;

--
-- Dumping data for table `instrument`
--

LOCK TABLES `instrument` WRITE;
/*!40000 ALTER TABLE `instrument` DISABLE KEYS */;
INSERT INTO `instrument` VALUES (1,'(Instrument unbestimmt)'),(2,'Orchester'),(3,'Solovioline'),(4,'Z-Solo-Beuchofon'),(5,'Klavier'),(6,'Orgel'),(7,'Gesang'),(8,'Blechbläser'),(9,'Cembalo'),(10,'Melodieinstrument Solo'),(12,'Violine 1'),(13,'Violine 2'),(14,'Violine 3'),(15,'Violine 4'),(16,'Violine 5'),(17,'Viola'),(18,'Ensemble Gesamt');
/*!40000 ALTER TABLE `instrument` ENABLE KEYS */;
UNLOCK TABLES;

--
-- Table structure for table `komponist`
--

DROP TABLE IF EXISTS `komponist`;
/*!40101 SET @saved_cs_client     = @@character_set_client */;
/*!40101 SET character_set_client = utf8 */;
CREATE TABLE `komponist` (
  `ID` int(10) unsigned NOT NULL AUTO_INCREMENT,
  `Nachname` varchar(100) DEFAULT NULL,
  `Vorname` varchar(23) DEFAULT NULL,
  `Geburtsjahr` varchar(6) DEFAULT NULL,
  `Sterbejahr` varchar(4) DEFAULT NULL,
  `Bemerkung` varchar(100) DEFAULT NULL,
  PRIMARY KEY (`ID`)
) ENGINE=InnoDB AUTO_INCREMENT=198 DEFAULT CHARSET=utf8;
/*!40101 SET character_set_client = @saved_cs_client */;

--
-- Dumping data for table `komponist`
--

LOCK TABLES `komponist` WRITE;
/*!40000 ALTER TABLE `komponist` DISABLE KEYS */;
INSERT INTO `komponist` VALUES (1,'Mozart','Wolfgang Amadeus','1756','1791',NULL),(4,'Schumann','Robert','1810','1856',NULL),(5,'Boccherini','Luigi','1743','1805',NULL),(6,'Schubert','Franz','1797','1828',NULL),(7,'Bach','Johann Sebastian','','',NULL),(9,'Händel','Georg Friedrich','1685','1759',NULL),(10,'Lully','Jean Baptiste','1632','1686',NULL),(11,'Ebel','Eduard','1839','1905',NULL),(12,'Caesar','Johann Melchior','1648','1692',NULL),(13,'Fischer','Johann Caspar Ferdinand','1650 ?','1746',NULL),(14,'Fischer','Johann','1646','1760',NULL),(15,'Haydn','Joseph','1732','1809',NULL),(16,'(Traditional)','','','',NULL),(17,'Franck','Cáesar','1822','1890',NULL),(18,'Schaum','Wesley','','',NULL),(19,'de Bériot','Charles de','1802','1870',NULL),(20,'Grieg','Edvard','','',NULL),(21,'Haussmann','Valentin','','',NULL),(22,'Schein','Johann Herman','','',NULL),(23,'Bingham','George','','',NULL),(24,'Telemann','Georg Philipp','1681','1767',''),(25,'Finger','Gottfried','1660','1723',NULL),(26,'Hotteterre','Jaques','','',''),(27,'de Boismortier',' J. Baptiste','','',NULL),(28,'de Fesch ','Willem','','',NULL),(29,'de Montéclair ','M. P. ','','',NULL),(31,'Weber','C. M. v',NULL,NULL,NULL),(32,'Hauptmann','M.',NULL,NULL,NULL),(33,'Steibelt ','D. ',NULL,NULL,NULL),(34,'Corrette','M.',NULL,NULL,NULL),(35,'Aubert ','J.',NULL,NULL,NULL),(36,'Wodiczka ','W. ',NULL,NULL,NULL),(37,'degli Antoni ','P. ',NULL,NULL,NULL),(38,'Kayser ','H. E. ',NULL,NULL,NULL),(39,'Badelt','Klaus','1967',NULL,NULL),(40,'Ravel','Maurice','1875','1937',NULL),(41,'Tambling','Christopher','1964','2015',NULL),(42,'Saint-Saens','Camille','1835','1921',NULL),(43,'Vangelis',NULL,'1943','2022','Griechischer Komponist'),(44,'van Beuchhofen','Klementine','2024','','Hat viele Beuchofonstücke geschrieben'),(45,'Mussorgsky','Modest ','1839','1881',''),(46,'van Beethoven','Ludwig','1770','1827',''),(47,'Vaughan Williams','Ralph','1872','1958',''),(48,'Brahms','Johannes','1833','1897',''),(49,'Respighi','Ottorino','','',''),(50,'Dvorák','Antonin','','',''),(51,'Mendelssohn-Bartholdy','Felix','','',''),(52,'Charpentier','Marc Antoine','','',''),(53,'(unbekannt)','','','',''),(54,'Zimmer','Hans','','',''),(55,'Verdi','Guiseppe','','',''),(56,'Elgar','Edward','','',''),(57,'Schaper','Heinz-Christian','','',''),(58,'Manfredini','F.','','',''),(59,'Corelli','A.','','',''),(60,'Tschaikowsky','Peter I.','1840','1893',''),(61,'Sibelius','Jean','1865','1957',''),(62,'Rodgers','Richard','','',''),(63,'Bernstein','Leonard',NULL,NULL,NULL),(64,'Kander','John','','',''),(65,'Gershwin','George','','',''),(66,'Smetana','Bedrich','','',''),(67,'Alford','Kenneth J.',NULL,NULL,NULL),(68,'Simon','Paul','','',''),(69,'Poser','Hans','1917','1971',''),(70,'Williams','John',NULL,NULL,NULL),(71,'(mehrere)','',NULL,NULL,NULL),(72,'Shore','Howard',NULL,NULL,NULL),(73,'Herrmann','Bernard','','',''),(74,'Anderson','Leroy',NULL,NULL,NULL),(75,'Hardiman','Ronan',NULL,NULL,NULL),(76,'Márquez','Arturo',NULL,NULL,NULL),(78,'Miyagawa','Akira',NULL,NULL,NULL),(79,'de Abreu','Zequinha',NULL,NULL,NULL),(80,'Séjourné','Emmanuel','','',''),(81,'Vivaldi','Antonio','1678','1741',''),(82,'Fauré','Gabriel',NULL,NULL,NULL),(83,'Romanino','Guiseppe','','',''),(84,'Stamponi','Héctor','','',''),(85,'Miles','John',NULL,NULL,NULL),(86,'Bottesini','Giovanni','','',''),(87,'Rieding','Oskar','','',''),(88,'Stamitz','Johann','1717','1757',''),(89,'Stamitz','Carl','1745','1801',''),(90,'Tartini','Giuseppe','1692','1770',''),(91,'Schindelmeisser','Ludwig Alexander Baltha','1811','1864',''),(92,'Sammartini','Giuseppe','1693','1740',''),(93,'Baston','John',NULL,NULL,NULL),(94,'Gourlay','James','1954','',''),(95,'Puccini','Giacomo ','1858','1924',''),(96,'de Sarasate','Pablo','1844','1908',''),(97,'Svendsen','Johan',NULL,NULL,NULL),(98,'Ricciotti','Carlo','1681','1756',''),(99,'Schiassi','G. M. ','','1754',''),(100,'Warlock','Peter','','',''),(101,'Praetorius','Michael','','',''),(102,'Orff','Carl','1895','1982',''),(103,'Rameau','Jean-Phillippe ',NULL,NULL,NULL),(104,'Hollander','Christian','','',''),(105,'Luetkeman','Paul',NULL,NULL,NULL),(106,'Piazzolla','Astor',NULL,NULL,NULL),(107,'Jenkins','Karl','1944','',''),(108,'Dinescu','Violeta','1953','',''),(109,'Holst','Gustav',NULL,NULL,NULL),(110,'Reger','Max','1837','1916',''),(112,'Ledbetter','Huddy',NULL,NULL,NULL),(113,'Barber','Samuel',NULL,NULL,NULL),(114,'Offenbach','Jacques',NULL,NULL,NULL),(115,'McCartney','Paul','','',''),(116,'Humperdinck','Engelbert',NULL,NULL,NULL),(117,'Rossini','Giacomo',NULL,NULL,NULL),(118,'Ponchielli','Amilcare',NULL,NULL,NULL),(119,'Janáček','Leoš','1854','1928',''),(120,'Strauß','Johann & Josef',NULL,NULL,NULL),(121,'Papaioannou','Yannis A. ',NULL,NULL,NULL),(122,'Molter','Johann Melchior','1695','1765',''),(123,'Haßler','Hans-Leo','1564','1612',''),(124,'Franck','Melchior','1537','1639',''),(125,'Strauß (Sohn)','Johann','1825','1899',''),(126,'Zeller','Carl',NULL,NULL,NULL),(127,'Millöcker','Carl',NULL,NULL,NULL),(128,'Genée','Richard',NULL,NULL,NULL),(129,'von Suppé','Franz',NULL,NULL,NULL),(130,'Blackwell','Kathy and David','','',''),(131,'Zachmann','Marius',NULL,NULL,NULL),(133,'Goebel','Frank','','',''),(134,'Gade','Nils Wilhelm','','',''),(135,'von Gluck','Christoph Willibald','','',''),(136,'Sinding','Christian ','','',''),(138,'Copland','Aaaron','','',''),(139,'Ditters von Dittersdorf','Carl ','1739','1799',''),(140,'Hummel','Johann Nepomuk','1778','1837',''),(141,'Heller','Barbara','1936','',''),(142,'Polunin','Yuri','','',''),(143,'Bach','Johann Christian','1735','1782',''),(144,'Colledge','Katherien + Hugh','','',''),(145,'Nelson','Sheila M. ','','',''),(146,'Cowles','Colin','','',''),(147,'Traiger','Laurence','','',''),(148,'Schmitz','Manfred','','',''),(149,'Busoni','Ferruccio','1866','1924',''),(150,'Presley','Elvis','','',''),(151,'Mann','Barry','','',''),(152,'Dylan','Bob','','',''),(153,'Grainer','Ron','','',''),(154,'Cook / Greenaway / Backer / Davis','','','',''),(155,'North','Alex','','',''),(156,'Bock','Jerry ','','',''),(157,'Nelson','Willie','','',''),(158,'Hamblen','Stuart','','',''),(159,'Lennon','John','','',''),(160,'Osborne / May','','','',''),(161,'Reichardt','J. Fr. ','','',''),(162,'Jöde','Fritz','','',''),(163,'Franzke','Hans R.','','',''),(164,'Jöcker','Detlef','','',''),(165,'Roälcke','Christa','','',''),(166,'Klein','Richard Rudolf','','',''),(167,'Zuckowski','Rolf','','',''),(168,'Rohr','Heinrich','','',''),(169,'Edelkötter','Ludger','','',''),(170,'Marks','Johnny','','',''),(171,'Bernard','Felix','','',''),(172,'Neuhaus','Klaus','','',''),(173,'Tallis','Thomas','','',''),(174,'Bayley','T.h.','','',''),(175,'Hayes','Philip','1738','1797',''),(176,'Jenkins','John','1592','1678',''),(177,'Arnold','John','1720','1792',''),(178,'Hilton','John','1599','1657',''),(179,'Eastburn','Larry ','','',''),(180,'Sherman','Richart M. , Robert B. ','','',''),(181,'Sancho','Ignatius','1729','1780',''),(182,'Jaquet de La Guerre','Elisabeth','1665','1729',''),(183,'Bologne, Chevalier de Saint-Georges','Joseph','1745','1799',''),(184,'Gonzaga','Chiquinha','1847','1935',''),(185,'Swann','Donald','1923','1994',''),(186,'Lebrun','Francesca ','1756','1791',''),(187,'Beach','Amy','1876','1944',''),(188,'Favart','Charles Simon','','',''),(189,'B. Price','Florence','','',''),(190,'Chaminade','Cecile','1857','1944',''),(191,'Carreno','Teresa','1853','1917',''),(192,'Wiggins','Thomas \"Blind Tom\" ','1849','1908',''),(193,'Paganini','Niccolò','1782','1840',''),(194,'','',NULL,NULL,NULL),(195,'Bach','Carl Phillip Emanuel','1714','1788',''),(196,'Barthélemon','Cecilia Maria','1767','1859',''),(197,'Gounod','Charles-Francois','1818','1893','');
/*!40000 ALTER TABLE `komponist` ENABLE KEYS */;
UNLOCK TABLES;

--
-- Table structure for table `link`
--

DROP TABLE IF EXISTS `link`;
/*!40101 SET @saved_cs_client     = @@character_set_client */;
/*!40101 SET character_set_client = utf8 */;
CREATE TABLE `link` (
  `ID` int(11) NOT NULL AUTO_INCREMENT,
  `Bezeichnung` varchar(225) DEFAULT NULL,
  `URL` varchar(225) DEFAULT NULL,
  `LinktypeID` tinyint(4) NOT NULL,
  `SammlungID` int(10) unsigned DEFAULT NULL,
  PRIMARY KEY (`ID`)
) ENGINE=InnoDB AUTO_INCREMENT=18 DEFAULT CHARSET=utf8;
/*!40101 SET character_set_client = @saved_cs_client */;

--
-- Dumping data for table `link`
--

LOCK TABLES `link` WRITE;
/*!40000 ALTER TABLE `link` DISABLE KEYS */;
INSERT INTO `link` VALUES (1,'Heft bei Online-Shop \"Beuchige Noten\"  ','http://www.susannereiner.de/',1,22),(2,'Hier kann ein (beuchiger) Schüler die Noten als PDF herunterladen','alsdkjfslkdfjlsdfjk',2,22),(3,'Aufführungsmaterial Tonos','https://tonosmusic.com/de/kauf/astor-piazzolla/katalog/',1,140),(4,'Arragnement für Jugendstreichorchester','https://www.stretta-music.de/haendel-suite-aus-der-oper-rodrigo-nr-314009.html',1,175),(5,'Link Bestellung ','https://www.stretta-music.de/sibelius-impromptu-nr-344971.html',1,181),(6,'Bestellung','https://www.alle-noten.de/Klavier-Orgel-Akkordeon/Klavier/Serenade-und-Rondo-alla-Turka-aus-der-Klaviersonate-A-Dur-KV-331.html',1,183),(7,'Bestellung','https://www.alle-noten.de/Orchester/Sinfonieorchester/Bacchanale-from-Samson-and-Delilah.html',1,185),(8,'Bestelllink Orgelkonzert Nr. 2 B-Dur op. 4 HWV 290','https://www.stretta-music.de/haendel-orgelkonzert-nr-2-b-dur-op-4-hwv-290-nr-202452.html',1,187),(10,'Aufführungsmaterial','https://www.breitkopf.com/work/2551/nachklange-von-ossian-op-1-ouverture-a-moll',3,196),(11,'Band 2','https://www.stretta-music.de/saunway-leere-saiten-voll-musik-2-nr-166604.html',1,274),(12,'Band 3','https://www.stretta-music.de/ruoff-crow-leere-saiten-voll-musik-3-nr-165681.html',1,274),(13,'Making The Grade: Grades 1-3','https://www.stretta-music.de/making-the-grade-grades-1-3-nr-609491.html',1,273),(14,'asdfasdf','asdfasdf',2,22),(15,'Practice Tools','https://www.abrsm.org/en-gb/for-learners/apps-and-practice-tools',1,251),(16,'Practice Tools','https://www.abrsm.org/en-gb/for-learners/apps-and-practice-tools',0,250),(17,'Practice Tools','https://www.abrsm.org/en-gb/for-learners/apps-and-practice-tools',0,249);
/*!40000 ALTER TABLE `link` ENABLE KEYS */;
UNLOCK TABLES;

--
-- Table structure for table `linktype`
--

DROP TABLE IF EXISTS `linktype`;
/*!40101 SET @saved_cs_client     = @@character_set_client */;
/*!40101 SET character_set_client = utf8 */;
CREATE TABLE `linktype` (
  `ID` int(11) NOT NULL AUTO_INCREMENT,
  `Name` varchar(225) DEFAULT NULL,
  PRIMARY KEY (`ID`)
) ENGINE=InnoDB AUTO_INCREMENT=4 DEFAULT CHARSET=utf8;
/*!40101 SET character_set_client = @saved_cs_client */;

--
-- Dumping data for table `linktype`
--

LOCK TABLES `linktype` WRITE;
/*!40000 ALTER TABLE `linktype` DISABLE KEYS */;
INSERT INTO `linktype` VALUES (1,'Kauf'),(2,'Digitalisierte Version'),(3,'Miete');
/*!40000 ALTER TABLE `linktype` ENABLE KEYS */;
UNLOCK TABLES;

--
-- Table structure for table `lookup`
--

DROP TABLE IF EXISTS `lookup`;
/*!40101 SET @saved_cs_client     = @@character_set_client */;
/*!40101 SET character_set_client = utf8 */;
CREATE TABLE `lookup` (
  `ID` int(11) NOT NULL AUTO_INCREMENT,
  `Name` varchar(100) NOT NULL,
  `LookupTypeID` tinyint(4) NOT NULL,
  PRIMARY KEY (`ID`)
) ENGINE=InnoDB AUTO_INCREMENT=360 DEFAULT CHARSET=utf8;
/*!40101 SET character_set_client = @saved_cs_client */;

--
-- Dumping data for table `lookup`
--

LOCK TABLES `lookup` WRITE;
/*!40000 ALTER TABLE `lookup` DISABLE KEYS */;
INSERT INTO `lookup` VALUES (1,'Chromatik',1),(2,'Doppelklänge',1),(3,'Dreiklänge',1),(4,'Verzierung: Vorschlag lang',1),(5,'Nachschläge spielen',1),(6,'Verzierung: Pralltriller von oben',1),(7,'Sequenz',1),(9,'Vergrößerung',1),(10,'Vorschläge kurz',1),(11,'Vorzeichen zusätzliche',1),(16,'Rhythmische Besonderheit: sehr vielfältig',1),(17,'(Rhytmische Besonderheiten: vielfältig) ~',1),(18,'Auftakt',1),(19,'Auftakte verschiedenartige',1),(20,'Calypso Rhythmus',1),(21,'Fermaten',1),(22,'Fünf-Achtel-Note',14),(23,'Fünf-Schlag-Note',1),(27,'Punktierte Achtel-Sechzehntel',14),(29,'Punktierte Sechzehntel',14),(31,'Punktierungen viele XXX',14),(32,'Shuffle',1),(33,'Synkope',1),(35,'Taktwechsel',1),(36,'Triolen',14),(37,'Unisono',1),(39,'vielfältig',1),(42,'Zweiunddreißigstel',14),(47,'(viele dynamsche Besonderheiten) ~',1),(48,'Crescendo',1),(49,'Dynamische Kontraste',1),(50,'Echo',1),(51,'Fortepiano',1),(52,'Fortissimo',1),(53,'Sforzato (Forzato) ',1),(54,'Stufendynamik',1),(58,'Tempowechsel',1),(59,'Stricharten, Abgesetzte ',1),(60,'Akkorde',1),(61,'Akzente',1),(62,'Bindungen, abgesetzt',1),(65,'Détaché',1),(67,'gebundene Achtel',1),(68,'Gebundene Viertel',1),(69,'Legato (Bindungen)',1),(70,'Legato schwer-leicht',1),(71,'Martélé',1),(72,'Martélé breites',1),(73,'Pizzicato',1),(74,'Portato',1),(75,'Repetitionen',1),(76,'Spiccato',1),(77,'Staccato',1),(78,'Walzerstrich',1),(80,'Beuchofon-Pizzikato',1),(90,'(verschiedene Notenwerte) ~',1),(91,'Achtel',14),(92,'Triolen, Achtel',14),(93,'Ganze',14),(95,'Ganze Pausen',14),(96,'Halbe',14),(97,'Halbe Pausen',14),(101,'Punktierte Achtel',14),(102,'Punktierte Ganze',14),(103,'Punktierte Halbe',14),(104,'Punktierte Viertel',14),(105,'Sechzehntel',14),(106,'Sechzehntel Auftakt',1),(107,'Viertel',14),(109,'Viertelpause ',14),(121,'3/2 - Takt mit Synkope',1),(122,'Betonungen',1),(123,'Bogen zurückholen',1),(124,'Bogeneinteilung (Gewicht, Geschwindigkeit, Kontaktstelle)',1),(125,'dichter Klang',1),(126,'diverse',1),(127,'Doppelklänge, leichte',1),(128,'Verzierung: Doppelschlag',1),(129,'Ensemblespiel',1),(130,'Exotische Rhytmen',1),(131,'Gesangliches Spiel',1),(134,'Lyrisches Spiel mit rhytmischer Vielfalt',1),(136,'Sechzehntel mit Punktierter Achtel',14),(138,'Stricharten-Vielfalt',1),(141,'Verschiedene Stricharten möglich',1),(142,'Vibrato',1),(143,'Wechel zwischen ganz langen und kurzen Notenwerten',1),(144,'Tonarten, weit entfernte',1),(156,'Intonation',1),(157,'Notentext',1),(158,'Streicher con sordino',1),(159,'Kauf geplant',9),(163,'Griffart 1: 0-1-23-4',1),(164,'Decrescendo (Diminuendo)',1),(165,'Forte',1),(166,'Ritardando - A tempo',1),(167,'Heben und Fallen',1),(168,'Ganztaktpause',14),(169,'Ganzer Bogen',1),(170,'Bogenmitte',1),(171,'Übergebundene Noten',14),(172,'Dynamische Vielfalt',1),(173,'G-Seite',1),(174,'Pausen zählen',1),(175,'Nur Leere Saiten',1),(176,'Nur Leere Saite E',1),(178,'Vom-Blatt-Spiel (Elementarstufe)',1),(179,'Wechsel Arco, Pizzikato',1),(180,'Wiederholung mit Klammer 1 und 2',1),(181,'Raketenstrich',1),(182,'Ritardando',1),(183,'Frage und Antwort',1),(184,'Bogen sehr langsam ziehen',1),(186,'Griffarten vielfältig',1),(187,'Lagen 1,3 ~',1),(188,'Akkorde leicht',1),(189,'Lagen 1,2,3',1),(190,'Lagen vielfältig',1),(191,'Griffart 2: 0-12-3-4',1),(192,'Griffart 1,3',1),(193,'Griffart 1,2',1),(195,'4. Finger',1),(196,'Rallentando (Verbreiternd)',1),(197,'Griffart 2,4',1),(198,'Griffart 3: 0-1-2-34',1),(199,'Griffart 4: 01-2-3-4',1),(200,'Abstriche, mehrere hintereinander',1),(201,'Triolen, Viertel',14),(202,'Griffart 1,2,3',1),(203,'Überspringen einer Saite',1),(204,'Viertel-Achtel-Figuren',14),(205,'Punktierte Viertel-Achtel',14),(206,'Pentatonik',1),(207,'Griffart 1,4',1),(208,'Tonartwechsel',1),(211,'Nur leere Saiten - Buchstaben',1),(212,'Nur leere Saiten - Farben',1),(213,'Punktierte Halbe-Viertel',14),(214,'Ein Takt = 1 Bogenstrich',1),(215,'Lagen 1,3,5 ~',1),(216,'Lagen 1/1,3 ~ XXX',1),(217,'Lagen diverse ~',1),(218,'Lage 1 ~',1),(219,'Achtelpause',14),(220,'Punktierte Achtelpause',14),(221,'Piano',1),(222,'Mezzoforte',1),(223,'Mezzopiano',1),(224,'Abbreviaturen',1),(225,'Pianissimo',1),(226,'Da Capo und Al Fine',1),(227,'Saitenwechsel',1),(228,'Finger sitzen lassen, auf der tieferen Saite',1),(229,'Griffart 1: Ziffern',1),(230,'Improvisation',1),(231,'Lage 3',1),(232,'Griffart 3: Ziffern',1),(233,'Griffart 2: Ziffern und Notenwerte',1),(234,'Griffart: Finger 3,1',1),(235,'Nur D-Saite',1),(236,'Nur A-Saite',1),(237,'Nur G-Saite',1),(238,'Finger sitzen lassen, auf der oberen Saite',1),(239,'Nur E-Saite',1),(240,'Flageolet Oktave',1),(241,'Griffart: Finger 3,4',1),(242,'Saitenwechsel, gleicher Finger',1),(243,'Griffart: Finger 3,0',1),(244,'Quarte',1),(245,'Oktave',1),(246,'D.S. al Fine',1),(248,'Punktierte Viertelpause',14),(249,'Terz',1),(251,'Quinte',1),(252,'Terz, kleine',1),(253,'Griffart: Finger 1,4',1),(254,'Nur C-Saite',1),(255,'Sexte, kleine',1),(256,'Rumba Rhythmus XXX',1),(257,'Halbe-Viertel-Figuren',14),(258,'Triolen, Sechzehntel',14),(259,'Tonleiter',1),(260,'Variant-Tonart auch spielen',1),(261,'Pizzikato Linke Hand',1),(262,'Bewegungsübung',1),(264,'Saitenwechsel, schwierig',1),(266,'Griffart 1,2,4',1),(267,'Sexte, große',1),(269,'Saitenwechsel, eine Seite überspringen',1),(270,'Melodie endet auf der Terz',1),(271,'Ganztaktpausen, Einleitung',14),(272,'Allargando',1),(274,'Rhythmus Halbe-Viertel, Viertel-Halbe',1),(275,'Saiten, Alle',1),(277,'Tonart Dorisch',1),(278,'Auflösungszeichen',14),(279,'Septe, Kleine',1),(280,'1. Finger rücken',1),(281,'Griffart 3 Tief',1),(282,'Vibrato 1. Finger',1),(283,'Leere Saiten, keine ',1),(284,'Moll, melodisch',1),(285,'Griffart 3 Tief, 2',1),(286,'Ein Viertel = 1 Bogenstrich',1),(287,'Halber Takt = 1 Bogenstrich',1),(288,'1. und 2. Finger übermäßiger Griff',1),(289,'Terzen, gebrochene',1),(290,'Solist beginnt allein',1),(291,'Aufführungsmaterial vorhanden',9),(292,'Aufführungsmaterial vorhanden? ',9),(293,'Nur Kopien vorhanden',9),(294,'Kein Aufführungsmaterial vorhanden',9),(295,'Nur Partitur als Kopie vorhanden',9),(296,'Aufführungsmaterial nur als Kopie vorhanden',9),(297,'Nur Partitur vorhanden',9),(299,'Figuren, alberti-artig',1),(300,'Griffart 5: 0-12-34',1),(301,'Oktavierung',1),(302,'Esspressivo',1),(303,'Saitenwechsel + Lagenwechsel gleichzeig',1),(304,'Lagenwechsel über leere Saite',1),(305,'Lagenwechsel mit Zwischenton',1),(306,'Moll, harmonisch',1),(307,'Lagenwechsel, Finger ersetzen',1),(308,'Griffart 4 mit erhöhtem 2. Finger ',1),(309,'Flageolet Oktave / Oktavsprung',1),(310,'Septe, Große',1),(311,'Halbtonschritte',1),(312,'Griffart 3 tief mit erhöhtem 2. Finger ',1),(313,'Griffartwechsel auf einer Seite',1),(314,'Lage, halbe',1),(315,'Lagenwechsel mit selbem Finger',1),(316,'Achtel - Punktierte Viertel ',14),(317,'Von Leise zu Laut',1),(318,'Lagenwechsel ablösen',1),(319,'Lagenwechsel frei einsetzen',1),(320,'Terzen, große',1),(321,'Motive wiederholen sich hintereinander',1),(322,'Moll, natürlich (aeolisch)',1),(323,'Staccato mit Akzent',1),(324,'Piano Subito',1),(325,'Sekunde, übermäßig',1),(326,'Sechzehntel Pause',14),(327,'Tritonus',1),(328,'Intervalle vielfältig',1),(329,'Achtel, viele',1),(330,'Sechzehntel viele ',1),(331,'Dominant-Septakkord',1),(332,'Moll, melodisch auch abwärts',1),(333,'Verzierung: Triller von Oben',1),(334,'Verzierung: Doppelschlag von oben',1),(335,'Bogen immer Abstrich Viertel Aufstrich Achtel',1),(336,'4. Finger übergriffen',1),(337,'Siciliana Rhythmus',1),(338,'Verzierung: Vorschlag vor der Hauptnote',1),(339,'Verzierung: Triller von der Hauptnote',1),(340,'Spiccato Aufstrich',1),(341,'Rhythmus Achtel-Viertel Viertel-Achtel',1),(342,'Verzierung: Triller von oben mit Nachschlag',1),(343,'Verzierung: Pralltriller doppelt ? ',1),(344,'Lagen 1,2',1),(345,'Arpeggien',1),(346,'Verzierung: Mordent',1),(347,'Verzierung: Pralltriller',1),(348,'Saitenwechsel, Handgelenk',1),(349,'Tonartwechsel, Variant-Tonart',1),(350,'Dreiklänge, gebrochen',1),(351,'Smorzando',1),(352,'Haltenote lang',1),(354,'Dolce',1),(355,'Echo, umgekehrtes',1),(356,'Verzierung: Vorschlag fraglich',1),(357,'Piùlento',1),(358,'Alterationen',1),(359,'Ab auf auf XXX',1);
/*!40000 ALTER TABLE `lookup` ENABLE KEYS */;
UNLOCK TABLES;

--
-- Table structure for table `lookup_type`
--

DROP TABLE IF EXISTS `lookup_type`;
/*!40101 SET @saved_cs_client     = @@character_set_client */;
/*!40101 SET character_set_client = utf8 */;
CREATE TABLE `lookup_type` (
  `ID` tinyint(4) NOT NULL AUTO_INCREMENT,
  `Name` varchar(100) NOT NULL,
  `Relation` varchar(20) NOT NULL,
  `type_key` varchar(20) DEFAULT NULL,
  `selsize` tinyint(4) DEFAULT '5',
  PRIMARY KEY (`ID`),
  UNIQUE KEY `uc_typekey` (`type_key`)
) ENGINE=InnoDB AUTO_INCREMENT=16 DEFAULT CHARSET=utf8;
/*!40101 SET character_set_client = @saved_cs_client */;

--
-- Dumping data for table `lookup_type`
--

LOCK TABLES `lookup_type` WRITE;
/*!40000 ALTER TABLE `lookup_type` DISABLE KEYS */;
INSERT INTO `lookup_type` VALUES (1,'Übung Sonst','satz','besmelod',15),(9,'Sammlung Verfügbarkeit','sammlung','samverfueg',5),(14,'Übung Notenwerte','satz','typekey14',15);
/*!40000 ALTER TABLE `lookup_type` ENABLE KEYS */;
UNLOCK TABLES;

--
-- Table structure for table `musikstueck`
--

DROP TABLE IF EXISTS `musikstueck`;
/*!40101 SET @saved_cs_client     = @@character_set_client */;
/*!40101 SET character_set_client = utf8 */;
CREATE TABLE `musikstueck` (
  `ID` int(10) unsigned NOT NULL AUTO_INCREMENT,
  `Name` varchar(100) DEFAULT NULL,
  `Opus` varchar(20) DEFAULT NULL,
  `SammlungID` int(10) unsigned DEFAULT NULL,
  `Nummer` smallint(2) DEFAULT NULL,
  `KomponistID` int(10) unsigned DEFAULT NULL,
  `Bearbeiter` varchar(100) DEFAULT NULL,
  `Gattung` varchar(50) DEFAULT NULL,
  `JahrAuffuehrung` varchar(25) NOT NULL,
  `GattungID` int(11) unsigned DEFAULT NULL,
  `EpocheID` int(11) unsigned DEFAULT NULL,
  PRIMARY KEY (`ID`),
  KEY `KomponistID` (`KomponistID`),
  KEY `SammlungID` (`SammlungID`),
  KEY `GattungID` (`GattungID`),
  KEY `EpocheID` (`EpocheID`),
  CONSTRAINT `musikstueck_ibfk_1` FOREIGN KEY (`KomponistID`) REFERENCES `komponist` (`ID`),
  CONSTRAINT `musikstueck_ibfk_2` FOREIGN KEY (`SammlungID`) REFERENCES `sammlung` (`ID`),
  CONSTRAINT `musikstueck_ibfk_3` FOREIGN KEY (`GattungID`) REFERENCES `gattung` (`ID`),
  CONSTRAINT `musikstueck_ibfk_4` FOREIGN KEY (`EpocheID`) REFERENCES `epoche` (`ID`)
) ENGINE=InnoDB AUTO_INCREMENT=764 DEFAULT CHARSET=utf8;
/*!40101 SET character_set_client = @saved_cs_client */;

--
-- Dumping data for table `musikstueck`
--

LOCK TABLES `musikstueck` WRITE;
/*!40000 ALTER TABLE `musikstueck` DISABLE KEYS */;
INSERT INTO `musikstueck` VALUES (1,'Ave Verum','',1,9,1,'Pracht, Robert','Vortragsstück','',1,1),(9,'Alle Affen Alabamas','',4,1,53,'','','',NULL,NULL),(10,'Das Dackeldrama','',4,2,53,'','','',NULL,NULL),(11,'Pausenstück','',4,3,53,'','','',NULL,NULL),(12,'Menuett','',1,10,1,'Pracht, Robert','Vortragsstück','',1,1),(13,'Abendlied','',1,11,4,'Pracht, Robert','Vortragsstück','',1,2),(14,'Menuett','',1,12,5,'Pracht, Robert','Vortragsstück','',1,1),(15,'Ave Maria','',1,13,6,'Pracht, Robert','Vortragsstück','',1,1),(16,'Bourée','',1,14,7,'','','',NULL,NULL),(17,'Laßt uns froh und munter sein','',5,1,53,'Jähne, Christoph','Liedbearbeitung','',2,NULL),(18,'Kling Glöckchen','',5,2,53,'Jähne, Christoph','Liedbearbeitung','',2,NULL),(19,'Menuett','',5,3,9,'Jähne, Christoph','Tanzsatz','',3,3),(20,'Schneeflöckchen','',5,4,53,'Jähne, Christoph','Liedbearbeitung','',2,NULL),(21,'Festlicher Marsch','',5,5,9,'Jähne, Christoph','Marsch','',4,3),(22,'Bourée','',5,6,9,'Jähne, Christoph','Tanzsatz','',3,3),(23,'Macht hoch die Tür','',5,7,53,'Jähne, Christoph','Liedbearbeitung','',2,NULL),(24,'Menuett','',5,8,10,'Jähne, Christoph','Tanzsatz','',3,3),(25,'Leise rieselt der Schnee','',5,9,11,'Jähne, Christoph','Liedbearbeitung','',2,NULL),(26,'Sarabanda','',5,10,12,'Jähne, Christoph','Tanzsatz','',3,4),(27,'Vom Himmel hoch','',5,11,53,'Jähne, Christoph','Liedbearbeitung','',2,NULL),(28,'Menuett','',5,12,13,'Jähne, Christoph','Tanzsatz','',3,3),(29,'Es ist ein Ros entsprungen','',5,13,53,'Jähne, Christoph','Liedbearbeitung','',2,NULL),(30,'Menuett','',5,14,9,'Jähne, Christoph','Tanzsatz','',3,3),(31,'Stille Nacht','',5,15,53,'Jähne, Christoph','Liedbearbeitung','',2,NULL),(32,'Gavotte','',5,16,14,'Jähne, Christoph','Tafelmusik','',5,4),(33,'Oh freudenreicher Tag','',5,17,53,'Jähne, Christoph','Liedbearbeitung','',2,NULL),(34,'Bourrée','',5,18,12,'Jähne, Christoph','Tanzsatz','',3,4),(35,'Laßt uns das Kindelein wiegen','',5,19,53,'Jähne, Christoph','Liedbearbeitung','',2,NULL),(36,'Alle Jahre wieder','',5,20,53,'Jähne, Christoph','Liedbearbeitung','',2,NULL),(37,'Ihr Kinderlein kommet','',5,21,53,'Jähne, Christoph','Liedbearbeitung','',2,NULL),(38,'Oh du Fröhliche','',5,22,53,'Jähne, Christoph','Liedbearbeitung','',2,NULL),(39,'Menuett','',5,23,14,'Jähne, Christoph','Tanzsatz','',3,4),(40,'Kommet ihr Hirten','',5,24,53,'Jähne, Christoph','Liedbearbeitung','',2,NULL),(41,'Was soll das bedeuten','',5,25,53,'Jähne, Christoph','Liedbearbeitung','',2,NULL),(42,'Ich steh an deiner Krippen hier','',5,26,7,'Jähne, Christoph','Choralbearbeitung','',6,3),(43,'Schlaf mein Kindelein','',5,27,53,'Jähne, Christoph','Liedbearbeitung','',2,3),(44,'Menuett','',1,15,15,'Pracht, Robert','Tanzsatz','',3,1),(45,'Rondo','',1,16,6,'Pracht, Robert','Vortragsstück','',1,5),(46,'Charley Marley','',6,1,16,'','Folklore, karibische','',7,6),(47,'Boysie','',6,2,16,'Colledge, Katherine & Hugh','Folklore, karibische','',7,6),(48,'The Wreck of the Sloop John B','',6,3,16,'Colledge, Katherine & Hugh','Folklore, karibische','',7,6),(49,'Mango Walk','',6,4,16,'Colledge, Katherine & Hugh','Folklore, karibische','',7,6),(50,'Poco allegretto','',7,1,17,'Roelcke, Christa','Orgelimprovisationsbeareitung','',8,2),(51,'Quasi allegro','',7,2,17,'Roelcke, Christa','Orgelimprovisationsbeareitung','',8,2),(52,'Chante de la Creuse','',7,3,17,'Roelcke, Christa','Orgelimprovisationsbeareitung','',8,2),(53,'Maestoso','',7,4,17,'Roelcke, Christa','Orgelimprovisationsbeareitung','',8,2),(54,'Vieux Noel','',7,5,17,'Roelcke, Christa','Orgelimprovisationsbeareitung','',8,2),(55,'Vieux Noel','',7,6,17,'Roelcke, Christa','Orgelimprovisationsbeareitung','',8,2),(56,'Andantino poco allegretto','',7,7,17,'Roelcke, Christa','Orgelimprovisationsbeareitung','',8,2),(57,'Molto moderato','',7,8,17,'Roelcke, Christa','Orgelimprovisationsbeareitung','',8,2),(58,'Noel Angevin','',7,9,17,'Roelcke, Christa','Orgelimprovisationsbeareitung','',8,2),(59,'Vieux Noel','',7,10,17,'','Orgelimprovisationsbeareitung','',8,2),(60,'Poco allegretto','',7,11,17,'Roelcke, Christa','Orgelimprovisationsbeareitung','',8,2),(61,'Noel Angevin','',7,12,17,'Roelcke, Christa','Orgelimprovisationsbeareitung','',8,2),(62,'Easy Come, Easy Go','',8,1,18,'Kaluza, Günter','Jazz','',9,7),(63,'Lively One','',8,2,18,'Kaluza, Günter','Jazz','',9,7),(64,'Scène de Ballet','100',9,1,19,'','Konzertstück','',10,2),(66,'Pavane - Galliarde','',11,1,21,'','Tanzsatz','',3,8),(67,'Allemande - Tripla','',11,2,22,'','Tanzsatz','',3,3),(68,'Air (Bourrée)','',11,3,23,'','Tanzsatz','',3,3),(69,'Air','',11,4,53,'','Tanzsatz','',3,3),(70,'Menuett','',11,5,24,'','Tanzsatz','',3,3),(71,'Symphony','',11,6,25,'','Einleitungssatz','',12,3),(72,'Suite','',11,7,23,'','Suite','',13,3),(73,'Scotch Air','',11,8,23,'','Tanzsatz','',3,3),(74,'Rondeau \"Le Baron\"','',11,9,26,'','Tanzsatz','',3,3),(75,'Gigue','',11,10,27,'','Tanzsatz','',3,3),(76,'Air','',11,11,53,'','Tanzsatz','',3,3),(77,'Vivace','',11,12,28,'','Sonatensatz','',14,3),(78,'Corrente','',11,13,29,'','Tanzsatz','',3,3),(79,'Largo','',11,14,24,'','Sonatensatz','',14,3),(80,'Sarabande','',11,15,24,'','Sonatensatz','',14,3),(81,'Balletto e Giga. .','',11,16,37,'','Tanzsatz','',3,4),(82,'Allemande','',11,17,37,'','Tanzsatz','',3,4),(83,'Siciliana','',11,18,36,'','Tanzsatz','',3,3),(84,'Gavotte en Rondeau','',11,19,35,'','Tanzsatz','',3,3),(85,'Le Coucou','',11,20,34,'','','',NULL,3),(86,'Allegretto ','',11,21,27,'','','',NULL,3),(87,'Menuets (E-e)','',11,22,35,'','Tanzsatz','',3,3),(88,'Menuets (D-d)','',11,23,35,'','Tanzsatz','',3,3),(89,'Allegro','',11,24,34,'','','',NULL,3),(90,'Sonatine','',11,25,33,'','Sonatine','',15,1),(91,'Andante','',11,26,32,'','','',NULL,2),(92,'Sonatine','',11,27,32,'','Sonatine','',15,2),(93,'Walzer','',11,28,38,'','Tanzsatz','',3,2),(94,'Romanze','',11,29,31,'','','',NULL,1),(96,'Pirates of the Caribbean',NULL,15,1,39,'Ted Rickets','Filmmusik','2024',16,9),(97,'BOLERO','81',16,1,40,'Thomas Stapf','Symphonische Musik','2024',17,10),(98,'BOLERO','81',17,1,40,'David Andrew','Symphonische Musik','',17,10),(99,'Wassermusik','HWV 349',18,1,9,'Stefan Taupe','Suite','2024',13,3),(100,'Irische Segenswünsche','',19,1,53,'','Chormusik mit Orchester','2022, 2024',18,NULL),(101,'Karneval der Tiere','ohne Opus',20,1,42,'Stefan Taupe','Programmmusik','',19,2),(102,'1492 - The Conquest Of Paradise',NULL,21,1,43,'John Glenesk Mortimer','Symphonische Musik mit Chor','',20,NULL),(103,'Beuchofon-Etüde 1','BWV 5000',22,1,44,'traut sich keiner','beuchofonische Gattung','2025',21,11),(104,'Beuchofon-Etüde 2','BWV 5000',22,2,44,'bearbeiten geht nicht! ','beuchofonische Gattung','niemals, vergiss es ',21,11),(105,'Beuchofon-Etüde 3','',22,3,44,'','','',21,11),(106,'Feuerwerksmusik','HWV 351',24,1,9,'Stefan Taupe','Suite','xxx',13,3),(107,'Bilder einer Ausstellung','Opus 45',25,1,45,'G. B. Buchner','Programmmusik','2023',19,13),(108,'La Réjouissance','HWV 351',26,1,9,'Richard Meyer','Suite','xxx',13,3),(109,'Beethoven\'s Symphony No. 6 ','Op. 68',29,1,46,'Vernon Leidig','Sinfonie','xxx',23,1),(110,'A Vaughan Williams Christmas','',30,1,47,'Douglas E. Wagner (ASCAP)','Liedbearbeitung','xxx, 2023',2,2),(111,'Symphony 4, 3rd Movement','',34,1,48,'Richard Ling','Sinfonie','2025',23,2),(112,'Ancient Aires and Dances, Suite No. 1 (Balletto)','',35,1,49,'Jerry Brubaker (ASCAP)','Suiten-Satz','xxx',24,14),(113,'New World Symphony, First Movement','',36,1,50,'Merle J. Isaac','Sinfonie','2022',23,2),(114,'Nocturne - from A Midsummer Night\'s Dream','',37,1,51,'Richard Meyer (ASCAP)','Programmmusik','xxx',19,2),(115,'March Prelude','',38,1,52,'Vernon Leidig','Motette','xxx, 2023',25,3),(116,'Amazing Grace','',39,1,16,'Elliot Del Borg','Liedbearbeitung','',2,NULL),(117,'Beuchofon-Etüde 4','',22,4,44,'','','',21,11),(118,'Musikstück 1','',40,1,54,'John Glenesk Mortimer',NULL,'',16,6),(120,'Musikstück 1','',41,1,55,'Jack Bullock (ASCAP)',NULL,'',35,2),(121,'Musikstück 1','Hoboken II:27',42,1,15,'',NULL,'xxx',23,1),(122,'Musikstück 1','',43,1,56,'Charles Woodhouse',NULL,'xxx',4,2),(123,'(Musikstück 1)','',44,1,57,'',NULL,'',23,6),(124,'Musikstück 1','Opus 46 Nr. 9',28,1,50,'Gerhard Buchner',NULL,'xxx',17,2),(125,'Musikstück 1','',31,1,48,'Stefan Taupe',NULL,'',17,2),(126,'Jauchzet, frohlocket (aus Weihnachts-Oratorium Teil 1)','BWV',32,1,7,'A. Wins',NULL,'',36,3),(127,'Pastorale (aus Weihnachtskonzert Op. 3 Nr. 12)','Op. 3 Nr. 12',32,2,58,'A. Wins',NULL,'xxx',37,3),(128,'Largo (aus Weihnachtskonzert Op. 3 Nr. 12)','Op. 3 Nr. 12',32,3,58,'A. Wins',NULL,'',37,3),(129,'Chorus (aus Messias Teil 1)','',32,4,9,'A. Wins',NULL,'',36,3),(130,'Adagio-Allegro-Adagio (aus Weihnachtskonzert Op. 6 Nr. 8)','Op. 6 Nr. 8',32,5,59,'A. Wins',NULL,'',37,3),(131,'Vivace (aus Weihnachtskonzert Op. 6 Nr. 8)','Op. 6 Nr. 8',32,6,59,'A. Wins',NULL,'',37,3),(132,'Pastorale (aus Weihnachtskonzert Op. 6 Nr. 8)','Op. 6 Nr. 8',32,7,59,'A. Wins',NULL,'',47,3),(133,'Chorus Halleluja (aus Der Messias Teil 2)','',32,8,9,'A. Wins',NULL,'xxx',36,3),(134,'Musikstück 1','',33,1,46,'Gerhard Buchner',NULL,'xxx',18,1),(135,'(Musikstück 1)','',45,1,60,'Merle J. Isaac',NULL,'',38,2),(136,'(Musikstück 1)','',46,1,57,'',NULL,'',23,6),(137,'(Musikstück 1)','',47,1,15,'Heinz-Christian Schaper',NULL,'xxx',23,1),(138,'(Musikstück 1)','',48,1,61,'Jan van der Goot',NULL,'',17,2),(139,'(Musikstück 1)','',49,1,62,'Jan van der Goot',NULL,'',39,7),(141,'(Musikstück 1)','',50,1,63,'Jan van der Goot',NULL,'xxx',39,7),(142,'(Musikstück 1)','',51,1,64,'Jan van der Goot',NULL,'xxx',39,7),(143,'(Musikstück 1)','',52,1,65,'Jan van der Goot',NULL,'',39,7),(144,'(Musikstück 1)','',53,1,50,'Jan van der Goot',NULL,'',11,2),(145,'(Musikstück 1)','',54,1,66,'Jan van der Goot',NULL,'',11,2),(146,'(Musikstück 1)','',55,1,67,'Jan van der Goot',NULL,'',4,6),(147,'(Musikstück 1)','',56,1,68,'Jan van der Goot',NULL,'',40,7),(148,'(Musikstück 1)','',57,1,69,'',NULL,'2024',41,14),(149,'(Musikstück 1)','',58,1,70,'James Ployhar',NULL,'xxx',16,6),(150,'(Musikstück 1)','',59,1,70,'Jerry Brubaker',NULL,'xxx',16,6),(151,'(Musikstück 1)','',60,1,71,'Victor Lopez',NULL,'XXX',16,6),(152,'(Musikstück 1)','',61,1,70,'Calvin Custer',NULL,'XXX',16,6),(153,'(Musikstück 1)','',62,1,54,'John Wasson',NULL,'xxx',16,6),(154,'(Musikstück 1)','',63,1,70,'Michael Story',NULL,'xxx',16,6),(155,'(Musikstück 1)','',64,1,72,'John Whitney',NULL,'xxx',16,6),(156,'(Musikstück 1)','',65,1,73,'Paul Lavender',NULL,'xxx',16,6),(157,'(Musikstück 1)',NULL,66,1,NULL,NULL,NULL,'',NULL,NULL),(158,'(Musikstück 2)','',66,2,74,'Jack Bullock (ASCAP)',NULL,'',42,6),(159,'(Musikstück 1)','',67,1,75,'Larry Moore',NULL,'XXX',43,6),(160,'(Musikstück 1)','',68,1,53,'Ted Ricketts',NULL,'',9,6),(161,'(Musikstück 1)','',69,1,76,'',NULL,'XXX',44,13),(162,'(Musikstück 1)','',70,1,63,'Steven Sondheim',NULL,'XXX',39,6),(163,'(Musikstück 1)','',71,1,71,'Victor López',NULL,'XXX',40,6),(164,'(Musikstück 1)','',72,1,64,'Bob Cerulli',NULL,'XXX',16,6),(165,'(Musikstück 1)','',73,1,78,'',NULL,'XXX',17,13),(166,'(Musikstück 1)','',74,1,65,'Jerry Brubaker',NULL,'Nicht aufgeführt bisher',17,13),(167,'(Musikstück 1)','',75,1,79,'Jerome Naulais',NULL,'XXX',2,6),(168,'(Musikstück 1)','',76,1,74,'Jack Bullock',NULL,'XXX',45,6),(169,'(Musikstück 1)','Hoboken VIIe:1',77,1,15,'',NULL,'xxx, 2023',46,1),(170,'(Musikstück 1)','',78,1,24,'',NULL,'2023',47,3),(171,'(Musikstück 1)','',79,1,80,'',NULL,'',NULL,13),(172,'(Musikstück 1)','RV 422',80,1,81,'',NULL,'xxx',46,3),(173,'(Musikstück 1)','RV 399',81,1,81,'',NULL,'xxx',46,3),(174,'(Musikstück 1)','Opus 24',82,1,82,'',NULL,'(nicht aufgeführt) ',10,2),(175,'(Musikstück 1)','',83,1,83,'',NULL,'(nicht aufgeführt)',46,3),(176,'(Musikstück 1)','Hob. XVIII:11',84,1,15,'',NULL,'2022',46,1),(177,'(Musikstück 1)','',85,1,81,'Boris Björn Bagger',NULL,'XXX',46,3),(178,'(Musikstück 1)','',86,1,76,'',NULL,'2022, + XXX',44,9),(179,'(Musikstück 1)','',87,1,84,'Daniel Adoué',NULL,'XXX',48,9),(180,'(Musikstück 1)','',88,1,85,'Norbert Studnitzky',NULL,'XXX',40,9),(181,'(Musikstück 1)','',89,1,86,'',NULL,'2.Satz xxx',46,2),(182,'(Musikstück 1)','(Op. 114) MWV Q 24',90,1,51,'orchestr. v. Carl Baermann',NULL,'xxx',10,2),(183,'(Musikstück 1)','Op. X, RV 434',91,1,81,'',NULL,'xxx',46,3),(184,'(Musikstück 1)','Op. 35',92,1,87,'',NULL,'xxx',46,2),(185,'(Musikstück 1)','',93,1,88,'',NULL,'XXX',46,15),(187,'(Musikstück 2)','',95,2,89,'Joannes Wojciechowski',NULL,'XXX',46,1),(188,'Concertino','',96,1,90,'Gordon Jacob',NULL,'',46,3),(189,'(Musikstück 1)','PV 411',97,1,81,'',NULL,'XXX',46,3),(190,'(Musikstück 1)','PV 129, RV 545',98,1,81,'',NULL,'XXX (nicht so lang her) ',46,3),(191,'(Musikstück 1)','',99,1,24,'',NULL,'',46,3),(192,'(Musikstück 1)','op. 47/2, RV 533',100,1,81,'',NULL,'XXX',46,3),(193,'(Musikstück 1)','op. 2',101,1,91,'(bearbeitet, ohne Angabe)',NULL,'XXX',46,2),(194,'(Musikstück 1)','',102,1,92,'',NULL,'xxx',46,3),(195,'(Musikstück 1)','',103,1,93,'',NULL,'',46,3),(196,'(Musikstück 1)','',104,1,9,'',NULL,'',46,3),(197,'(Musikstück 1)','KV 417',105,1,1,'',NULL,'',46,1),(198,'Studie I','',106,1,47,'Robert Stanton',NULL,'xxx',10,13),(199,'Studie II','',106,2,47,'Robert Stanton',NULL,'xxx',10,13),(200,'Studie III','',106,3,47,'Ro',NULL,'',10,13),(201,'(Musikstück 1)','',107,1,94,'',NULL,'',45,6),(202,'(Musikstück 1)','',108,1,72,'Douglas E. Wagner',NULL,'',16,6),(203,'(Musikstück 1)','TWV 52:d1',109,1,24,'',NULL,'',46,3),(204,'(Musikstück 1)','HWV 7',110,1,9,'Arie: Michel Rondeau ',NULL,'XXX',35,3),(205,'(Musikstück 1)','',111,1,1,'',NULL,'XXX',35,1),(206,'(Musikstück 1)','',112,1,95,'',NULL,'',35,2),(207,'Concerto erste Fassung, 1844','Op. 64',113,1,51,'',NULL,'xxx',46,2),(208,'(Musikstück 1)','Op. 20',114,1,96,'Wolfgang Birtel',NULL,'',10,2),(209,'Concerto zweite Fassung, 1844','Op. 64',113,1,51,'',NULL,'xxx',46,2),(210,'(Musikstück 1)','Op. 20',115,1,96,'',NULL,'xxx',10,2),(211,'(Musikstück 1)','Op. 26',116,1,97,'',NULL,'xxx',10,2),(212,'(Musikstück 1)','Opus 3, Nr. 6',117,1,81,'',NULL,'xxx',46,3),(214,'(Musikstück 1)','Op. 3 Nr. 11, RV 565',118,1,81,'',NULL,'',47,3),(215,'(Musikstück 1)','Hob VIIa:4*',119,1,15,'',NULL,'xxx',46,1),(216,'(Musikstück 1)','Op. 3 Nr. 3',120,1,81,'',NULL,'xxx',46,3),(217,'(Musikstück 1)','BWV 1043',121,1,7,'',NULL,'',46,3),(218,'(Musikstück 1)','',122,1,98,'',NULL,'',49,3),(219,'(Musikstück 1)','op. 3 Nr 1',123,1,81,'',NULL,'XXX',46,3),(220,'Meditation','op. 42',124,1,60,'Alexandre Lascae',NULL,'XXX',10,2),(221,'Scherzo','op. 42',124,2,60,'Alexandre Lascae',NULL,'',10,2),(222,'Mélodie','op. 42',124,3,60,'Alexandre Lascae',NULL,'',10,2),(223,'(Musikstück 1)','op. 34',125,1,60,'Alexandre Lascae',NULL,'XXX',10,2),(225,'Studie IV','',106,4,47,'Robert Stanton',NULL,'',10,13),(226,'Studie V','',106,5,47,'',NULL,'',10,13),(227,'Studie VI','',106,6,47,'',NULL,'',10,13),(228,'(Musikstück 1)','',126,1,95,'Duncan Reid',NULL,'',35,2),(229,'(Musikstück 1)','BWV 1067',127,1,7,'',NULL,'XXX',13,3),(230,'(Musikstück 1)','',128,1,7,'L. C. Harnsberger',NULL,'XXX, 2023 ',50,3),(231,'(Musikstück 1)','',129,1,99,'',NULL,'',23,3),(232,'Danse Macabre fro Symohonic Poem in g-minor','Op. 40',130,1,42,'Harvey S. Whistler, Herman',NULL,'',51,2),(233,'(Musikstück 1)','',131,1,56,'Lloyd Conley',NULL,'',17,2),(234,'(Musikstück 1)','',132,1,100,'',NULL,'',13,14),(235,'(Musikstück 1)','',133,1,59,'',NULL,'',47,3),(236,'Tanzfolge 4 zu 4 Stimmen',' aus dem Jahre 1612',134,1,101,'',NULL,'',55,8),(237,'(Musikstück 1)','KV 124',135,1,1,'',NULL,'',23,1),(238,'(Musikstück 1)','TWV 55: B 11',136,1,24,'',NULL,'',13,3),(239,'(Musikstück 1)','',137,1,102,'Stephen Bulla',NULL,'XXX',52,13),(240,'Prologue pur la Paix','',138,1,103,'',NULL,'XXX',35,3),(243,'Prologue - Ballet figuré','',138,2,103,'',NULL,'',35,3),(244,'Premier Acte - 8 Entré','',138,3,103,'',NULL,'',35,3),(245,'Premier Acte - Ballet figuré (1)','',138,4,103,'',NULL,'',35,3),(246,'Premier Acte - Ballet figuré (2)','',138,6,103,'',NULL,'',35,3),(247,'Premier Acte - Ballet figuré (3)','',138,7,103,'',NULL,'',35,3),(248,'Deuxième Acte - Ballet figuré (1)','',138,8,103,'',NULL,'',35,3),(249,'Deuxième Acte - Ballet figuré (1)','',138,9,103,'',NULL,'',35,3),(250,'Troisième Acte ','',138,10,103,'',NULL,'',35,3),(252,'Compléments - Première Acte Version de 1764 - Ballet figuré (1)','',138,5,103,'',NULL,'',35,3),(253,'(Musikstück 1)','München 1570',139,1,105,'',NULL,'',53,8),(254,'(Musikstück 2)','Stettin 1597',139,2,105,'',NULL,'',53,8),(255,'(Musikstück 1)','',140,1,106,'',NULL,'',10,13),(256,'(Musikstück 1)','BWV 147',141,1,7,'Wolfgang Birtel',NULL,'',50,3),(257,'(Musikstück 1)','',142,1,107,'',NULL,'xxx',47,13),(258,'(Musikstück 1)','Op. 20',143,1,56,'',NULL,'xxx',54,2),(259,'(Musikstück 1)','',144,1,108,'',NULL,'',NULL,13),(260,'Tanzfolge 5 zu 5 Stimmen','',134,2,101,'',NULL,'',55,8),(261,'Tanzfolge 6 zu 5 Stimmen','',134,3,101,'',NULL,'',55,8),(262,'1. O Gott, du frommer Gott','',145,1,7,'Franz Beyer',NULL,'',56,3),(263,'2. Fuga super: Jesus Christus, unser Heiland','',145,2,7,'Franz Beyer',NULL,'xxx',56,3),(264,'3. Kyrie. Gott Vater in Ewigkeit','',145,3,7,'Franz Beyer',NULL,'',56,3),(265,'4. O Mensch, bewein\' dein Sünde groß','',145,4,7,'Franz Beyer',NULL,'',56,3),(266,'5. Das alte Jahr vergangen ist','',145,5,7,'Franz Beyer',NULL,'',56,3),(267,'6. Wenn wir in höchsten Nöten sein','',145,6,7,'Franz Beyer',NULL,'xxx',56,3),(268,' St. Paul\'s Suite ','',146,1,109,'',NULL,'XXX',13,14),(269,'Lyrisches Andante','',146,2,110,'',NULL,'XXX',34,10),(270,'(Musikstück 1)','KV 525',147,1,1,'',NULL,'',54,1),(271,'Ouverture','',148,1,103,'',NULL,'',35,3),(273,'Giant Burger Blues','',8,3,18,'Kaluza, Günter',NULL,'',9,7),(274,'Cottonfields','',149,1,112,'Michael Radanovics',NULL,'',2,6),(275,'(Musikstück 2)','',149,2,16,'Michael Radanovics',NULL,'',2,6),(276,'Lily of the West','',150,1,16,'Michael Radanovics',NULL,'',2,6),(277,'Tom Dooley','',150,2,16,'Michael Radanovics',NULL,'',2,6),(278,'(Musikstück 1)','BWV 1079',151,1,7,'',NULL,'2008',57,3),(279,'(Musikstück 1)','op.11',152,1,113,'',NULL,'',34,13),(280,'(Musikstück 1)','',153,1,16,'Michael Story',NULL,'2024',2,6),(281,'(Musikstück 1)','Op. 80',154,1,48,'Louis Bergonzi',NULL,'2025',58,2),(282,'(Musikstück 1)','',155,1,114,'Graham Sheen',NULL,'',35,2),(283,'(Musikstück 1)','',156,1,115,'Nicholas Hare',NULL,'',40,6),(284,'(Musikstück 1)','',157,1,116,'Alfred Pfortner',NULL,'',35,2),(285,'(Musikstück 1)','',158,1,117,'Robert Gillespie',NULL,'',35,2),(286,'(Musikstück 1)','',159,1,118,'Robert Longfield',NULL,'',38,2),(287,'Desde Santa Cruz','',160,1,16,'Jürgen Hübscher',NULL,'',2,6),(288,'Mi caballo blanco','',160,2,16,'Jürgen Hübscher',NULL,'',2,6),(289,'Ay si, ay no','',160,3,16,'Jürgen Hübscher',NULL,'',2,6),(290,'Joropeando','',160,4,16,'Jürgen Hübscher',NULL,'',2,6),(291,'El arbol y la hoja ','',160,5,16,'Jürgen Hübscher',NULL,'',2,6),(292,'Vidalita ... Yo tenia un ranchito','',160,6,16,'Jürgen Hübscher',NULL,'',2,7),(293,'Al canaveral espeso','',160,7,16,'Jürgen Hübscher',NULL,'',2,6),(294,'El Burro','',160,8,16,'Jürgen Hübscher',NULL,'',2,6),(295,'(Musikstück 1)','',161,1,50,'Terry Cathrine',NULL,'XXX',23,2),(296,'(Musikstück 1)','',162,1,42,'Barbara Dobretsberger',NULL,'',19,2),(298,'(Musikstück 1)','',163,1,20,'Barbara Dobretsberger',NULL,'',59,2),(299,'(Musikstück 1)','',164,1,1,'Barbara Dobretsberger',NULL,'XXX',35,1),(301,'(Musikstück 1)','',165,1,119,'Barbara Dobretsberger',NULL,'',35,10),(302,'Big Blast','',8,4,18,'Kaluza, Günter',NULL,'',9,13),(303,'Get smart','',8,5,18,'Kaluza, Günter',NULL,'',9,7),(304,'Solid Sound','',8,6,18,'Kaluza, Günter',NULL,'',9,7),(305,'Super Charger','',8,7,18,'Kaluza, Günter',NULL,'',9,7),(306,'She-Won\'t-Listen Blues','',8,8,18,'Kaluza, Günter',NULL,'',50,7),(307,'(Musikstück 1)','',166,1,120,'',NULL,'',60,2),(308,'(Musikstück 1)','AKI 120 ß ? ',167,1,121,'',NULL,'',13,7),(309,'Go Down Moses','',168,1,16,'Michael Radanovics',NULL,'',2,6),(310,'Michael Row The Boat Ashore','',168,2,16,'Michael Radanovics',NULL,'',2,6),(311,'Nobody Knows The Trouble I\'ve Seen','',168,3,16,'Michael Radanovics',NULL,'',2,6),(312,'He\'s Got The Whole World','',168,4,16,'Michael Radanovics',NULL,'',2,6),(313,'Oh Freedom','',168,5,16,'Michael Radanovics',NULL,'',2,6),(314,'Kumbajah','',168,6,16,'Michael Radanovics',NULL,'',2,6),(315,'Down By The Riverside','',168,7,16,'Michael Radanovics',NULL,'',2,6),(316,'(Musikstück 1)','',169,1,116,'Georges Sanev',NULL,'',35,2),(318,'(Musikstück 1)','',170,1,42,'Barbara Dobretsberger',NULL,'',19,2),(319,'(Musikstück 1)','',171,1,16,'James Rae',NULL,'xxx',9,6),(320,'(Musikstück 1)','',172,1,16,'James Rae',NULL,'',9,6),(321,'Concerto 1','',173,1,122,'',NULL,'',61,3),(322,'Concerto 2','',173,2,122,'',NULL,'',61,3),(323,'Concerto 3','',173,3,122,'',NULL,'2023',61,3),(324,'Choral \"Zion hört die Wächter singen\" aus Kantate \"Wachet auf, ruft und die Stimme\"','BWV 140',174,1,7,'',NULL,'xxx',50,3),(325,'Arie \"Flößt, mein Heiland, flößt dein Namen\" aus \"Weihnachtsoratorium\" Teil IV','BWV 248',174,2,7,'',NULL,'xxx',36,3),(326,'Arie \"How beautifull are the feet\"','HWV 56',174,3,9,'',NULL,'xxx',36,3),(327,'(Musikstück 1)','HWV 5',175,1,9,'',NULL,'',13,3),(328,'Tanzen und Springen','',176,1,123,'E. Reichelt',NULL,'',34,8),(329,'Kommt, Ihr G\'spielen','',176,2,124,'',NULL,'',34,8),(330,'Christus der uns selig macht','',176,3,7,'Manfred Harras',NULL,'',62,3),(331,'Christe du Lamm Gottes','',176,4,53,'',NULL,'',62,6),(332,'An der schönen blauen Donau','op. 314',177,1,125,'Richard Krentzlin',NULL,'',63,2),(333,'Morgenblätter','op 279',177,2,125,'Richard Krentzlin',NULL,'',63,2),(334,'Künstlerleben','Op. 316',177,3,125,'Richard Krentzlin',NULL,'',63,2),(335,'Geschichten aus dem Wienerwald','op. 325',177,4,125,'Richard Krentzlin',NULL,'',63,2),(336,'Wiener Blut','op. 354',177,5,125,'Richard Krentzlin',NULL,'',63,2),(337,'Wie mein Ahnl zwanzig Jahr (aus der Operette \"der Vogelhändler\")','',177,7,126,'Richard Krentzlin',NULL,'',63,2),(338,'Laura-Walzer (aus der Operette \"der Bettelstudent\")','',177,8,127,'Richard Krentzlin',NULL,'',63,2),(339,'Annen-Walzer (aus der Operertte \"Nanon\")','',177,9,128,'Richard Krentzlin',NULL,'',63,2),(340,'Brautschau-Polka (aus der Operette \"Der Zigeuner-Baron\")','',177,10,125,'Richard Krentzlin',NULL,'',60,2),(342,'Wein, Weib und Gesang','op 333',177,6,125,'Richard Krentzlin',NULL,'',63,2),(343,'Dichter und Bauer - aus der Ouverture','',177,11,129,'Richard Krentzlin',NULL,'',58,2),(344,'(Musikstück 1)','KV 414',178,1,1,'',NULL,'',46,1),(345,'Concerto No. 1 - Frühling','op. 8 Nr 1 - RV 269 ',179,1,81,'',NULL,'',46,3),(346,'Concerto No. 2 - Sommer','op. 8 Nr 2 - RV 315',179,2,81,'',NULL,'',46,3),(347,'Concerto No. 3 - Herbst','op. 8 Nr 3 - RV 293',179,3,81,'',NULL,'',46,3),(348,'Concerto No. 1 - Winter','op. 8 No 4 - RV 297',179,4,114,'',NULL,'',46,3),(349,'Space Suite','',180,1,130,'',NULL,'',13,6),(350,'Travel Suite','',180,2,130,'',NULL,'',13,6),(351,'Globe-trotting Suite','',180,3,130,'',NULL,'',13,6),(352,'Theme Park Suite','',180,4,130,'',NULL,'',13,6),(353,'Extras','',180,5,130,'',NULL,'',34,6),(354,'Rounds (Kanons)','',180,6,130,'',NULL,'',65,6),(355,'(Musikstück 1)','',181,1,61,'Jean Sibelius',NULL,'XXX',66,2),(356,'(Musikstück 1)','',182,1,46,'Walter Thomas Heyn ',NULL,'XXX',34,1),(358,'(Musikstück 1)','aus KV 331 (Auszug)',183,1,1,'Walter Thomas Heyn',NULL,'XXX',34,1),(359,'(Musikstück 1)','',184,1,65,'Roberto Domingos',NULL,'',34,13),(360,'(Musikstück 1)','',185,1,42,'Merle J. Isaac',NULL,'',35,2),(361,'(Musikstück 1)','',186,1,131,'',NULL,'',34,6),(362,'Concerto 3 (3. Brandenburgisches Konzert)','',187,1,7,'',NULL,'',61,3),(363,'Concerto 4 (4. Brandenburgisches Konzert)','BWV 1049',187,2,7,'',NULL,'',61,3),(364,'Orgelkonzert Nr 2 B-Dur','op 4 Nr 3 HWV 290',187,3,9,'',NULL,'',46,3),(365,'(Musikstück 1)','aus op. 44',188,1,61,'',NULL,'',67,2),(366,'Version 1, 1839','',189,1,51,'',NULL,'XXX',58,2),(367,'Version 2, 1839','',189,1,51,'',NULL,'XXX',58,2),(368,'(Musikstück 1)','D 644',191,1,6,'',NULL,'xxx',58,2),(369,'(Musikstück 1)','',192,1,116,'',NULL,'',35,2),(370,'1. Ouvertüre','',193,1,116,'Frank Goebel',NULL,'xxx',35,2),(371,'2. Suse, liebe Suse','',193,2,116,'Frank Goebel',NULL,'xxx',35,2),(372,'3. Brüderchen, komm tanz mit mir','',193,3,116,'Frank Goebel',NULL,'xxx',35,2),(373,'4. Ach, wir armen Leute','',193,4,116,'G. Buchner',NULL,'xxx',35,2),(374,'5. Eine Hex\', steinalt','',193,5,116,'G. Buchner',NULL,'xxx',35,2),(375,'6. Ein Männlein steht im Walde','',193,6,116,'Frank Goebel',NULL,'xxx',35,2),(376,'7. Abendsegen','',193,7,116,'Frank Goebel',NULL,'xxx',35,2),(377,'8. Oh herrlich Schlösschen','',193,8,116,'Gerhard Buchner',NULL,'xxx',35,2),(378,'9. Hexenritt','',193,9,116,'Frank Goebel',NULL,'xxx',35,2),(379,'10. Erlöst, befreit / Die Hexerei ist nun vorbei','',193,10,116,'Frank Goebel',NULL,'xxx',35,2),(380,'Eröffnungsfanfare','',193,0,133,'',NULL,'xxx',34,6),(381,'(Musikstück 1)','',194,1,65,'Instrumentiert von Ferde Gofré',NULL,'',46,13),(382,'(Musikstück 1)','Op. 89',195,1,51,'',NULL,'',58,2),(383,'(Musikstück 1)','Op. 1',196,1,134,'',NULL,'',58,2),(384,'(Musikstück 1)','Op. 21',197,1,46,'',NULL,'xxx',23,1),(385,'(Musikstück 1)','',198,1,135,'für Streichorchester arrangiert von W.G. Whittaker',NULL,'',35,3),(386,'(Musikstück 1)','',199,1,48,'Jack Bullock (ASCAP)',NULL,'2024',18,2),(387,'1.','Op. 64',200,1,20,'',NULL,'',68,2),(388,'2.','Op. 64',200,2,20,'',NULL,'',68,2),(389,'3.','Op. 64',200,3,20,'',NULL,'',68,2),(390,'4.','Op. 64',200,4,20,'',NULL,'',17,2),(391,'1. ','Op. 35',201,1,20,'Hans Sitt',NULL,'xxx',68,2),(392,'2.','Op. 35',201,2,20,'Hans Sitt',NULL,'xxx',68,2),(393,'3.','Op. 35',201,3,20,'Hans Sitt',NULL,'xxx',68,2),(394,'4.','Op. 35',201,4,20,'Hans Sitt',NULL,'xxx',68,2),(395,'(Musikstück 1)','Op. 32, Nr. 3',202,1,136,'Hans Sitt',NULL,'',17,2),(396,'1.','Op. 55',203,1,20,'',NULL,'xxx',59,2),(397,'(Musikstück 1)','Op. 46',204,1,20,'',NULL,'xxx',59,2),(398,'Morgenstimmung Übungsstück','',204,2,20,'',NULL,'',NULL,NULL),(399,'Morgenstimmung Klavierauszug','Op. 46',204,3,20,'unbekannt',NULL,'',69,2),(400,'(Musikstück 1)','op 73',205,1,48,'',NULL,'',23,2),(401,'(Musikstück 1)','aus op. 84',206,1,46,'',NULL,'XXX',59,1),(402,'(Musikstück 1)','op 26',207,1,51,'',NULL,'XXX',58,2),(403,'(Musikstück 1)','',208,1,66,'',NULL,'2010',70,2),(405,'(Musikstück 1)','Op. 98b',211,1,50,'',NULL,'xxx',13,2),(406,'(Musikstück 1)','Op. 11',212,1,51,'',NULL,'xxx',23,2),(407,'(Musikstück 1)','KV 201',213,1,1,'',NULL,'xxx',23,1),(408,'(Musikstück 1)','Op. 97',214,1,4,'',NULL,'xxx',23,2),(409,'','Hob.I:45',215,1,15,'',NULL,'xxx',23,1),(410,'','1943-44 komponiert',216,1,138,'',NULL,'',13,13),(411,'','op 15',217,1,46,'',NULL,'XXX',46,1),(412,'','',218,1,139,'',NULL,'XXX',46,1),(413,'','KV 382',219,1,1,'Vinzenz Lachner (für Streicher gesetzt) ',NULL,'',10,1),(414,'','op 73',220,1,140,'',NULL,'',46,1),(415,'','BWV 1056',221,1,7,'',NULL,'',46,3),(416,'','BWV 248',223,1,7,'Stefan Taupe',NULL,'2024',36,3),(417,'1.','',224,1,65,'Dennis Seiter',NULL,'',11,13),(418,'2.','',224,2,65,'Dennis Seiter',NULL,'',11,13),(419,'3.','',224,3,65,'Dennis Seiter',NULL,'',11,13),(420,'','Op. 76',225,1,42,'',NULL,'',10,2),(421,'','KV 413',226,1,1,'',NULL,'',46,1),(422,'','Op. 25',227,1,51,'',NULL,'',46,2),(423,'','',228,1,51,'',NULL,'',23,2),(424,'','op 26',229,1,61,'',NULL,'XXX',70,2),(425,'','',230,1,141,'Tina Ternes',NULL,'XXX',34,13),(426,'','D 759',231,1,6,'',NULL,'XXX',23,2),(428,'','KV 385',232,1,1,'',NULL,'XXX',23,1),(429,'','',233,1,142,'',NULL,'',46,NULL),(430,'','BWV 1055',234,1,7,'',NULL,'',46,3),(431,'','Op. VII Nr. 5',235,1,143,'',NULL,'',46,1),(432,'','',236,1,143,'',NULL,'',46,3),(433,'','',237,1,139,'',NULL,'',46,1),(434,'1. In a Garden','',240,1,144,'',NULL,'',NULL,NULL),(435,'','',245,1,145,'',NULL,'',NULL,NULL),(437,'','',246,2,145,'',NULL,'',NULL,NULL),(438,'','',247,1,145,'',NULL,'',NULL,NULL),(439,'','',248,1,145,'',NULL,'',NULL,NULL),(440,'Autumn','',272,1,146,'',NULL,'',NULL,NULL),(441,'Copycat','',272,2,146,'',NULL,'',NULL,NULL),(442,'Marziale','',272,3,146,'',NULL,'',NULL,NULL),(443,'Blue Rock','',272,4,146,'',NULL,'',NULL,NULL),(444,'Idyll','',272,5,146,'',NULL,'',NULL,NULL),(445,'Jazz Walz','',272,6,146,'',NULL,'',NULL,NULL),(446,'Romp!','',272,7,146,'',NULL,'',NULL,NULL),(447,'Theme Tune','',272,8,146,'',NULL,'',NULL,NULL),(448,'Romance','',272,9,146,'',NULL,'',NULL,NULL),(449,'Bow Down!','',272,10,146,'',NULL,'',NULL,NULL),(450,'Präludium','',275,1,147,'',NULL,'',NULL,NULL),(451,'Fels und Semmel','',275,2,147,'',NULL,'',NULL,NULL),(452,'Kopfkissen','',275,3,147,'',NULL,'',NULL,NULL),(453,'Ruf','',275,4,147,'',NULL,'',NULL,NULL),(454,'Hier und Jetzt','',275,5,147,'',NULL,'',NULL,NULL),(455,'Vision','',275,6,147,'',NULL,'',NULL,NULL),(456,'Final E','',275,7,147,'',NULL,'',NULL,NULL),(457,'1. Saitenspaziergang','',274,1,148,'',NULL,'',NULL,NULL),(458,'2. Liebe kleine Geige','',274,2,148,'',NULL,'',NULL,NULL),(459,'3. Tanz der Spatzen','',274,3,148,'',NULL,'',NULL,NULL),(460,'4. Wenn der Sandmann einschläft','',274,4,148,'',NULL,'',NULL,NULL),(461,'5. Kleine Reise auf 2 Seiten, von a-moll nach d-moll und G-Dur','',274,5,148,'',NULL,'',NULL,NULL),(462,'6. Häschen, hüpf! ','',274,6,148,'',NULL,'',NULL,NULL),(463,'7. Der kleine Grashüpfer','',274,7,148,'',NULL,'',NULL,NULL),(464,'8. Der Froschtanz','',274,8,148,'',NULL,'',NULL,NULL),(465,'9. Känguru mit Kind','',274,9,148,'',NULL,'',NULL,NULL),(466,'10. Etwas traurig','',274,10,148,'',NULL,'',NULL,NULL),(467,'11. Kleiner Marienkäfer','',274,11,148,'',NULL,'',NULL,NULL),(468,'12. Geburtstagsständchen ','',274,12,148,'',NULL,'',NULL,NULL),(469,'13. Wenn Blumen blüh\'n ','',274,13,148,'',NULL,'',NULL,NULL),(470,'14. Kleine Träumerei für Lenchen','',274,14,148,'',NULL,'',NULL,NULL),(471,'15. Die Kuckucksuhr','',274,15,148,'',NULL,'',NULL,NULL),(472,'16. Jogging','',274,16,148,'',NULL,'',NULL,NULL),(473,'17. Trotzkopf','',274,17,148,'',NULL,'',NULL,NULL),(474,'18. Uns\'re kleine Katze','',274,18,148,'',NULL,'',NULL,NULL),(475,'19. Der Kreisel','',274,19,148,'',NULL,'',NULL,NULL),(476,'20. Der Dudelsack','',274,20,148,'',NULL,'',NULL,NULL),(477,'21. Die kleine Schaukel ','',274,21,148,'',NULL,'',NULL,NULL),(478,'22. Die große Schaukel','',274,22,148,'',NULL,'',NULL,NULL),(479,'23. Der Müde Walzer','',274,23,148,'',NULL,'',NULL,NULL),(480,'24. Der kleine Träumer Pit','',274,24,148,'',NULL,'',NULL,NULL),(481,'25. Große Träumerei für Lena','',274,25,148,'',NULL,'',NULL,NULL),(482,'26. Polka für Pinguine','',274,26,148,'',NULL,'',NULL,NULL),(483,'27. Die Hasenpolka','',274,27,148,'',NULL,'',NULL,NULL),(484,'28. Kranker Vogel','',274,28,148,'',NULL,'',NULL,NULL),(485,'29. Der Zwei-Saiten-Walzer','',274,29,148,'',NULL,'',NULL,NULL),(486,'30. Hase und Igel','',274,30,148,'',NULL,'',NULL,NULL),(487,'31. Die aufgeregten Hühner','',274,31,148,'',NULL,'',NULL,NULL),(488,'32. Konzert für Hummel und Mücke','',274,32,148,'',NULL,'',NULL,NULL),(489,'33. Regentropfen tanzen','',274,33,148,'',NULL,'',NULL,NULL),(490,'34. Das 2-Saiten-Menuett','',274,34,148,'',NULL,'',NULL,NULL),(491,'35. Großes Präludium für Kleine Geigen','',274,35,148,'',NULL,'',NULL,NULL),(492,'36. Großes Familien-Konzert','',274,36,148,'',NULL,'',NULL,NULL),(493,'37. Oh, When the Saints','',274,37,16,'Manfred Schmitz',NULL,'',NULL,NULL),(494,'38. Comin\' Round The Mountain (trad.) ','',274,38,16,'Manfred Schmitz',NULL,'',NULL,NULL),(495,'39. Sonatine G-Dur, 1. Satz','',274,39,46,'Manfred Schmitz',NULL,'',NULL,NULL),(496,'40. Soldaten-Marsch (aus \"Album für die Jugend\") ','',274,40,4,'Manfred Schmitz',NULL,'',NULL,NULL),(497,'41. Musette - Aus dem \"Notenbüchlein für Anna Magdalena Bach\" ','',274,41,7,'Manfred Schmitz',NULL,'',NULL,NULL),(498,'42. Menuett - Aus dem \"Notenbüchlein für Anna Magdalena Bach\" ','',274,42,7,'Manfred Schmitz',NULL,'',NULL,NULL),(499,'43. Eccosaise','',274,43,46,'Manfred Schmitz',NULL,'',NULL,NULL),(500,'1. Aus der Zopfzeit','Opus 28 Nr 1',276,1,149,'',NULL,'',71,2),(501,'2. Kleiner Mohrentanz','Opus 28 Nr 2',276,2,149,'',NULL,'',71,2),(502,'3. Wiener Tanzweise','Opus 28 Nr 3',276,3,149,'',NULL,'',71,2),(503,'4. Kosaken-Ritt','Opus 28 Nr 4',276,4,149,'',NULL,'',71,2),(504,'Love me Tender','',273,1,150,'Jerry Lanning',NULL,'',40,6),(505,'We all stand Together','',273,2,115,'Jerry Lanning',NULL,'',40,6),(506,'Banks of Ohio','',273,3,16,'Jerry Lanning',NULL,'',72,6),(507,'On Christmas Night','',273,4,16,'Jerry Lanning',NULL,'',73,NULL),(508,'Ode to Joy (Theme from the 9th Symphony) ','',273,5,46,'Jerry Lanning',NULL,'',NULL,1),(509,'Sometimes when we touch','',273,6,151,'Jerry Lanning',NULL,'',40,6),(510,'Blowin\' in the Wind','',273,7,152,'Jerry Lanning',NULL,'',40,NULL),(511,'Tales of The Unexpected (Theme from) ','',273,8,153,'Jerry Lanning',NULL,'',16,NULL),(512,'I\'d Like to Teach the World to Sing','',273,9,154,'Jerry Lanning',NULL,'',40,NULL),(513,'Unchained Melody','',273,10,155,'Jerry Lanning',NULL,'',40,NULL),(514,'Morning has Broken','',273,11,16,'Jerry Lanning',NULL,'',72,NULL),(515,'Jingle Bells','',273,12,16,'Jerry Lanning',NULL,'',73,NULL),(516,'Fiddler on the Roof','',273,13,156,'Jerry Lanning',NULL,'',39,NULL),(517,'Little Brown Jug','',273,14,16,'Jerry Lanning',NULL,'',NULL,NULL),(518,'Scarborough Fair','',273,15,16,'Jerry Lanning',NULL,'',NULL,NULL),(519,'Amazing Grace','',273,16,16,'Jerry Lanning',NULL,'',NULL,NULL),(520,'One Day at a Time','',273,17,157,'Jerry Lanning',NULL,'',74,NULL),(521,'This Ole House','',273,18,158,'Jerry Lanning',NULL,'',75,NULL),(522,'Hey Jude','',273,19,159,'Jerry Lanning',NULL,'',40,NULL),(523,'Country Gardens','',273,20,16,'Jerry Lanning',NULL,'',NULL,NULL),(524,'East-Enders','',273,21,160,'Jerry Lanning',NULL,'',16,NULL),(525,'1. Bunt sind schon die Wälder','',271,1,161,'',NULL,'',72,1),(526,'2. Hejo, Spann den Wagen an (Kanon zu 3 Stimmen)','',271,2,53,'',NULL,'',65,NULL),(527,'3. Wind, Wind sause (Kanon zu 3 Stimmen)','',271,3,162,'',NULL,'',65,NULL),(528,'4. Der Herbst, der Herbst, der Herbst ist da','',271,4,163,'',NULL,'',72,NULL),(529,'5. Drachenlied','',271,5,164,'',NULL,'',76,NULL),(530,'6. Regenlied','',271,6,165,'',NULL,'',76,NULL),(531,'7. Der Nußbaum','',271,7,165,'',NULL,'',76,NULL),(532,'8. Spannenlanger Hansel','',271,8,16,'',NULL,'',72,NULL),(533,'9. Laterne, Laterne','',271,9,16,'',NULL,'',72,NULL),(534,'10. Ich geh mit meiner Laterne','',271,10,16,'',NULL,'',72,NULL),(535,'11. Durch die Straßen auf und Nieder','',271,11,166,'',NULL,'',76,NULL),(536,'12. St. Martin','',271,12,16,'',NULL,'',72,NULL),(537,'13. Lasst uns froh und munter sein','',271,13,16,'',NULL,'',72,NULL),(538,'14. Morgen kommt der Nikolaus','',271,14,167,'',NULL,'',76,NULL),(539,'15. Wir sagen euch an','',271,15,168,'',NULL,'',72,NULL),(540,'16. Dicke rote Kerzen','',271,16,169,'',NULL,'',76,NULL),(541,'17. Es kommt ein Schiff (Köln 1608, Text um 1450))','',271,17,16,'',NULL,'',72,NULL),(542,'18. Rudolph the red nosed reindeer','',271,18,58,'',NULL,'',NULL,NULL),(543,'19. In der Weihnachtsbäckerei','',271,19,167,'',NULL,'',76,NULL),(544,'20. Leise rieselt der Schee','',271,20,11,'',NULL,'',72,NULL),(545,'21. Schneeflöckchen, Weißröckchen','',271,21,16,'',NULL,'',72,NULL),(546,'22. ABC','',271,22,16,'',NULL,'',72,NULL),(547,'23. Es ist für uns eine Zeit angekommen (altes Sterndreherlied)','',271,23,16,'',NULL,'',72,NULL),(548,'24. Aber Heidschi Bumbeitschi (mündl. Überlieferung Bayern)','',271,24,16,'',NULL,'',72,NULL),(549,'25. Winter Wonderland','',271,25,171,'',NULL,'',NULL,NULL),(550,'26. Und in dem Schneegebirge (18. Jh.) ','',271,26,53,'',NULL,'',72,NULL),(551,'27. Ach, bittrer Winter (Ambraser Liederbuch 1582)','',271,27,53,'',NULL,'',72,NULL),(552,'28. Der Bratapfel','',271,28,172,'',NULL,'',72,NULL),(553,'29. Nehmt Abschied, Brüder (Schottisches Silvesterlied) ','',271,29,53,'',NULL,'',72,NULL),(554,'30. Schnell eilt die Zeit (Melodie nach Friedrich Silcher)','',271,30,53,'',NULL,'',72,NULL),(555,'31. Wir kommen daher aus dem Morgenland','',271,31,168,'',NULL,'',72,NULL),(556,'33. Heilgen 3 König (Volksweise)','',271,32,53,'',NULL,'',72,NULL),(557,'Hard and Fast','',267,1,145,'',NULL,'',NULL,NULL),(590,'1. Bunt sind schon die Wälder','',279,1,161,'',NULL,'',72,1),(591,'2. Hejo, Spann den Wagen an (Kanon zu 3 Stimmen)','',279,2,53,'',NULL,'',65,NULL),(592,'3. Wind, Wind sause (Kanon zu 3 Stimmen)','',279,3,162,'',NULL,'',65,NULL),(593,'4. Der Herbst, der Herbst, der Herbst ist da','',279,4,163,'',NULL,'',72,NULL),(594,'5. Drachenlied','',279,5,164,'',NULL,'',76,NULL),(595,'6. Regenlied','',279,6,165,'',NULL,'',76,NULL),(596,'7. Der Nußbaum','',279,7,165,'',NULL,'',76,NULL),(597,'8. Spannenlanger Hansel','',279,8,16,'',NULL,'',72,NULL),(598,'9. Laterne, Laterne','',279,9,16,'',NULL,'',72,NULL),(599,'10. Ich geh mit meiner Laterne','',279,10,16,'',NULL,'',72,NULL),(600,'11. Durch die Straßen auf und Nieder','',279,11,166,'',NULL,'',76,NULL),(601,'12. St. Martin','',279,12,16,'',NULL,'',72,NULL),(602,'13. Lasst uns froh und munter sein','',279,13,16,'',NULL,'',72,NULL),(603,'14. Morgen kommt der Nikolaus','',279,14,167,'',NULL,'',76,NULL),(604,'15. Wir sagen euch an','',279,15,168,'',NULL,'',72,NULL),(605,'16. Dicke rote Kerzen','',279,16,169,'',NULL,'',76,NULL),(606,'17. Es kommt ein Schiff (Köln 1608, Text um 1450))','',279,17,16,'',NULL,'',72,NULL),(607,'18. Rudolph the red nosed reindeer','',279,18,58,'',NULL,'',NULL,NULL),(609,'19. Leise rieselt der Schee','',279,19,11,'',NULL,'',72,NULL),(610,'20. Schneeflöckchen, Weißröckchen','',279,20,16,'',NULL,'',72,NULL),(611,'21. ABC','',279,21,16,'',NULL,'',72,NULL),(612,'22. Es ist für uns eine Zeit angekommen (altes Sterndreherlied)','',279,22,16,'',NULL,'',72,NULL),(613,'23. Aber Heidschi Bumbeitschi (mündl. Überlieferung Bayern)','',279,23,16,'',NULL,'',72,NULL),(614,'25. Winter Wonderland','',279,25,171,'',NULL,'',NULL,NULL),(615,'24. Und in dem Schneegebirge (18. Jh.) ','',279,24,53,'',NULL,'',72,NULL),(616,'26. Ach, bittrer Winter (Ambraser Liederbuch 1582)','',279,26,53,'',NULL,'',72,NULL),(617,'27. Der Bratapfel','',279,27,172,'',NULL,'',72,NULL),(618,'28. Nehmt Abschied, Brüder (Schottisches Silvesterlied) ','',279,28,53,'',NULL,'',72,NULL),(619,'29. Schnell eilt die Zeit (Melodie nach Friedrich Silcher)','',279,29,53,'',NULL,'',72,NULL),(620,'30. Wir kommen daher aus dem Morgenland','',279,30,168,'',NULL,'',72,NULL),(621,'31. Heilgen 3 König (Volksweise)','',279,31,53,'',NULL,'',72,NULL),(622,'Swingalong','',267,2,145,'',NULL,'',NULL,NULL),(623,'Waltz','',267,3,145,'',NULL,'',NULL,NULL),(624,'Cowboy Chorus','',267,4,145,'',NULL,'',NULL,NULL),(625,'Lightly Row (Hänschen Klein) ','',267,5,145,'',NULL,'',76,NULL),(626,'The Noble Duke of York','',267,6,145,'',NULL,'',NULL,NULL),(627,'Twinkle, Twinkle little Star (Morgen kommt der Weihnachtsmann)','',267,7,145,'',NULL,'',NULL,NULL),(628,'Jingle Bells','',267,8,145,'',NULL,'',NULL,NULL),(629,'French Folk Tune','',267,9,145,'',NULL,'',72,NULL),(630,'Frére Jaques (Bruder Jakob)','',267,10,145,'',NULL,'',72,NULL),(631,'Old McDonald','',267,11,145,'',NULL,'',72,NULL),(632,'Peter Piper (Peter Dudelsack-Spieler)','',267,12,145,'',NULL,'',NULL,NULL),(633,'Fish Cakes and Apple Pie','',267,13,145,'',NULL,'',NULL,NULL),(634,'Walking, Talking','',267,14,145,'',NULL,'',NULL,NULL),(635,'Choo chug-a-chug (z.B. als Zwischenmusik) ','',267,15,145,'',NULL,'',NULL,NULL),(636,'Creeping and Crawling','',267,16,145,'',NULL,'',NULL,NULL),(637,'Manchester United','',267,17,145,'',NULL,'',NULL,NULL),(638,'Michael Mackintosh','',267,18,145,'',NULL,'',NULL,NULL),(639,'Fanfare march','',267,19,145,'',NULL,'',NULL,NULL),(640,'Hard and Fast','',280,1,145,'',NULL,'',NULL,NULL),(641,'Swingalong','',280,2,145,'',NULL,'',NULL,NULL),(642,'Waltz','',280,3,145,'',NULL,'',NULL,NULL),(643,'Cowboy Chorus','',280,4,145,'',NULL,'',NULL,NULL),(644,'Lightly Row (Hänschen Klein) ','',280,5,145,'',NULL,'',76,NULL),(645,'The Noble Duke of York','',280,6,145,'',NULL,'',NULL,NULL),(646,'Twinkle, Twinkle little Star (Morgen kommt der Weihnachtsmann)','',280,7,145,'',NULL,'',NULL,NULL),(647,'Jingle Bells','',280,8,145,'',NULL,'',NULL,NULL),(648,'French Folk Tune','',280,9,145,'',NULL,'',72,NULL),(649,'Frére Jaques (Bruder Jakob)','',280,10,145,'',NULL,'',72,NULL),(650,'Old McDonald','',280,11,145,'',NULL,'',72,NULL),(651,'Peter Piper (Peter Dudelsack-Spieler)','',280,12,145,'',NULL,'',NULL,NULL),(652,'Fish Cakes and Apple Pie','',280,13,145,'',NULL,'',NULL,NULL),(653,'Walking, Talking','',280,15,145,'',NULL,'',NULL,NULL),(654,'Choo chug-a-chug (z.B. als Zwischenmusik) ','',280,16,145,'',NULL,'',NULL,NULL),(655,'Creeping and Crawling','',280,17,145,'',NULL,'',NULL,NULL),(656,'Manchester United','',280,18,145,'',NULL,'',NULL,NULL),(657,'Michael Mackintosh','',280,14,145,'',NULL,'',NULL,NULL),(658,'Fanfare march','',280,20,145,'',NULL,'',NULL,NULL),(659,'Sound for Us (2 part Canon) ','',268,1,53,'Sheila M. Nelson',NULL,'',65,NULL),(660,'London\'s burning (4-part round) ','',268,2,16,'Sheila M. Nelson',NULL,'',65,NULL),(661,'Drummers March','',268,3,145,'',NULL,'',4,NULL),(662,'Fiddle and Flute (3-Part Round)','',268,4,16,'Sheila M. Nelson',NULL,'',65,NULL),(663,'Favourite Round','',268,5,53,'Sheila M. Nelson',NULL,'',65,NULL),(664,'My Dame hath a lame, tame crane (4-part round) ','',268,7,16,'Sheily M. Nelson',NULL,'',65,NULL),(665,'Tallis\' Kanon (8-part Kanon, ca. 1561)','',268,8,173,'Sheila M. Nelson',NULL,'',65,8),(666,'Summer Song','',268,9,145,'',NULL,'',NULL,NULL),(667,'Long, Long ago','',268,6,174,'Sheila M. Nelson',NULL,'',NULL,NULL),(668,'Summer is a-coming in (6-part round) (english, 13th century)','',268,10,53,'Sheila M. Nelson',NULL,'',65,NULL),(669,'Echo Dance','',268,11,145,'',NULL,'',NULL,NULL),(670,'Ave Maria (3-part round)','',268,12,53,'Sheila M. Nelson',NULL,'',65,NULL),(671,'Idle Cowboy','',268,13,145,'',NULL,'',NULL,NULL),(672,'Three Blind Mice (4- part round)','',268,14,16,'Sheila M. Nelson',NULL,'',65,NULL),(673,'Gavotte','',268,15,9,'Sheila M. Nelson',NULL,'',3,3),(675,'Harriet Halibut','',280,19,145,'',NULL,'',NULL,NULL),(676,'I sing when I\'m happy','',268,16,145,'',NULL,'',NULL,NULL),(677,'The Rose (4 part round)','',268,17,175,'',NULL,'',65,1),(678,'Oh, how lovely is the evening (3 part round)','',268,18,53,'Sheila M. Nelson',NULL,'',65,NULL),(679,'Rumba Time','',268,19,145,'',NULL,'',NULL,NULL),(680,'A Boat, a Boat! (3part round) ','',268,20,176,'Sheila M. Nelson',NULL,'',65,8),(681,'Haste thee, nymph (Beeile dich, Nymphe)','',268,21,177,'Sheila M. Nelson',NULL,'',65,16),(682,'The flower wondrous-fair (Das Blümchen wunder-hold) ','',268,22,46,'Sheila M. Nelson',NULL,'',2,1),(683,'Come Follow (3part round) ','',268,23,178,'',NULL,'',65,3),(684,'Oh my Love (18th Century or earlier) (4-part round)','',268,24,53,'Sheila M. Nelson',NULL,'',65,NULL),(685,'The four-poster bed (Das Himmelbett) (mit Bewegungsübung) (Country Dance)','',268,25,16,'Sheila M. Nelson',NULL,'',NULL,NULL),(686,'Emperor Walz (Kaiser-Walzer)','',268,26,125,'Sheila M. Nelson',NULL,'',63,2),(687,'Litte Brown Jug','',268,27,179,'Sheila M. Nelson',NULL,'',NULL,NULL),(688,'La Bergamasca (16th century) ','',249,1,53,'Kathy & David Blackwell',NULL,'',34,8),(689,'Autumn (from The four Seasons) ','',249,2,81,'Kathy & David Blackwell',NULL,'',NULL,3),(690,'Let us chase the Squirrel ','',249,3,16,'Kathy & David Blackwell',NULL,'',NULL,NULL),(691,'One Little Candle (Traditional Jewish) ','',249,4,16,'Kathy & David Blackwell',NULL,'',NULL,NULL),(692,'I am a Fine Musician (Ich bin ein Musikante) ','',249,5,16,'Kathy & David Blackwell',NULL,'',72,NULL),(693,'The Bear ist Sleaping','',249,6,16,'Kathy & David Blackwell',NULL,'',76,NULL),(694,'Boat Song (Lullaby) (Traditional Chinese) ','',249,7,16,'Kathy & David Blackwell',NULL,'',72,NULL),(695,'Dumplings (Teigtaschen) (Traditional Jamaican)','',249,8,16,'Nikki Iles',NULL,'',NULL,NULL),(696,'Andulko (Traditional Czech) ','',249,9,16,'Kathy & David Blackwell ',NULL,'',72,NULL),(697,'Supercalifragilisticexplialidocious (from Disney, Mary Poppins) ','',249,10,180,'Cathy and David Blackwell',NULL,'',78,6),(698,'High Road to Linton (Traditional Scottish) ','',249,11,16,'Kathy & David Blackwell',NULL,'',34,6),(699,'Melody bei Mozart (from Violin Sonata KV 302, Last Movement) ','',249,12,1,'Kathy & David Blackwell',NULL,'',34,1),(700,'Gavotta','',249,13,181,'Kathy & David Blackwell',NULL,'',3,3),(701,'The Pine Tree was burning (Traditional Ukrainian, Wedding Song) ','',249,14,16,'Kathy & David Blackwell',NULL,'',34,6),(702,'The Great Gate of Kyiv (From Pictures at an Exhibition)','',249,15,45,'Kathy & David Blackwell',NULL,'',19,2),(703,'Agincourt Song (Anonymus English, 15th Century) ','',249,16,16,'Kathy & David Blackwell',NULL,'',34,8),(704,'Royal March of the Lion (from The Carnival of The Animals, Karneval der Tiere) ','',249,17,42,'Kathy & David Blackwell',NULL,'',19,13),(705,'Rigaudon (From Pièces de clavecin, Book 2)','',249,18,182,'Kathy & David Blackwell',NULL,'',3,3),(706,'Jacob\'s Ladder (Traditionel English) ','',249,19,16,'Kathy & David Blackwell',NULL,'',72,6),(707,'Chevalier\'s Rondeau (from String Quartet op. 1 Nr 3)','',249,20,183,'Kathy & David Blackwell',NULL,'',3,1),(708,'Senwa dedende, senwa (Traditional Ghanaian)','',250,1,16,'Nikki Iles',NULL,'',34,6),(709,'Chiquinha\'s Waltz','',250,2,184,'Kathy and David Blackwell',NULL,'',34,6),(710,'The Hippopotamus','',250,3,185,'Kathy and David Blackwell',NULL,'',34,6),(711,'Ah, poor bird / Rose, Rose (Traditional English)','',250,4,16,'Kathy and David Blackwell',NULL,'',34,6),(712,'The Road to Lisdoonvarna (Traditional Irish)','',250,5,16,'Kathy and David Blackwell',NULL,'',79,6),(713,'Allegetto from Violin Sonata Op. 1 No. 1','',250,6,186,'Kathy and David Blackwell',NULL,'',14,3),(714,'Dipidu (Traditional Ugandan) ','',250,7,16,'Kathy and David Blackwell',NULL,'',34,6),(715,'The Schoolmaster (from Symphony No 55 HOB 1:55, Second Movement) ','',250,8,15,'Kathy and David Blackwell',NULL,'',34,1),(716,'Song of the Birds (from Spring, The Four Seasons, Op. 8) ','',250,9,81,'Kathy and David Blackwell',NULL,'',34,3),(717,'La Donna é Mobile (aus Rigoletto) ','',250,10,55,'Kathy and David Blackwell',NULL,'',35,2),(718,'Trio (From \"Haffner Symphony KV 385, 3th Movement) ','',250,11,1,'Kathy and David Blackwell',NULL,'',34,1),(719,'The Light of the Moon (Traditional Polish) ','',250,12,16,'Ross Stephen',NULL,'',34,6),(720,'Contedanse (from Les Indes Galantes) ','',250,13,103,'Kathy and David Blackwell',NULL,'',3,3),(721,'Pierrot et Pierrette (from Children\'s Carnival, op. 25) ','',250,14,187,'Kathy and David Blackwell',NULL,'',34,2),(722,'For Julie (from Three Piano Sonatas for the Young, op. 118 Nr. 1) ','',250,15,4,'Kathy and David Blackwell',NULL,'',34,2),(723,'Rondeau Theme (from Sonata for Flute and Harp, 3th Movement) ','',250,16,183,'Kathy and David Blackwell',NULL,'',34,1),(724,'I want to be ready (African / Amaerican Spiritual) ','',250,17,16,'Kathy and David Blackwell',NULL,'',80,6),(725,'Ale Brider (Traditional yiddish) ','',250,18,16,'Franklyn Gellnick',NULL,'',72,6),(726,'Dudelsack Dance (from Peasant Cantata, BWV 212) ','',250,19,7,'Kathy and David Blackwell',NULL,'',NULL,3),(727,'Bransle de la Torche (From Terpsichore) ','',250,20,101,'Kathy and David Blackwell',NULL,'',3,8),(732,'Abschnitt A - 1. Altes Deutsches Lied - Melodie aus dem 16. Jhd. ','',282,1,53,'Elma und Erich Doflein',NULL,'',34,8),(733,'Abschnitt A - 2. Kleine Melodie (18. Jhd.) ','',282,2,53,'Elma und Erich Doflein',NULL,'',34,6),(734,'Abschnitt A - 3. Französisches Liedchen (1741) ','',282,3,188,'Elma und Erich Doflein',NULL,'',34,3),(735,'Abschnitt A - 4. Suchen und Finden (Tanz nach Michael Praetorious, 1612) ','',282,4,101,'Elma und Erich Doflein',NULL,'',3,8),(736,'Abschnitt A - 5. Festmusik (18. Jhd) ','',282,5,53,'Elma und Erich Doflein',NULL,'',34,6),(737,'Abschnitt A - 6. \"Go from my Window\" (altes englisches Lied) ','',282,6,53,'Elma und Erich Doflein',NULL,'',34,6),(738,'Abschnitt A - 7. Bauerntanz (nach Francisque Caroubel, bei M. Prätorius) ','',282,7,101,'Elma und Erich Doflein',NULL,'',3,8),(739,'Abschnitt A - 8. Reigen (nach M. Prätorius)','',282,8,101,'Elma und Erich Doflein',NULL,'',3,8),(740,'Abschnitt A - 9. \"Nanette, Nanette ...\" (aus 3 Stücke aus einem Spielbuch um 1740) ','',282,9,53,'Elma und Erich Doflein',NULL,'',34,3),(741,'Abschnitt A - 10. Gavotte  (aus 3 Stücke aus einem Spielbuch um 1740)','',282,10,53,'Elma und Erich Doflein',NULL,'',55,3),(742,'Abschnitt A - 11. Die Jagd (aus 3 Stücke aus einem Spielbuch um 1740)','',282,11,53,'Elma und Erich Doflein',NULL,'',34,3),(743,'Contredanse Nr. 12 (from \"12 Contredances\", WoO 14)  ','',251,1,46,'Kathy and David Blackwell',NULL,'',3,1),(744,'Rabbit Foot ','',251,2,189,'Kathy and David Blackwell',NULL,'',34,6),(745,'Minuet','',251,3,181,'Kathy and David Blackwell',NULL,'',3,3),(747,'Canzonetta (from Album des Enfants, op 123) ','',251,4,190,'Kathy and David Blackwell',NULL,'',34,2),(748,'Jupiter (from the Planetas, op. 32)  ','',251,5,109,'Kathy and David Blackwell',NULL,'',34,10),(749,'L\'cha Dodi (Traditional Jewish)','',251,6,16,'Franklyn Gellnick',NULL,'',34,6),(750,'Für Elise','',251,7,46,'Kathy and David Blackwell',NULL,'',34,1),(751,'Mi Teresita (der Tochter gewidmet)  ','',251,8,191,'Kathy and David Blackwell',NULL,'',34,2),(752,'Bella ciao (Traditional italian, antifaschistische Hymne - ursprünglich Arbeiterlied) ','',251,9,16,'Kathy and David Blackwell',NULL,'',72,6),(753,'Gavotte (Nr 2 from Childrens Album op. 36) ','',251,10,187,'Kathy and David Blackwell',NULL,'',3,10),(754,'Deep River (African-American Spiritual) ','',251,11,NULL,'Kathy and David Blackwell',NULL,'',80,NULL),(755,'Flight of the Swans (from Swan Lake, Op. 20)','Op. 20',251,12,60,'Kathy and David Blackwell',NULL,'',38,2),(756,'Water in the Moonlight ','',251,13,192,'Kathy and David Blackwell',NULL,'',34,6),(757,'Halya Carries Water (Traditional Ukrainien)','',251,14,16,'Ros Stephen, Julian Rowlands',NULL,'',72,6),(758,'La Campanella (\"Glocken\", from Violin-Concerto No. 2 op 7, third Movement) ','',251,15,193,'Kathy and David Blackwell',NULL,'',34,2),(759,'Habanera (from Dama de Ouros) ','',251,16,184,'Kathy and David Blackwell',NULL,'',81,6),(760,'March in A (from The Anna Magdalena Bachbook, of 1725) (Notenbüchlein für Anna Magdalena Bach)  ','',251,17,195,'Kathy and David Blackwell',NULL,'',4,16),(761,'Rondo á la Hornpipe (from Keyboard Sonata op. 3 / 3. Movement) ','',251,18,196,'Kathy and David Blackwell',NULL,'',82,1),(762,'Funeral March of a Marionette ','',251,19,197,'Kathy and David Blackwell',NULL,'',4,2);
/*!40000 ALTER TABLE `musikstueck` ENABLE KEYS */;
UNLOCK TABLES;

--
-- Table structure for table `musikstueck_besetzung`
--

DROP TABLE IF EXISTS `musikstueck_besetzung`;
/*!40101 SET @saved_cs_client     = @@character_set_client */;
/*!40101 SET character_set_client = utf8 */;
CREATE TABLE `musikstueck_besetzung` (
  `ID` int(11) unsigned NOT NULL AUTO_INCREMENT,
  `MusikstueckID` int(11) unsigned NOT NULL,
  `BesetzungID` int(11) unsigned NOT NULL,
  PRIMARY KEY (`ID`),
  UNIQUE KEY `uc_musikstueck_besetzung` (`MusikstueckID`,`BesetzungID`),
  KEY `BesetzungID` (`BesetzungID`),
  CONSTRAINT `musikstueck_besetzung_ibfk_1` FOREIGN KEY (`MusikstueckID`) REFERENCES `musikstueck` (`ID`),
  CONSTRAINT `musikstueck_besetzung_ibfk_2` FOREIGN KEY (`BesetzungID`) REFERENCES `besetzung` (`ID`)
) ENGINE=InnoDB AUTO_INCREMENT=1527 DEFAULT CHARSET=utf8;
/*!40101 SET character_set_client = @saved_cs_client */;

--
-- Dumping data for table `musikstueck_besetzung`
--

LOCK TABLES `musikstueck_besetzung` WRITE;
/*!40000 ALTER TABLE `musikstueck_besetzung` DISABLE KEYS */;
INSERT INTO `musikstueck_besetzung` VALUES (128,1,1),(150,9,2),(151,10,2),(152,11,2),(129,12,1),(130,13,1),(131,14,1),(132,15,1),(133,16,1),(153,17,3),(192,17,4),(154,18,3),(193,18,4),(155,19,3),(194,19,4),(156,20,3),(195,20,4),(157,21,3),(196,21,4),(158,22,3),(197,22,4),(159,23,3),(198,23,4),(199,24,4),(243,24,16),(160,25,3),(200,25,4),(161,26,3),(201,26,4),(162,27,3),(202,27,4),(203,28,4),(244,28,17),(163,29,3),(204,29,4),(164,30,3),(205,30,4),(165,31,3),(206,31,4),(166,32,3),(207,32,4),(167,33,3),(208,33,4),(168,34,3),(209,34,4),(169,35,3),(210,35,4),(170,36,3),(211,36,4),(245,36,18),(171,37,3),(212,37,4),(172,38,3),(213,38,4),(173,39,3),(214,39,4),(174,40,3),(215,40,4),(175,41,3),(216,41,4),(176,42,3),(217,42,4),(177,43,3),(218,43,4),(134,44,1),(135,45,1),(233,46,5),(234,47,5),(235,48,5),(236,49,5),(178,50,3),(219,50,4),(246,50,19),(179,51,3),(220,51,4),(247,51,19),(180,52,3),(221,52,4),(248,52,19),(181,53,3),(222,53,4),(249,53,19),(182,54,3),(223,54,4),(250,54,19),(183,55,3),(224,55,4),(251,55,19),(184,56,3),(225,56,4),(252,56,19),(185,57,3),(226,57,4),(253,57,19),(186,58,3),(227,58,4),(254,58,19),(187,59,3),(228,59,4),(255,59,19),(188,60,3),(229,60,4),(256,60,19),(189,61,3),(230,61,4),(257,61,19),(190,62,3),(231,62,4),(191,63,3),(232,63,4),(136,64,1),(137,66,1),(138,67,1),(139,68,1),(140,69,1),(141,70,1),(142,71,1),(143,72,1),(144,73,1),(145,74,1),(146,75,1),(147,76,1),(148,77,1),(149,78,1),(388,79,1),(436,80,1),(1513,81,1),(1514,82,1),(1515,83,1),(1516,84,1),(1517,85,1),(1518,86,1),(1519,87,1),(1520,88,1),(1521,89,1),(1522,90,1),(1523,91,1),(1524,92,1),(1525,93,1),(1526,94,1),(238,96,7),(240,97,8),(239,98,7),(407,99,4),(241,99,8),(242,100,9),(383,101,23),(384,101,24),(385,102,7),(386,102,25),(438,103,28),(401,104,28),(402,105,28),(393,106,4),(392,106,8),(394,106,27),(395,107,8),(399,108,29),(403,109,7),(404,109,30),(405,110,4),(406,110,7),(408,111,7),(409,112,4),(410,112,7),(411,113,7),(412,114,29),(413,115,7),(414,116,4),(415,116,7),(416,117,28),(417,118,7),(418,120,4),(419,120,7),(420,121,31),(421,122,7),(422,123,32),(423,124,4),(424,124,7),(425,125,4),(426,125,7),(427,126,33),(428,127,7),(429,128,7),(430,129,33),(431,130,34),(432,131,7),(435,132,7),(433,133,33),(434,134,33),(439,135,7),(440,136,32),(441,137,35),(443,138,36),(444,139,36),(445,141,36),(446,142,36),(447,143,36),(448,144,36),(449,145,36),(450,146,36),(451,147,36),(452,148,37),(454,149,7),(455,150,4),(456,150,7),(457,151,7),(458,152,7),(459,153,7),(460,154,4),(461,154,7),(462,155,7),(463,156,4),(464,158,4),(465,158,7),(466,159,7),(467,160,7),(468,161,7),(469,162,7),(471,163,38),(472,164,38),(474,165,7),(475,166,39),(476,167,7),(478,168,40),(479,169,41),(480,170,42),(481,171,43),(482,172,44),(483,173,44),(484,174,45),(485,175,46),(486,176,47),(487,177,48),(488,178,7),(489,179,7),(490,180,49),(491,181,50),(492,182,51),(493,183,52),(494,184,53),(496,184,54),(497,185,55),(498,187,56),(499,188,57),(500,189,58),(501,190,59),(502,191,60),(503,192,61),(505,193,62),(506,194,63),(507,195,63),(508,196,64),(509,197,65),(513,198,66),(511,198,67),(515,199,66),(514,199,67),(543,200,66),(542,200,67),(516,201,7),(518,202,4),(517,202,7),(519,203,68),(520,204,69),(522,205,70),(529,207,40),(524,208,72),(528,209,40),(526,210,40),(527,211,40),(530,212,73),(531,214,74),(532,215,73),(533,216,73),(535,217,76),(536,218,77),(537,219,78),(538,220,72),(539,221,72),(540,222,72),(541,223,72),(545,225,66),(544,225,67),(546,226,66),(547,226,67),(548,227,66),(549,227,67),(550,229,79),(551,230,7),(552,231,80),(554,232,81),(555,233,82),(556,234,4),(557,235,74),(560,236,3),(558,236,4),(559,236,19),(563,237,4),(562,237,80),(561,237,84),(564,238,85),(565,238,86),(566,239,87),(567,240,88),(576,243,95),(571,244,92),(577,245,88),(573,246,93),(574,247,93),(575,248,94),(578,249,94),(579,250,93),(582,252,88),(583,253,96),(585,254,96),(586,255,4),(587,255,97),(588,256,3),(590,256,4),(589,256,97),(591,257,4),(592,258,7),(593,259,4),(595,260,4),(594,260,19),(596,260,97),(597,261,4),(598,261,19),(599,261,97),(603,262,3),(600,262,4),(602,263,3),(601,263,4),(605,264,3),(604,264,4),(607,265,3),(606,265,4),(610,266,3),(608,266,4),(612,267,3),(611,267,4),(613,268,4),(616,269,4),(615,269,97),(618,270,3),(617,270,4),(1395,271,132),(620,273,3),(621,273,4),(622,274,3),(623,274,4),(625,275,3),(624,275,7),(627,276,3),(626,276,4),(629,277,3),(628,277,4),(630,278,4),(631,279,4),(632,280,7),(633,281,7),(634,282,36),(635,283,36),(636,284,98),(637,285,81),(638,286,81),(639,287,99),(640,288,99),(641,289,99),(642,290,99),(643,291,99),(644,292,99),(645,293,99),(646,294,99),(647,295,36),(648,296,36),(649,298,36),(650,299,36),(651,301,36),(655,302,3),(654,302,4),(653,303,3),(652,303,4),(657,304,3),(656,304,4),(658,305,3),(659,305,4),(661,306,3),(660,306,4),(662,307,3),(663,309,36),(665,310,36),(666,311,36),(664,312,36),(667,313,36),(668,314,36),(669,315,36),(670,316,36),(679,318,104),(671,319,36),(672,320,36),(673,321,100),(674,322,100),(675,323,100),(676,324,101),(677,325,102),(678,326,103),(680,328,105),(681,329,105),(682,330,105),(683,331,105),(684,332,1),(685,332,106),(686,333,1),(687,333,106),(688,334,1),(689,334,106),(690,335,1),(691,335,106),(692,336,1),(693,336,106),(694,337,1),(695,337,106),(697,338,1),(696,338,106),(698,339,1),(699,339,106),(700,340,1),(701,340,106),(702,342,1),(703,342,106),(704,343,1),(705,343,106),(706,344,107),(707,345,73),(708,346,73),(709,347,73),(710,348,73),(711,349,108),(712,350,108),(713,351,108),(714,352,108),(715,353,108),(717,354,109),(718,355,4),(719,356,47),(720,358,47),(721,360,7),(722,361,38),(723,362,80),(724,363,110),(725,364,111),(726,365,38),(727,366,7),(728,367,7),(729,368,7),(730,369,112),(731,370,7),(732,371,112),(733,372,112),(734,373,8),(735,374,8),(736,375,112),(737,376,112),(738,377,8),(740,378,38),(741,379,112),(742,380,113),(743,381,114),(744,382,7),(745,383,7),(746,384,7),(748,385,115),(749,386,38),(750,387,7),(751,388,7),(752,389,7),(753,390,7),(754,391,7),(755,392,7),(756,393,7),(757,394,7),(758,395,7),(759,396,7),(760,397,7),(761,398,4),(762,399,116),(763,400,7),(764,401,7),(765,402,7),(766,403,7),(767,405,7),(768,406,7),(769,407,38),(770,408,7),(771,409,38),(772,411,114),(773,412,118),(774,413,119),(775,414,47),(777,415,119),(778,416,8),(779,417,38),(780,418,38),(781,419,38),(782,420,119),(783,421,121),(784,421,122),(785,422,114),(786,423,4),(787,424,7),(788,425,7),(789,426,7),(790,428,7),(791,429,119),(792,430,119),(793,431,118),(794,432,119),(795,433,47),(803,434,1),(804,435,1),(805,437,1),(806,438,1),(807,439,1),(796,440,1),(797,441,1),(798,442,1),(799,443,1),(800,444,1),(801,445,1),(808,446,1),(809,447,1),(810,448,1),(811,449,1),(802,450,1),(812,451,1),(813,452,1),(814,453,1),(815,454,1),(816,455,1),(817,456,1),(830,457,1),(831,458,1),(819,458,104),(818,458,123),(832,459,1),(833,460,1),(834,461,1),(821,461,104),(820,461,123),(835,462,1),(836,463,1),(837,464,1),(838,465,1),(839,466,1),(823,466,104),(822,466,123),(840,467,1),(841,468,1),(842,469,1),(843,470,1),(844,471,1),(845,472,1),(825,472,104),(824,472,123),(846,473,1),(847,474,1),(848,475,1),(827,475,104),(826,475,123),(849,476,1),(829,476,104),(828,476,123),(850,477,1),(851,478,1),(869,479,1),(870,480,1),(871,481,1),(872,482,1),(873,483,1),(874,484,1),(862,484,104),(861,484,123),(875,485,1),(876,486,1),(877,487,1),(878,488,1),(879,489,1),(863,489,104),(864,489,123),(880,490,1),(881,491,1),(866,491,104),(865,491,123),(867,492,124),(883,493,1),(884,494,1),(885,495,1),(868,495,125),(886,496,1),(887,497,1),(888,498,1),(889,499,1),(927,500,1),(928,501,1),(929,502,1),(930,503,1),(960,504,1),(961,505,1),(962,506,1),(963,507,1),(964,508,1),(965,509,1),(966,510,1),(967,511,1),(968,512,1),(969,513,1),(970,514,1),(971,515,1),(972,516,1),(973,517,1),(974,518,1),(975,519,1),(976,520,1),(977,521,1),(978,522,1),(979,523,1),(980,524,1),(909,525,2),(900,525,123),(901,526,2),(902,526,123),(903,526,126),(906,527,2),(904,527,123),(905,527,126),(908,528,2),(907,528,123),(911,529,2),(910,529,123),(912,530,2),(913,530,123),(915,531,2),(914,531,123),(917,532,2),(916,532,123),(918,533,2),(919,533,123),(922,534,2),(920,534,123),(924,535,2),(923,535,123),(926,536,2),(925,536,123),(935,537,2),(934,537,123),(937,538,2),(936,538,123),(938,539,2),(939,539,123),(940,540,2),(941,540,123),(942,541,2),(943,541,123),(944,542,2),(945,542,123),(946,543,2),(947,543,123),(948,544,2),(949,544,123),(950,545,2),(951,545,123),(952,546,2),(953,546,123),(954,547,2),(955,547,123),(956,548,2),(957,548,123),(958,549,2),(959,549,123),(991,550,2),(992,550,123),(993,551,2),(994,551,123),(995,552,2),(996,552,123),(997,553,2),(998,553,123),(999,554,2),(1000,554,123),(1001,555,2),(1002,555,123),(1003,556,2),(1004,556,123),(1166,557,1),(1164,557,4),(1101,590,116),(1102,591,116),(1103,592,116),(1104,593,116),(1105,594,116),(1106,595,116),(1107,596,116),(1108,597,116),(1109,598,116),(1110,599,116),(1111,600,116),(1112,601,116),(1113,602,116),(1114,603,116),(1115,604,116),(1116,605,116),(1117,606,116),(1118,607,116),(1120,609,116),(1121,610,116),(1122,611,116),(1123,612,116),(1124,613,116),(1125,614,116),(1126,615,116),(1127,616,116),(1128,617,116),(1129,618,116),(1130,619,116),(1131,620,116),(1132,621,116),(1167,622,1),(1165,622,4),(1168,623,1),(1197,623,4),(1169,624,1),(1198,624,4),(1170,625,1),(1199,625,4),(1171,626,1),(1200,626,4),(1172,627,1),(1201,627,4),(1173,628,1),(1202,628,4),(1174,629,1),(1203,629,4),(1175,630,1),(1204,630,4),(1176,631,1),(1205,631,4),(1177,632,1),(1206,632,4),(1178,633,1),(1207,633,4),(1179,634,1),(1208,634,4),(1180,635,1),(1209,635,4),(1181,636,1),(1210,636,4),(1182,637,1),(1211,637,4),(1183,638,1),(1212,638,4),(1184,639,1),(1213,639,4),(1229,640,4),(1300,640,130),(1232,641,4),(1301,641,130),(1235,642,4),(1302,642,130),(1238,643,4),(1303,643,130),(1241,644,4),(1304,644,130),(1244,645,4),(1305,645,130),(1247,646,4),(1306,646,130),(1250,647,4),(1307,647,130),(1253,648,4),(1308,648,130),(1256,649,4),(1309,649,130),(1259,650,4),(1310,650,130),(1262,651,4),(1311,651,130),(1265,652,4),(1312,652,130),(1268,653,4),(1313,653,130),(1271,654,4),(1314,654,130),(1274,655,4),(1315,655,130),(1277,656,4),(1316,656,130),(1280,657,4),(1317,657,130),(1283,658,4),(1318,658,130),(1336,659,1),(1285,659,128),(1337,660,1),(1364,660,128),(1338,661,1),(1288,661,104),(1289,661,123),(1365,661,128),(1339,662,1),(1366,662,128),(1340,663,1),(1367,663,128),(1341,664,1),(1368,664,128),(1342,665,1),(1369,665,128),(1343,666,1),(1287,666,104),(1286,666,123),(1370,666,128),(1344,667,1),(1291,667,104),(1290,667,123),(1371,667,128),(1345,668,1),(1292,668,126),(1372,668,128),(1293,668,129),(1346,669,1),(1295,669,104),(1294,669,123),(1373,669,128),(1347,670,1),(1374,670,128),(1348,671,1),(1297,671,104),(1296,671,123),(1375,671,128),(1349,672,1),(1376,672,128),(1350,673,1),(1299,673,104),(1298,673,123),(1377,673,128),(1319,675,130),(1321,675,131),(1322,676,1),(1323,676,104),(1324,676,123),(1378,676,128),(1352,677,1),(1379,677,128),(1325,678,1),(1380,678,128),(1354,679,1),(1327,679,104),(1326,679,123),(1381,679,128),(1355,680,1),(1382,680,128),(1356,681,1),(1383,681,128),(1357,682,1),(1329,682,104),(1328,682,123),(1384,682,128),(1358,683,1),(1385,683,128),(1359,684,1),(1386,684,128),(1360,685,1),(1331,685,104),(1330,685,123),(1387,685,128),(1361,686,1),(1333,686,104),(1332,686,123),(1388,686,128),(1362,687,1),(1335,687,104),(1334,687,123),(1389,687,128),(1402,688,1),(1390,688,123),(1403,689,1),(1391,689,123),(1404,690,1),(1405,691,1),(1392,691,123),(1406,692,1),(1407,693,1),(1408,694,1),(1393,694,123),(1409,695,1),(1410,696,1),(1394,696,123),(1411,697,1),(1412,698,1),(1396,698,123),(1413,699,1),(1414,700,1),(1397,700,123),(1415,701,1),(1416,702,1),(1417,703,1),(1398,703,123),(1418,704,1),(1419,705,1),(1399,705,123),(1420,706,1),(1400,706,123),(1421,707,1),(1401,707,123),(1426,708,1),(1427,709,1),(1428,710,1),(1423,711,1),(1422,711,123),(1424,712,1),(1425,712,123),(1431,713,1),(1446,714,1),(1447,715,1),(1432,715,123),(1448,716,1),(1449,717,1),(1450,718,1),(1433,718,123),(1451,719,1),(1435,719,123),(1452,720,1),(1453,721,1),(1454,722,1),(1455,723,1),(1456,724,1),(1457,725,1),(1437,725,123),(1458,726,1),(1438,726,123),(1459,727,1),(1439,727,123),(1463,732,1),(1464,733,1),(1465,734,1),(1466,735,1),(1467,736,1),(1468,737,1),(1469,738,1),(1470,739,1),(1471,740,1),(1472,741,1),(1473,742,1),(1474,743,1),(1475,744,1),(1476,745,1),(1477,745,123),(1479,747,1),(1480,748,1),(1481,749,1),(1482,749,123),(1483,750,1),(1484,751,1),(1485,752,1),(1486,752,123),(1487,753,1),(1488,754,1),(1489,755,1),(1490,756,1),(1491,757,1),(1492,757,123),(1493,758,1),(1494,759,1),(1495,760,1),(1496,761,1),(1497,762,1);
/*!40000 ALTER TABLE `musikstueck_besetzung` ENABLE KEYS */;
UNLOCK TABLES;

--
-- Table structure for table `musikstueck_verwendungszweck`
--

DROP TABLE IF EXISTS `musikstueck_verwendungszweck`;
/*!40101 SET @saved_cs_client     = @@character_set_client */;
/*!40101 SET character_set_client = utf8 */;
CREATE TABLE `musikstueck_verwendungszweck` (
  `ID` int(11) unsigned NOT NULL AUTO_INCREMENT,
  `MusikstueckID` int(11) unsigned NOT NULL,
  `VerwendungszweckID` int(11) unsigned NOT NULL,
  PRIMARY KEY (`ID`),
  UNIQUE KEY `uc_musikstueck_verwendungszweck` (`MusikstueckID`,`VerwendungszweckID`),
  KEY `VerwendungszweckID` (`VerwendungszweckID`),
  CONSTRAINT `musikstueck_verwendungszweck_ibfk_1` FOREIGN KEY (`MusikstueckID`) REFERENCES `musikstueck` (`ID`),
  CONSTRAINT `musikstueck_verwendungszweck_ibfk_2` FOREIGN KEY (`VerwendungszweckID`) REFERENCES `verwendungszweck` (`ID`)
) ENGINE=InnoDB AUTO_INCREMENT=1847 DEFAULT CHARSET=utf8;
/*!40101 SET character_set_client = @saved_cs_client */;

--
-- Dumping data for table `musikstueck_verwendungszweck`
--

LOCK TABLES `musikstueck_verwendungszweck` WRITE;
/*!40000 ALTER TABLE `musikstueck_verwendungszweck` DISABLE KEYS */;
INSERT INTO `musikstueck_verwendungszweck` VALUES (1,1,1),(2,1,5),(3,15,1),(4,15,5),(5,17,9),(6,18,11),(7,19,3),(8,20,11),(9,21,3),(10,22,3),(11,23,11),(12,24,3),(13,25,11),(14,27,11),(98,28,3),(99,28,11),(15,29,11),(16,30,3),(17,31,11),(18,33,11),(19,35,11),(20,36,11),(21,37,11),(22,38,11),(23,40,11),(24,41,11),(25,42,11),(26,43,11),(27,50,4),(28,51,4),(29,52,4),(30,53,4),(31,54,4),(32,55,4),(33,56,4),(34,57,4),(35,58,4),(36,59,4),(37,60,4),(38,61,4),(1773,66,34),(1802,66,35),(1772,66,58),(1774,67,34),(1803,67,35),(1842,67,58),(1775,68,34),(1804,68,35),(1843,68,58),(1776,69,34),(1805,69,35),(1844,69,58),(1845,69,91),(1777,70,34),(1806,70,35),(1846,70,58),(1778,71,34),(1807,71,35),(1779,72,34),(1808,72,35),(1780,73,34),(1809,73,35),(1781,74,34),(1810,74,35),(1782,75,34),(1811,75,35),(1783,76,34),(1812,76,35),(1784,77,34),(1813,77,35),(1785,78,34),(1814,78,35),(1786,79,34),(1815,79,35),(1787,80,34),(1816,80,35),(1788,81,34),(1817,81,35),(1831,81,58),(1789,82,34),(1818,82,35),(1833,82,58),(1790,83,34),(1819,83,35),(1832,83,58),(1791,84,34),(1820,84,35),(1834,84,58),(1792,85,34),(1821,85,35),(1835,85,46),(1793,86,34),(1822,86,35),(1794,87,34),(1823,87,35),(1836,87,58),(1795,88,34),(1824,88,35),(1837,88,58),(1796,89,34),(1825,89,35),(1838,89,90),(1797,90,34),(1826,90,35),(1798,91,34),(1827,91,35),(1799,92,34),(1828,92,35),(1839,92,90),(1800,93,34),(1829,93,35),(1840,93,58),(1801,94,34),(1830,94,35),(1841,94,53),(42,99,3),(40,99,10),(41,99,11),(215,99,19),(45,100,3),(43,100,8),(44,100,11),(46,101,7),(1521,101,46),(47,102,3),(100,103,2),(64,104,2),(65,105,2),(51,106,3),(50,106,11),(212,106,19),(53,108,3),(52,108,11),(213,108,19),(66,110,11),(134,111,21),(67,112,11),(108,112,18),(210,112,19),(138,112,21),(68,114,11),(69,114,16),(72,115,3),(70,115,10),(71,115,11),(214,115,19),(73,117,2),(137,118,21),(74,121,7),(76,122,3),(75,122,10),(216,122,19),(77,124,7),(78,124,10),(79,125,7),(80,125,10),(135,125,21),(82,126,4),(81,126,11),(83,127,4),(84,127,11),(85,128,4),(86,128,11),(87,129,4),(88,129,11),(90,130,4),(89,130,11),(91,131,4),(92,131,11),(93,132,4),(94,132,11),(107,132,18),(96,133,4),(95,133,11),(211,133,19),(97,134,3),(102,135,17),(103,146,3),(104,147,3),(106,147,10),(136,154,21),(109,159,17),(110,162,17),(112,169,11),(114,170,11),(115,172,11),(116,172,18),(117,173,11),(118,173,18),(119,175,11),(120,177,11),(121,177,18),(123,183,11),(124,189,11),(125,189,18),(126,190,11),(127,191,11),(128,192,11),(129,194,11),(131,195,11),(132,196,11),(733,197,11),(133,197,18),(140,201,22),(139,202,22),(144,203,11),(142,204,11),(145,205,11),(146,212,11),(147,212,18),(148,214,11),(149,214,18),(150,215,11),(151,216,11),(152,217,11),(153,218,11),(154,219,11),(155,229,11),(156,230,11),(158,231,11),(157,231,18),(159,232,7),(162,233,7),(161,233,11),(160,233,18),(163,234,11),(164,235,11),(180,236,3),(165,237,22),(167,238,23),(279,240,11),(168,240,24),(280,243,11),(169,243,24),(170,253,11),(174,253,22),(172,254,11),(173,254,22),(175,255,10),(176,255,22),(177,256,11),(179,260,3),(178,261,3),(186,262,1),(185,262,4),(181,262,11),(183,263,1),(184,263,4),(182,263,11),(187,264,1),(188,264,4),(189,264,11),(190,265,1),(191,265,4),(192,265,11),(193,266,1),(194,266,4),(195,266,11),(196,267,1),(197,267,4),(198,267,11),(199,269,11),(200,269,18),(202,278,1),(201,278,11),(203,280,11),(204,280,18),(205,281,3),(209,281,19),(206,281,25),(207,284,7),(208,286,17),(217,295,7),(218,296,7),(1519,296,46),(219,298,7),(220,299,7),(221,301,7),(222,307,8),(223,316,7),(224,318,7),(1520,318,46),(226,321,4),(225,321,11),(228,322,4),(227,322,11),(230,323,4),(229,323,11),(232,324,4),(231,324,11),(233,325,11),(235,326,4),(234,326,11),(237,327,4),(236,327,11),(238,327,24),(239,330,4),(240,331,4),(251,332,26),(241,333,26),(242,334,26),(243,335,26),(244,336,26),(245,337,26),(246,338,26),(247,339,26),(248,340,26),(249,342,26),(250,343,26),(252,345,7),(253,346,7),(254,347,7),(255,348,7),(256,349,7),(257,350,7),(258,351,7),(259,352,7),(260,353,7),(261,354,7),(262,355,22),(263,362,11),(264,363,11),(265,365,11),(269,370,7),(270,371,7),(271,372,7),(272,373,7),(275,374,7),(276,375,7),(273,376,7),(274,376,11),(266,377,7),(267,378,7),(268,379,7),(278,380,7),(277,380,19),(281,383,22),(282,385,11),(284,386,11),(283,386,18),(285,386,21),(286,387,28),(287,388,28),(288,389,28),(289,390,28),(292,401,19),(294,401,30),(295,402,19),(296,409,31),(297,412,30),(298,413,30),(300,416,11),(299,416,18),(301,424,32),(302,429,22),(303,431,33),(329,434,34),(344,434,35),(330,435,34),(345,435,35),(331,437,34),(346,437,35),(332,438,34),(347,438,35),(333,439,34),(348,439,35),(305,440,34),(304,440,35),(1242,440,38),(1243,440,47),(307,441,34),(306,441,35),(309,442,34),(308,442,35),(1244,442,53),(311,443,34),(310,443,35),(1245,443,66),(313,444,34),(312,444,35),(1248,444,53),(315,445,34),(314,445,35),(1249,445,58),(317,446,34),(316,446,35),(1250,446,57),(323,447,34),(326,447,35),(324,448,34),(327,448,35),(1251,448,53),(325,449,34),(328,449,35),(785,450,19),(319,450,34),(318,450,35),(334,451,34),(349,451,35),(335,452,34),(350,452,35),(786,452,44),(336,453,34),(351,453,35),(337,454,34),(352,454,35),(787,454,64),(338,455,34),(353,455,35),(788,455,53),(789,456,20),(339,456,34),(354,456,35),(320,456,36),(321,456,37),(359,457,34),(390,457,35),(779,457,52),(360,458,34),(391,458,35),(734,458,52),(361,459,34),(392,459,35),(735,459,46),(362,460,34),(393,460,35),(736,460,44),(363,461,34),(394,461,35),(737,461,55),(364,462,34),(395,462,35),(738,462,46),(365,463,34),(396,463,35),(739,463,46),(366,464,34),(397,464,35),(740,464,46),(367,465,34),(398,465,35),(741,465,46),(368,466,34),(399,466,35),(742,466,53),(369,467,34),(400,467,35),(743,467,46),(370,468,34),(401,468,35),(744,468,56),(371,469,34),(402,469,35),(745,469,50),(372,470,34),(403,470,35),(746,470,44),(373,471,34),(404,471,35),(747,471,46),(374,472,34),(405,472,35),(748,472,57),(375,473,34),(406,473,35),(749,473,53),(376,474,34),(407,474,35),(750,474,46),(377,475,34),(408,475,35),(751,475,57),(378,476,34),(409,476,35),(753,476,52),(379,477,34),(410,477,35),(756,477,57),(380,478,34),(411,478,35),(755,478,57),(421,479,34),(452,479,35),(757,479,53),(422,480,34),(453,480,35),(758,480,53),(423,481,34),(454,481,35),(759,481,44),(424,482,34),(455,482,35),(760,482,46),(764,482,58),(425,483,34),(456,483,35),(761,483,46),(763,483,58),(426,484,34),(457,484,35),(762,484,46),(427,485,34),(458,485,35),(765,485,58),(428,486,34),(459,486,35),(766,486,46),(767,486,59),(429,487,34),(460,487,35),(768,487,46),(769,487,53),(430,488,34),(461,488,35),(770,488,46),(431,489,34),(462,489,35),(771,489,51),(432,490,34),(463,490,35),(772,490,58),(433,491,34),(464,491,35),(773,491,52),(434,492,34),(465,492,35),(774,492,60),(435,493,34),(466,493,35),(775,493,54),(776,493,61),(436,494,34),(467,494,35),(778,494,54),(437,495,34),(468,495,35),(438,496,34),(469,496,35),(439,497,34),(470,497,35),(780,497,58),(440,498,34),(471,498,35),(777,498,58),(441,499,34),(472,499,35),(781,499,58),(572,500,34),(579,500,35),(573,501,34),(580,501,35),(782,501,58),(574,502,34),(581,502,35),(783,502,58),(575,503,34),(582,503,35),(784,503,62),(586,504,34),(617,504,35),(587,505,34),(618,505,35),(588,506,34),(619,506,35),(589,507,34),(620,507,35),(590,508,34),(621,508,35),(591,509,34),(622,509,35),(592,510,34),(623,510,35),(593,511,34),(624,511,35),(594,512,34),(625,512,35),(595,513,34),(626,513,35),(596,514,34),(627,514,35),(597,515,34),(628,515,35),(598,516,34),(629,516,35),(599,517,34),(630,517,35),(1443,517,69),(600,518,34),(631,518,35),(601,519,34),(632,519,35),(602,520,34),(633,520,35),(603,521,34),(634,521,35),(604,522,34),(635,522,35),(605,523,34),(636,523,35),(606,524,34),(637,524,35),(510,525,34),(541,525,35),(483,525,38),(670,525,47),(790,525,50),(791,525,51),(1246,525,66),(511,526,34),(542,526,35),(484,526,38),(671,526,47),(793,526,51),(792,526,65),(512,527,34),(543,527,35),(485,527,38),(672,527,47),(513,528,34),(544,528,35),(486,528,38),(673,528,47),(514,529,34),(545,529,35),(487,529,38),(674,529,47),(515,530,34),(546,530,35),(488,530,38),(675,530,47),(516,531,34),(547,531,35),(489,531,38),(676,531,47),(517,532,34),(548,532,35),(490,532,38),(677,532,47),(518,533,34),(549,533,35),(491,533,39),(678,533,47),(519,534,34),(550,534,35),(492,534,39),(679,534,47),(520,535,34),(551,535,35),(493,535,39),(680,535,47),(521,536,34),(552,536,35),(494,536,39),(681,536,47),(495,537,9),(522,537,34),(553,537,35),(682,537,47),(496,538,9),(523,538,34),(554,538,35),(683,538,47),(524,539,34),(555,539,35),(497,539,40),(684,539,47),(525,540,34),(556,540,35),(498,540,40),(685,540,47),(526,541,34),(557,541,35),(499,541,40),(686,541,47),(501,542,11),(527,542,34),(558,542,35),(687,542,47),(502,543,11),(528,543,34),(559,543,35),(688,543,47),(503,544,11),(529,544,34),(560,544,35),(689,544,47),(530,545,34),(561,545,35),(504,545,42),(690,545,47),(531,546,34),(562,546,35),(505,546,42),(691,546,47),(532,547,34),(563,547,35),(506,547,42),(692,547,47),(533,548,34),(564,548,35),(507,548,44),(693,548,47),(508,549,11),(534,549,34),(565,549,35),(509,549,42),(694,549,47),(656,550,34),(663,550,35),(648,550,42),(695,550,47),(657,551,34),(664,551,35),(649,551,42),(696,551,47),(658,552,34),(665,552,35),(650,552,42),(651,552,45),(697,552,47),(659,553,34),(666,553,35),(698,553,47),(652,553,48),(660,554,34),(667,554,35),(699,554,47),(653,554,48),(661,555,34),(668,555,35),(700,555,47),(654,555,49),(662,556,34),(669,556,35),(701,556,47),(655,556,49),(1252,557,34),(1253,557,35),(1018,590,34),(1019,590,35),(1020,590,38),(1021,590,47),(1022,590,50),(1023,590,51),(1247,590,66),(1025,591,34),(1026,591,35),(1027,591,38),(1028,591,47),(1029,591,51),(1030,591,65),(1032,592,34),(1033,592,35),(1034,592,38),(1035,592,47),(1039,593,34),(1040,593,35),(1041,593,38),(1042,593,47),(1046,594,34),(1047,594,35),(1048,594,38),(1049,594,47),(1053,595,34),(1054,595,35),(1055,595,38),(1056,595,47),(1060,596,34),(1061,596,35),(1062,596,38),(1063,596,47),(1067,597,34),(1068,597,35),(1069,597,38),(1070,597,47),(1074,598,34),(1075,598,35),(1076,598,39),(1077,598,47),(1081,599,34),(1082,599,35),(1083,599,39),(1084,599,47),(1088,600,34),(1089,600,35),(1090,600,39),(1091,600,47),(1095,601,34),(1096,601,35),(1097,601,39),(1098,601,47),(1102,602,9),(1103,602,34),(1104,602,35),(1105,602,47),(1109,603,9),(1110,603,34),(1111,603,35),(1112,603,47),(1116,604,34),(1117,604,35),(1118,604,40),(1119,604,47),(1123,605,34),(1124,605,35),(1125,605,40),(1126,605,47),(1130,606,34),(1131,606,35),(1132,606,40),(1133,606,47),(1137,607,11),(1138,607,34),(1139,607,35),(1140,607,47),(1151,609,11),(1152,609,34),(1153,609,35),(1154,609,47),(1158,610,34),(1159,610,35),(1160,610,42),(1161,610,47),(1165,611,34),(1166,611,35),(1167,611,42),(1168,611,47),(1172,612,34),(1173,612,35),(1174,612,42),(1175,612,47),(1179,613,34),(1180,613,35),(1181,613,44),(1182,613,47),(1186,614,11),(1187,614,34),(1188,614,35),(1189,614,42),(1190,614,47),(1193,615,34),(1194,615,35),(1195,615,42),(1196,615,47),(1200,616,34),(1201,616,35),(1202,616,42),(1203,616,47),(1207,617,34),(1208,617,35),(1209,617,42),(1210,617,45),(1211,617,47),(1214,618,34),(1215,618,35),(1216,618,47),(1217,618,48),(1221,619,34),(1222,619,35),(1223,619,47),(1224,619,48),(1228,620,34),(1229,620,35),(1230,620,47),(1231,620,49),(1235,621,34),(1236,621,35),(1237,621,47),(1238,621,49),(1268,622,34),(1299,622,35),(1269,623,34),(1300,623,35),(1270,624,34),(1301,624,35),(1254,624,54),(1255,624,68),(1271,625,34),(1302,625,35),(1256,625,57),(1272,626,34),(1303,626,35),(1257,626,62),(1258,627,11),(1273,627,34),(1304,627,35),(1259,628,11),(1274,628,34),(1305,628,35),(1275,629,34),(1306,629,35),(1260,629,62),(1276,630,34),(1307,630,35),(1261,630,61),(1277,631,34),(1308,631,35),(1262,631,54),(1278,632,34),(1309,632,35),(1263,632,62),(1279,633,34),(1310,633,35),(1264,633,69),(1280,634,34),(1311,634,35),(1281,635,34),(1312,635,35),(1265,635,55),(1428,635,74),(1282,636,34),(1313,636,35),(1266,636,70),(1283,637,34),(1314,637,35),(1267,637,57),(1284,638,34),(1315,638,35),(1285,639,34),(1316,639,35),(1330,640,34),(1406,640,73),(1333,641,34),(1407,641,73),(1336,642,34),(1408,642,73),(1339,643,34),(1341,643,54),(1342,643,68),(1409,643,73),(1346,644,34),(1348,644,57),(1410,644,73),(1349,645,34),(1351,645,62),(1411,645,73),(1352,646,11),(1353,646,34),(1412,646,73),(1355,647,11),(1356,647,34),(1413,647,73),(1358,648,34),(1360,648,62),(1414,648,73),(1361,649,34),(1363,649,61),(1415,649,73),(1364,650,34),(1366,650,54),(1416,650,73),(1367,651,34),(1369,651,62),(1417,651,73),(1370,652,34),(1372,652,69),(1418,652,73),(1373,653,34),(1419,653,73),(1376,654,34),(1378,654,55),(1420,654,73),(1425,654,74),(1379,655,34),(1381,655,70),(1421,655,73),(1382,656,34),(1384,656,57),(1422,656,73),(1385,657,34),(1423,657,73),(1388,658,34),(1424,658,73),(1446,659,34),(1473,659,35),(1447,660,34),(1474,660,35),(1391,660,68),(1392,661,19),(1448,661,34),(1475,661,35),(1449,662,34),(1476,662,35),(1450,663,34),(1477,663,35),(1451,664,34),(1478,664,35),(1393,664,46),(1452,665,34),(1479,665,35),(1453,666,34),(1480,666,35),(1394,666,47),(1395,666,71),(1454,667,34),(1481,667,35),(1396,667,64),(1455,668,34),(1482,668,35),(1397,668,47),(1398,668,71),(1456,669,34),(1483,669,35),(1399,669,58),(1400,669,72),(1457,670,34),(1484,670,35),(1401,670,61),(1458,671,34),(1485,671,35),(1402,671,54),(1403,671,62),(1459,672,34),(1486,672,35),(1404,672,46),(1460,673,34),(1487,673,35),(1405,673,58),(1427,675,34),(1426,675,73),(1461,676,34),(1488,676,35),(1429,676,53),(1462,677,34),(1489,677,35),(1430,677,50),(1463,678,34),(1490,678,35),(1431,678,75),(1464,679,34),(1491,679,35),(1432,679,58),(1465,680,34),(1492,680,35),(1434,680,55),(1433,680,70),(1435,680,76),(1466,681,34),(1493,681,35),(1437,681,61),(1467,682,34),(1494,682,35),(1438,682,50),(1468,683,34),(1495,683,35),(1469,684,34),(1496,684,35),(1439,684,53),(1470,685,34),(1497,685,35),(1441,685,54),(1440,685,58),(1471,686,34),(1498,686,35),(1442,686,58),(1472,687,34),(1499,687,35),(1444,687,69),(1526,688,34),(1546,688,35),(1504,688,36),(1445,688,62),(1500,688,72),(1527,689,34),(1547,689,35),(1501,689,38),(1502,689,47),(1528,690,34),(1548,690,35),(1505,690,46),(1529,691,34),(1549,691,35),(1506,691,61),(1530,692,34),(1550,692,35),(1531,693,34),(1551,693,35),(1507,693,46),(1508,693,77),(1532,694,34),(1552,694,35),(1509,694,44),(1510,694,76),(1533,695,34),(1553,695,35),(1511,695,69),(1534,696,34),(1554,696,35),(1512,696,62),(1535,697,34),(1555,697,35),(1536,698,34),(1556,698,35),(1513,698,62),(1537,699,34),(1557,699,35),(1538,700,34),(1558,700,35),(1514,700,58),(1515,701,5),(1539,701,34),(1559,701,35),(1516,701,62),(1540,702,34),(1560,702,35),(1517,702,62),(1541,703,34),(1561,703,35),(1542,704,34),(1562,704,35),(1518,704,46),(1522,704,78),(1543,705,34),(1563,705,35),(1523,705,58),(1544,706,34),(1564,706,35),(1524,706,61),(1545,707,34),(1565,707,35),(1525,707,58),(1572,708,34),(1578,708,35),(1566,708,62),(1573,709,34),(1579,709,35),(1567,709,58),(1574,710,34),(1580,710,35),(1568,710,46),(1575,711,34),(1581,711,35),(1569,711,46),(1576,712,34),(1582,712,35),(1570,712,58),(1571,712,62),(1577,713,34),(1583,713,35),(1584,714,19),(1606,714,34),(1626,714,35),(1586,714,62),(1607,715,34),(1627,715,35),(1585,715,62),(1608,716,34),(1628,716,35),(1587,716,46),(1588,716,80),(1609,717,34),(1629,717,35),(1589,717,53),(1610,718,34),(1630,718,35),(1611,719,34),(1631,719,35),(1590,719,53),(1612,720,34),(1632,720,35),(1591,720,58),(1613,721,34),(1633,721,35),(1593,721,81),(1592,721,82),(1594,721,84),(1614,722,34),(1634,722,35),(1595,722,82),(1615,723,34),(1635,723,35),(1616,724,34),(1636,724,35),(1596,724,61),(1617,725,34),(1637,725,35),(1598,725,53),(1597,725,62),(1618,726,34),(1638,726,35),(1619,727,34),(1639,727,35),(1599,727,58),(1649,732,34),(1650,732,35),(1652,732,62),(1653,733,34),(1654,733,35),(1656,734,34),(1657,734,35),(1659,735,34),(1660,735,35),(1662,735,58),(1666,736,3),(1663,736,34),(1664,736,35),(1667,737,34),(1668,737,35),(1670,738,34),(1671,738,35),(1673,738,58),(1674,738,85),(1675,739,34),(1676,739,35),(1678,739,58),(1679,740,34),(1680,740,35),(1682,740,62),(1683,741,34),(1684,741,35),(1686,741,58),(1687,742,34),(1688,742,35),(1691,742,57),(1690,742,86),(1692,743,34),(1693,743,35),(1695,743,58),(1696,744,34),(1697,744,35),(1699,744,46),(1700,745,34),(1701,745,35),(1703,745,58),(1707,747,34),(1708,747,35),(1710,747,82),(1711,748,34),(1712,748,35),(1714,748,88),(1715,749,34),(1716,749,35),(1718,749,61),(1719,750,34),(1720,750,35),(1723,751,34),(1724,751,35),(1726,751,82),(1727,751,89),(1728,752,34),(1729,752,35),(1731,752,62),(1732,753,34),(1733,753,35),(1735,753,82),(1736,754,34),(1737,754,35),(1739,754,61),(1743,755,17),(1740,755,34),(1741,755,35),(1744,755,46),(1745,756,34),(1746,756,35),(1748,757,34),(1749,757,35),(1752,757,62),(1751,757,76),(1753,758,34),(1754,758,35),(1756,759,34),(1757,759,35),(1759,759,58),(1760,759,62),(1761,760,34),(1762,760,35),(1764,761,34),(1765,761,35),(1767,761,58),(1771,762,1),(1768,762,34),(1769,762,35);
/*!40000 ALTER TABLE `musikstueck_verwendungszweck` ENABLE KEYS */;
UNLOCK TABLES;

--
-- Table structure for table `sammlung`
--

DROP TABLE IF EXISTS `sammlung`;
/*!40101 SET @saved_cs_client     = @@character_set_client */;
/*!40101 SET character_set_client = utf8 */;
CREATE TABLE `sammlung` (
  `ID` int(10) unsigned NOT NULL AUTO_INCREMENT,
  `Name` varchar(100) DEFAULT NULL,
  `VerlagID` int(10) unsigned DEFAULT NULL,
  `Bestellnummer` varchar(25) DEFAULT NULL,
  `Bemerkung` varchar(1000) DEFAULT NULL,
  `StandortID` int(11) unsigned DEFAULT NULL,
  PRIMARY KEY (`ID`),
  KEY `VerlagID` (`VerlagID`),
  KEY `StandortID` (`StandortID`),
  CONSTRAINT `sammlung_ibfk_1` FOREIGN KEY (`VerlagID`) REFERENCES `verlag` (`ID`),
  CONSTRAINT `sammlung_ibfk_2` FOREIGN KEY (`StandortID`) REFERENCES `standort` (`ID`)
) ENGINE=InnoDB AUTO_INCREMENT=286 DEFAULT CHARSET=utf8;
/*!40101 SET character_set_client = @saved_cs_client */;

--
-- Dumping data for table `sammlung`
--

LOCK TABLES `sammlung` WRITE;
/*!40000 ALTER TABLE `sammlung` DISABLE KEYS */;
INSERT INTO `sammlung` VALUES (1,'Klassische Stücke alter Meister - Heft 2',1,'248','',6),(4,'Die fröhliche Violine - Band 1',7,'ED 7299','Noch Musikstücke hinzufügen',6),(5,'Weihnachtsspielbuch für Streicher',8,'6647','',6),(6,'Simply 4 Strings - A Caribbean Suite',9,'M-060-11415-1','',23),(7,'\"César Franck - Zwölf Miniaturen\"  - Aus \"L\'Organiste\"',10,'M 40.164','aus CORONA - Werkreihe für Kammerorchester (Partitur ist zugleich Spielpartitur)',6),(8,'Rhythm & Blues',11,'BoE 4102','Partitur und Einzelstimmen. Optional Violine 3 für Viola',12),(9,'Scène de Ballet',13,'','',6),(11,'XXX Musik für Violine und Klavier II (Elma und Erich Doflein) XXX ',7,'ED 6027','Leichte Violinstücke verschiedenster Art. / Stücke 6-14 (alte Erfassung) nochmal durchschauen ',6),(15,'Pirates of the Caribbean',19,NULL,NULL,1),(16,'BOLERO / Wiegand',20,NULL,NULL,2),(17,'BOLERO / GoodMusic',21,'','',2),(18,'Wassermusik',20,NULL,NULL,2),(19,'Irische Segenswünsche',22,'','',1),(20,'Karneval der Tiere',20,'','Eigentum MSWE',2),(21,'1492 - The Conquest Of Paradise',23,'','',1),(22,'Beuchofonische Etüden Band 1',24,'BE 999','Erweiterte Neuauflage ... nach dem beuchigen Urtext ? \r\nDer Urtext ist verschollen. Er soll lt. Zeugen sich vor einiger Zeit noch im Besitz eines Beuchofon-Lehrers befunden haben, der das Heft jedoch aus Ärger über seine Schüler das Klosett hinuntergespült haben soll. ',5),(24,'Feuerwerksmusik',20,'','',2),(25,'Bilder einer Ausstellung',20,'','',2),(26,'La Réjouissance',25,'','aus \"Feuerwerks-Musik\"',2),(27,'Musik für Violine und Klavier IV (Elma und Erich Doflein)',7,'','Von Vivaldi bis Viotti',26),(28,'Furiant  - Slawischer Tanz Nr. 8 aus op. 46',20,'','',2),(29,'Beethoven\'s Symphony No. 6 \"Pastoral\" (V.Sheperds\'s  Hymn)',25,'','',2),(30,'A Vaughan Williams Christmas',26,'','',2),(31,'Ungarischer Tanz Nr. 5 für Orchester',20,'','',2),(32,'Weihnachtskonzert - Festliche Barockmusik für alle',20,'','',2),(33,'Ode an die Freude - Auszug aus dem 4. Satz der Neunten Sinfonie',20,'','nur als Kopien vorhanden',2),(34,'Symphony 4, 3rd Movement',21,'','',2),(35,'Ancient Aires and Dances',26,'','',2),(36,'New World Symphony, First Movement',26,'','',2),(37,'Nocturne - from A Midsummer Night\'s Dream',25,'','',2),(38,'March Prelude',25,'','',2),(39,'Amazing Grace',26,'','',2),(40,'The Rock',23,'','',1),(41,'Prelude (to Act 1 of La Traviata)',26,'','',2),(42,'Kinder-Sinfonie',7,'','',2),(43,'Pomp and Circumstance - March No, 1',9,'','',2),(44,'Passcaglia',10,'','aus der Reihe \"Die Schüler-Sinfonie\" 2',2),(45,'Sleeping Beauty - Waltz from the Ballet',26,'','',2),(46,'Rondo',10,'','Aus der Reihe \"Die Schülersinfonie\" 3',2),(47,'Sinfonie Nr. 30',10,'','aus der Reihe \"Die Schüler-Sinfonie\" 14 ',2),(48,'Karelia-Suite',27,'','Muzika 153',2),(49,'The Sound of Music',27,'','Medley',2),(50,'West Side Story',27,'','Muzika 68, Medley',2),(51,'Cabaret',27,'','Muzica 118',2),(52,'Porgy and Bess',27,'','Muzika 133, Medley',2),(53,'Slawischer Tanz (Slawonic Dance) No. 1',27,'','Muzika 162',2),(54,'Die Moldau',27,'','Muzika 58',2),(55,'Colonel Bogey-March',27,'','Muzika 76',2),(56,'Bridge over Troubled Water',27,'','Muzika 39',2),(57,'Variationen über das Lied \"Der Kuckuck und der Esel\"',10,'','Hausmusik - Werkreihe für Kammermusik 22',9),(58,'Theme from E.T. (The Extra Terrestrial)',19,'','',1),(59,'Themes From Star Wars Episode 2 Attack of the Clones ',26,'','',1),(60,'James Bond Medley',26,'','Mehrere Komponisten',1),(61,'Highlights from Jurassic Park',19,'','',1),(62,'Music from Gladiator',28,'','',1),(63,'Highlights from Harry Potter',26,'','',1),(64,'Symphonic Suite from Lord of the Rings, The Fellowship of the Ring',26,'','',1),(65,'Psycho',19,'','',1),(66,'Leroy Anderson Favorites',26,'','',1),(67,'The Lord of The Dance',19,'','',1),(68,'SATCHMO! (A Tribute to Louis Armstrong)',19,'','',1),(69,'Conga del Fuego Nuevo',29,'','Partitur Eigentümer: MSWE, Noten: Leihmaterial',1),(70,'West Side Story',9,'','condensed score',1),(71,'Havana',26,'','',1),(72,'Theme from \"New York, New York\"',26,'','',1),(73,'Symphonic Mambo No.5',30,'','',1),(74,'Rhapsody in Blue',26,'','Nur Partitur',1),(75,'Tico Tico',23,'','',1),(76,'Fiddle-Faddle',26,'','',1),(77,'Konzert für Trompete und Orchester Es-Dur',31,'','Orchestermaterial nur als Kopien vorhanden',10),(78,'Concerto grosso h-moll',10,'','',10),(79,'Concerto for Marimba and Strings',32,'','',10),(80,'Concerto for Violoncello, Strings and Basso continuo a-moll',7,'','',10),(81,'Concerto for Violoncello, Strings and Basso continuo C-Dur',33,'','',10),(82,'Élégie',34,'','XXX Es liegen nur Kopien vor',10),(83,'Konzert für Trompete, Streicher und Basso continuo',35,'','',10),(84,'Konzert D-Dur',8,'','2. Partitur als Kopie beiliegend',21),(85,'Konzert D-Dur für Gitarre, Streicher und basso Continuo',36,'','nur Kopien vorhanden',10),(86,'Danzón Nr2 ',29,'','',1),(87,'Azabaché',34,'','Auftragswerk (Auftraggeber: Susanne Reiner)',1),(88,'Music',34,'','Auftrags-Arrangement im Auftrag von MSWE ',1),(89,'Konzert h-moll für Kontrabass und Orchester',37,'','nur Kopien vorhanden',10),(90,'Konzertstück für Klarinette, Bassetthorn (zwei Klarinetten) und Klavier Nr. 2',31,'','',10),(91,'Concerto V für Flöte, Streichorchester und Basso continuo',7,'','nur Kopien vorhanden; auch für Solo-Blockflöte?',10),(92,'Concerto in h-moll',11,'','nur Kopien vorhanden, Solo Violine oder Cello',10),(93,'Konzert für Klarinette mit Streichorchster und 2 Hörnern ad. lib.',7,'','',10),(95,'Konzert Es-Dur für Klarinette und Orchester',38,'','',10),(96,'Concertino',9,'','',10),(97,'Konzert für 2 Violoncelli, Streicher und Basso continuo',33,'','Orchestermaterial nur Kopien, Keine Cembalostimme liegt nicht vor ',10),(98,'Konzert für Oboe und Fagott, Streicher und Basso continuo',14,'','',10),(99,'Konzert für 2 Querflöten, Streicher, Fagott und Basso Continuo',39,'','Eigentum MSWE',10),(100,'Konzert Nr 2 für 2 Querflöten, Streicher und Basso continuo',40,'','Nur Kopien vorhanden, Rek',10),(101,'Concertante op. 2 für 4 Klarinetten',31,'','Kopien ab dem 2. Satz als Partitur',10),(102,'Concerto per Flauto',41,'','nur Kopien vorhanden',10),(103,'Concerto V für Sopranblockflöte',41,'','nur Kopien vorhanden - Orchestermaterial vorhanden?',10),(104,'Concerto B-Dur',42,'','nur Kopien vorhanden, keine Cello-Stimme vorhanden, nur 1. Satz vorhanden',10),(105,'Concierto para Corno No 2',34,'','nur Partitur als Kopie vorhanden',10),(106,'Six Studies in English Folksong',43,'','nur Kopien vorhanden, Orchestermaterial vorhanden?',10),(107,'A Song For Léa',23,'','Nur Partitur-Kopie vorliegend',1),(108,'The Lord of the Rings - The Two Towers',26,'','Nur Partitur als Kopie vorliegend',1),(109,'Concerto for two Clarinets (Chalumeaux) , Strings and Basso Continuo',31,'','Nur Klavierauszug als Kopie vorhanden ',10),(110,'Lascia ch\'io pianga - aus der Oper \"Rinaldo\"',13,'','nur als Kopien vorhanden (stammen aus 2 Originalen unterschiedlicher Verlage)',10),(111,'Rezitativo et Aria Nr. 27 (28) aus \"Figaros Hochzeit\"',34,'','Nur als Kopien vorhanden',10),(112,'Nessun Dorma aus \"Turandot\"',34,'','Nur Kopie vom Klavierauszug',10),(113,'Konzert in e-moll für Violine und Orchester',44,'','1. und 2. Fassung',11),(114,'Zigeunerweisen',45,'','',11),(115,'Zigeunerweisen',46,'','',11),(116,'Romance for Violin and Orchestra in G',46,'','',11),(117,'Violinkonzert a-moll',13,'','',11),(118,'Concerto grosso d-moll, aus \"L\'Estro armonico\"',31,'','',11),(119,'Konzert für Violine und Orchester G-Dur',31,'','',11),(120,'Konzert G-Dur für Violine, Streicher und Basso continuo',47,'','',11),(121,'Konzert in d-moll für 2 Violinen, Streicher und Basso continuo',44,'','Eigentum MSWE',11),(122,'Concertino 2 für 4 Violinen, Viola, Violoncello und Basso continuo',8,'','Urheber konnte nicht geklärt werden, ev. Pergolesi  ',11),(123,'Concerto con quattro Violini obbligati',14,'','',11),(124,'Souvenier d\'un lieu cher',48,'','trois morceaux pour violon avec accompagnement de piano / nur Kopien vorhanden',11),(125,'Valse Scherzo pur violon e orchstre, à corde',48,'','',11),(126,'Nessun Dorma aus \"Turandot\"',49,'','Nur Kopie vom Klavierauszug',10),(127,'Ouvertüre (Orchestersuite h-moll)',8,'','Nur Kopien vorhanden',10),(128,'Jesu, Joy of Man\'s Desiring',25,'','',2),(129,'Weihnachtssinfonie für Streichorchester',50,'','Eigentum Iris Finkbeiner',12),(130,'Danse Macabre',51,'','Download, ausgedruckte Noten',12),(131,'Nimrod from Enigma Variations',19,'','',12),(132,'Capriol Suite for String Orchestra',52,'','nur Kopien vorhanden',12),(133,'Weihnachtskonzert - Concerto grosso',50,'','',12),(134,'Sechs Tanzfolgen zu vier und fünf Stimmen',10,'','aus der Partitur zu spielen; 3. Stimme Violinschlüssel oktaviert',12),(135,'Sinfonie G-Dur',7,'','',18),(136,'La Bourse - Orchestersuite (1720)',10,'','Prüfung, ob Orchestermaterial vorhanden ist XXX',18),(137,'Music from \"Carmina Burana\" (O Fortuna)',7,'','',12),(138,'Nais Symphonies',8,'','Eine weitere kopierte Partitur liegt vor. \r\nAufführungsmaterial Overtuere nur in Kopien vorhanden.\r\nMögliche Kombination: Prolog Overtüre; Prolog 10 Sarabande; 14 / 15 (2 Rigaudones) ',18),(139,'2 Intrumentalfantasien \"Oh Welt, ich muss dich lassen\" (Innsbruck ich muss dich lassen)',53,'','Stimmen zum Teil in mehreren Schlüsseln vorhanden ',12),(140,'Melodia en la menor',54,'','',12),(141,'Jesus bleibet meine Freude - Jesu, Joy of Man\'s Desiring',7,'','nur Partitur vorhanden; Choral aus der Kantate \"Herz und Mund und Tat und Leben\"',12),(142,'Palladio',9,'','Eigentum MSWE',12),(143,'Serenade für Streichorchester e-moll, Op. 20',31,'','zusätzlich kopierte Studienpartitur vorhanden',12),(144,'Memories for String Orchestra',55,'','nur kopierte Partitur vorhanden',12),(145,'Sechs Choralvorspiele für Streicher',41,'','',12),(146,'Holst - St. Paul\'s Suite / Reger - Lyrisches Andante ',34,'','Selbst zusammenklebtes Schulheft. Nur Kopien vorhanden.  ',12),(147,'Eine kleine Nachtmusik',13,'','',12),(148,'Zoroastre - Tragédie',34,'','Vermutlich komprimierte Partitur. Keine Besetzung bekannt. ',12),(149,'Cottonfields - Amazing Grace ',56,'','optionale dritte Violine vorhanden\r\n',12),(150,'Lily of the West - Tom Dooley',56,'','',12),(151,'Ricercare a 6 - aus \"Musikalisches Opfer\" BWV 1079  ',7,'','Nur Kopien vorhanden (evt. irgentwo Originale?) ',12),(152,'Adagio',57,'','Nur Partitur vorhanden',12),(153,'A Holiday Celebration',26,'','Eigentum MSWE',2),(154,'Academic Festival Overture, Op. 80',26,'','Eigentum MSWE',2),(155,'Can-Can (from \"Orpheus in the Underworld\"',58,'','',13),(156,'Yesterday',59,'','',13),(157,'Hänsel und Gretel',60,'','Medley: Abendsegen; Ein Männlein steht im Walde; Suse, liebe Suse; Brüderchen komm, tanz mit mir',13),(158,'William Tell Overture',19,'','',12),(159,'Dance Of The Hours (from \"La Gioconda\")',19,'','',12),(160,'La Volta',7,'','',13),(161,'Largo \"from the new World Symphony\"',61,'','',13),(162,'Der Karneval der Tiere',56,'','Reihe \"Children on Stage\" \r\nText: Loriot',13),(163,'Peer Gynt',56,'','Reihe \"Children on Stage\" \r\nNur Kopie der Partitur vorhanden',13),(164,'Die Zauberflöte',56,'','Reihe \"Children on Stage\" ',13),(165,'Das schlaue Füchslein',56,'','Reihe \"Children on Stage\" ',13),(166,'Pizzikato Polka',31,'','Nur Partitur vorhanden',12),(167,'Suite - für Violine und Streichorchester',62,'','',11),(168,'Gospels & Spirituals',56,'','Nur Partitur als Kopie vorhanden\r\n',13),(169,'Hänsel und Gretel',56,'','Nur Partitur als Kopie vorhanden;\r\naus der Reihe \"Children on stage\"',13),(170,'Der Karneval der Tiere',56,'','',14),(171,'Down By The Riverside',56,'','',13),(172,'Oh When The Saints...',56,'','',13),(173,'Drei Concerti',56,'','Eigentum MSWE;\r\nkeine Querflöten-Stimmen vorhanden?',18),(174,'Arien',63,'','Musikstück 1: 2 verschiedene Partituren;\r\nStimmen bei Partitur',12),(175,'Rodgrigo-Suite',34,'','Nur Partitur als Kopie vorhanden \r\nHerkunft unklar, Handschrift? (Dirigierlehrgang); Besetzung in Ausgabe unklar\r\n',12),(176,'Sammlung diverse 4-stimmige Sätze ',34,'','',12),(177,'Strauss für die Jugend - Band I',64,'','',14),(178,'Konzert für Klavier und Orchester A-Dur',31,'','Eigentum Piano-Podium Karlsruhe e.V. ',21),(179,'Vivaldi - Die vier Jahreszeiten',8,'','Orchstermaterial vorhanden? ',11),(180,'More String Time Joggers',65,'','String-Time-Reihe',16),(181,'Impromptu für Streichorchester (nach den Impromptus für Klavier op 5 Nr 5 + 6) ',31,'','Nur Stimmen als Kopien vorhanden, keine Partitur',12),(182,'Sonatine in zwei Sätzen',66,'','Nur Kopien vorhanden',21),(183,'Serenade und Rondo \"Alla turka\" aus der Klaviersonate A-Dur KV331',34,'','Nur Kopien vorhanden ',21),(184,'Rhapsody in Blue',34,'','Nur Notenmaterial für Violine aus dem Arrangement von Roberto Domingos. Kein weiteres Material vorhanden. ',21),(185,'Bacchanale from Samson and Dlilah',26,'','Nur Partitur als Kopie vorhanden. Full Orchestra Concert Level. \r\n',2),(186,'Részegek Nytaja',34,'','Handschriftlich',2),(187,'Werksammlung Dirigierlehrgang',34,'','Nur Demo-Heft (Übungsheft), z.T unvollständig\r\nMusikstück 3 weggelassen, da schon als anderes Heft erfasst ',12),(188,'Valse triste - aus der Bühnenmusik zu Arvid Järnefelts Drama Kuolema',31,'','',18),(189,'Ruy Blas',8,'','',18),(191,'Die Zauberharfe, Ouvertüre \"Rosamunde\"',44,'','',18),(192,'Hänsel und Gretel',68,'','Eigentum MSWE; Partitur ganze Oper; keine Stimmen; Einzelteile nicht erfasst',19),(193,'Hänsel und Gretel',34,'','Arrangement für MSWE von Frank Goebel (Neuenbürg); Partitur als Kopie; Stimmen nur Violine 1?',19),(194,'Rhapsody in Blue',14,'','Nur Taschenpartitur',21),(195,'Heimkehr aus der Fremde; Liederspiel in einem Akt',31,'','Nur Partitur Kopie',19),(196,'Echoes of Ossian - Concert Ouverture, Op. 1',69,'','Nur Faksimile-Partitur ',18),(197,'Symphonie Nr. 1',31,'','',18),(198,'Overture to \"Orpheus\"',65,'','Partitur und Stimmen (in Partitur eingelegt); Violine 3 fehlt;\r\neine weitere Partitur als Kopie liegt bei',12),(199,'How Lovely Is Thy Dwelling Place',26,'','Serie \"Intermediate Full Orchestra\"\r\n\"Wie lieblich sind deine Wohnungen\" aus \"Deutsches Requiem\"',2),(200,'Symphonische Tänze (über norwegische Motive)',13,'','Nur Kopie Partitur vorhanden',19),(201,'Norwegische Tänze für Orchester gesetzt',13,'','Nur Kopien vorhanden; Original von Grieg für Klavier 4-händig?',19),(202,'Frühlingsrauschen - für Orchester gesetzt',13,'','',19),(203,'Peer Gynt Suite Nr. 2',34,'','Nur Kopien vorhanden',19),(204,'Peer Gynt Suite Nr. 1',14,'','Nur Kopien vorhanden',19),(205,'Sinfonie Nr 2',31,'','',18),(206,'Overtüre \"Egmont\"',31,'','',18),(207,'Konzertouvertüre \"Die Hebriden\"',31,'','',18),(208,'Die Moldau - Eine Symphonische Dichtung ',31,'','Nr 2 aus dem Zyklus \"Mein Vaterland\". \r\nOriginalausgabe mit Einzeichnungen für vereinfachte Besetzung\r\n',18),(211,'Suite op. 98b (\"Amerikanische Suite\"?)',34,'','A. Dvorak aus dem Nachlass; nur Kopien vorhanden',19),(212,'Erste Symphonie',13,'','Nur Kopien vorhanden',19),(213,'Sinfonie in A',44,'','Nur Partitur als Kopie vorhanden',19),(214,'Symphonie Nr. 3 (Rheinische)',31,'','Kopierte Studienpartitur des 1. Satzes; gedruckte Partitur vorhanden?',19),(215,'Symphonie Nr. 45 \"Abschieds-Sinfonie\"',14,'','Nur Kopie Studienpartitur',19),(216,'Appalachian Spring (Ballet for Martha) - Suite',9,'','Nur Kopie Partitur vorhanden; Orginalversion für 13 Instrumente\r\nXXX ab Musikstück Besetzung noch erfassen',18),(217,'Klavierkonzert Nr 1',70,'','Nur Kopien vorhanden, Partitur im Urtext\r\nNur 1. Satz schon mal aufgeführt',21),(218,'Klavierkonzert A-Dur',71,'','Nur Kopien vorhanden; Stimmen vorhanden? ',21),(219,'Konzertrondo D-Dur',72,'','Nur Kopien vorhanden; Stimmen liegen der Partitur bei',21),(220,'Concertino op. 73',73,'','Partitur nur als Kopie vorhanden, Stimmen vorhanden? Originale bei PiPo vorhanden?  ',21),(221,'Concerto Nr 5 in f-moll',44,'','Eigentum PiPo ?; Stimmen bei PiPo?',21),(223,'Weihnacht der Hirten',20,'','Eigentum MSWE; Auszug aus dem 2. Teil des Weihnachts-Oratoriums\r\nBesetzung flexibel: 1-4 in C (3,4 in B) - Streicher - Chor SATB, Alt-Solo\r\nSonderstimmen: 3 in Es, 4 in F, 4 im Bassschlüssel, Viola in B',2),(224,'3 Preludes',34,'','Nur Kopie Partitur vorhanden; Stimmen beim Arrangeur?',2),(225,'Wedding Cake - Caprice Walse',74,'','PiPo',21),(226,'Konzert F-Dur',13,'','Nur Partitur als Kopie vorhanden; Stimmen bei PiPo',21),(227,'Erstes Konzert',34,'','Partitur als Datei vorhanden; Stimmen der Ausgabe Streichorchester und Klavier bei PiPo',22),(228,'Sinfonia II',37,'','Nur Partitur als Kopie vorhanden',12),(229,'Finlandia - Tondichtung für Orchester',31,'','',18),(230,'Lalei - Schlaflied zum Wachwerden?',7,'','nur Partitur vorhanden, Originalversion Violine (Cello) und Klavier',18),(231,'Sinfonie in h - Unvollendete (Nr. 7) ',8,'','Beiligend ein Arrangement für Violine und Klavier des 1. Satzes als Kopie ',18),(232,'Sinfonie in D \"Haffner Sinfonie\" (Nr. 35)',8,'','',18),(233,'Concertino in a-moll',34,'','Nur Kopien vorhanden; im Internet nur noch Version für 2 Klaviere auffindbar; Partitur schlechte Druckqualität;\r\nStimmen Digital NOTEN O - PiPo',15),(234,'Concerto IV',8,'','Nur Partitur als Kopie zweimal vorhanden; Stimmen bei Pipo',15),(235,'Konzert Es-Dur',13,'','Stimmen liegen in der Partitur',15),(236,'Concerto A-Dur',7,'','Nur KLavierauszug als Kopie vorhanden; Stimmen bei PiPo',15),(237,'Konzert für Cembalo',50,'','Nur Partitur als Kopie vorhanden; Stimmen bei PiPo',15),(239,'Symphonies Nos. 1, 2, 3 and 4 XXX',NULL,'','',18),(240,'Waggon Wheels XXX',9,'','Serie \"Easy String Music\" Second Book - Series Editor: Sheila M. Nelson',24),(241,'Fast Forward XXX',9,'','Serie \"Easy String Music\" Third Book  - Series Editor: Sheila M. Nelson',24),(242,'Position Pieces Book 1 XXX ',58,'','Herausgeber: Wilkinson and Gout',24),(243,'Position Pieces Book 2 XXX ',58,'','Herausgeber: Wilkinson and Gout',24),(244,'Position Pieces Book 3  XXX ',58,'','Herausgeber: Wilkinson and Gout',24),(245,'Piece By Piece 1 XXX ',9,'','',24),(246,'Right from the Start XXX',9,'','',24),(247,'Moving Up XXX',9,'','',24),(248,'Moving Up Again XXX',9,'','',24),(249,'Violin Mix 1',77,'','Herausgeber: Kathy & David Blackwell \r\nOptional: Begleitung mit Gitarre (extra Heft?) ',24),(250,'Violin Mix 2',77,'','',24),(251,'Violin Mix 3',77,'','Herausgeber: Kathy & David Blackwell; Herausgeber: Kathy & David Blackwell Optional: Begleitung mit Gitarre',24),(252,'Fiddle Time Joggers XXX',65,'','Fiddle Time Reihe von Kathy & David Blackwell\r\nDoppelt vorhanden! \r\n',24),(253,'Fiddle Time Runners XXX',65,'','Fiddle Time Reihe von Kathy & David Blackwell',24),(254,'Superstart Level 1 XXX',58,'','Herausgeber: Mary Cohen',24),(255,'Jazz, Rock\'n Bow XXX',78,'','',24),(256,'Party Time! XXX',77,'','',24),(257,'Liederfibel - Volkslieder für Violine Heft 2 XXX',79,'','Violine und Klavier \r\nGesetzt von Email Ackermann ',24),(258,'First String Tunes XXX',43,'','Adam Carse',24),(259,'Fiddle Fancies XXX',43,'','Adam Carse',24),(260,'Kleine Melodien-Schule - Heft 1 XXX ',7,'','',24),(261,'Klassische Stücke alter Meister - Heft 1 XXX',1,'','',26),(262,'Klassische Stücke alter Meister - Heft 2? XXX',1,'','',26),(263,'Klassische Stücke alter Meister - Heft 3 XXX',1,'','',26),(264,'Kleine Melodien-Schule - Heft 2? XXX ',7,'','',24),(265,'Kleine Melodien-Schule - Heft 3? XXX ',7,'','',24),(267,'Tetratunes (für Violine) ',9,'','aus Tetratunes Series / Hrsg.: Sheila M. Nelson\r\nVioline (kleines Heft) + Klavierbegleitung\r\nVersion für Viola siehe Standort VLA 01\r\nStück \"Harriet Halibut\" nur Cello und Viola',24),(268,'String Songs',9,'','aus Tetratunes Series\r\nHrsg.: Sheila M. Nelson\r\nNur Klavierbegleitung vorhanden \r\nViolinheft vorhanden? ',24),(269,'Keytunes XXX',9,'','aus Tetratunes Series\r\nHrsg.: Sheila M. Nelson\r\nNur Violinheft vorhanden ',24),(270,'Technitunes XXX',9,'','aus Tetratunes Series\r\nHrsg.: Sheila M. Nelson\r\nNur Klavierbuch vorhanden? ',24),(271,'Die schönsten Herbst - und Winterlieder',7,'','Ausgabe ohne CD',24),(272,'10 Easy Melodic Fragments',80,'','',24),(273,'Making The Grade - Easy popular Pieces für young violonists',59,'','Reihe \"Making The Grade\" Band 1',24),(274,'Leere Saiten voll Musik',81,'','',24),(275,'Concert Debut',35,'','',24),(276,'Bagatellen - 4 leichte Stücke ',13,'','',26),(279,'Die schönsten Herbst - und Winterlieder (Klavier-Ausgabe)',7,'','Ausgabe mit CD. ',24),(280,'Tetratunes (für Viola)',9,'','aus Tetratunes Series / Hrsg.: Sheila M. Nelson\r\nViola (kleines Heft) + Klavierbegleitung\r\nVersion für Violine siehe Standort VL 01\r\nStück \"Harriet Halibut\" nur Cello und Viola',25),(282,'XXX Musik für Violine und Klavier I (Elma und Erich Doflein) XXX  ',7,'','Standort noch ändern XXX \r\nBearbeiter alle: Elma und Erich Doflein',24);
/*!40000 ALTER TABLE `sammlung` ENABLE KEYS */;
UNLOCK TABLES;

--
-- Table structure for table `sammlung_lookup`
--

DROP TABLE IF EXISTS `sammlung_lookup`;
/*!40101 SET @saved_cs_client     = @@character_set_client */;
/*!40101 SET character_set_client = utf8 */;
CREATE TABLE `sammlung_lookup` (
  `ID` int(11) NOT NULL AUTO_INCREMENT,
  `SammlungID` int(11) unsigned NOT NULL,
  `LookupID` int(11) NOT NULL,
  PRIMARY KEY (`ID`),
  KEY `SammlungID` (`SammlungID`),
  CONSTRAINT `sammlung_lookup_ibfk_1` FOREIGN KEY (`SammlungID`) REFERENCES `sammlung` (`ID`)
) ENGINE=InnoDB AUTO_INCREMENT=30 DEFAULT CHARSET=utf8;
/*!40101 SET character_set_client = @saved_cs_client */;

--
-- Dumping data for table `sammlung_lookup`
--

LOCK TABLES `sammlung_lookup` WRITE;
/*!40000 ALTER TABLE `sammlung_lookup` DISABLE KEYS */;
INSERT INTO `sammlung_lookup` VALUES (3,22,162),(4,22,159),(7,122,294),(8,165,295),(9,165,292),(10,162,295),(11,162,292),(12,164,292),(13,164,295),(14,147,292),(15,84,296),(16,83,294),(17,140,294),(18,83,297),(19,140,297),(20,44,292),(21,163,295),(23,163,292),(24,46,292),(25,135,297),(26,135,294),(27,188,292),(28,133,293),(29,133,291);
/*!40000 ALTER TABLE `sammlung_lookup` ENABLE KEYS */;
UNLOCK TABLES;

--
-- Table structure for table `satz`
--

DROP TABLE IF EXISTS `satz`;
/*!40101 SET @saved_cs_client     = @@character_set_client */;
/*!40101 SET character_set_client = utf8 */;
CREATE TABLE `satz` (
  `ID` int(10) unsigned NOT NULL AUTO_INCREMENT,
  `MusikstueckID` int(10) unsigned DEFAULT NULL,
  `Name` varchar(100) DEFAULT NULL,
  `Nr` int(1) DEFAULT NULL,
  `Tonart` varchar(70) DEFAULT NULL,
  `Taktart` varchar(70) DEFAULT NULL,
  `Tempobezeichnung` varchar(100) DEFAULT NULL,
  `Spieldauer` smallint(6) DEFAULT NULL,
  `Bemerkung` varchar(500) DEFAULT NULL,
  `Notenwerte` varchar(129) DEFAULT NULL,
  `ErprobtID` int(11) unsigned DEFAULT NULL,
  `BesonderheitID` int(11) DEFAULT NULL,
  `Orchesterbesetzung` varchar(250) DEFAULT NULL,
  PRIMARY KEY (`ID`),
  KEY `MusikstueckID` (`MusikstueckID`),
  KEY `ErprobtID` (`ErprobtID`),
  CONSTRAINT `satz_ibfk_1` FOREIGN KEY (`MusikstueckID`) REFERENCES `musikstueck` (`ID`)
) ENGINE=InnoDB AUTO_INCREMENT=1095 DEFAULT CHARSET=utf8;
/*!40101 SET character_set_client = @saved_cs_client */;

--
-- Dumping data for table `satz`
--

LOCK TABLES `satz` WRITE;
/*!40000 ALTER TABLE `satz` DISABLE KEYS */;
INSERT INTO `satz` VALUES (1,1,'-',1,'F-Dur','4/4','Andante Sostenuto',160,'Übung: Bogeneinteilung, dichter Klang, Vibrato, MelodBes: Vorzeichen zusätzliche, DynamBes: (viele)','(verschiedene)',5,NULL,NULL),(2,9,'-',1,'C-Dur','4/4','(keine)',NULL,'','',NULL,NULL,NULL),(3,10,'-',1,'C-Dur','4/4','(keine)',NULL,'','',NULL,NULL,NULL),(4,11,'-',1,'C-Dur','4/4','(keine)',NULL,'','',NULL,NULL,NULL),(5,12,'-',1,'Es-Dur','3/4','Allegretto',250,'Übung: Spiccato, MelodBes: Vorschläge kurz, DynamBes: (viele)','(verschiedene)',5,NULL,NULL),(6,13,'-',1,'D-Dur','4/4','Ausdrucksvoll und sehr gehalten',110,'Übung: Gesangliches Spiel, MelodBes: Nachschläge, Triller, RhytmBes: (vielfältig), DynamBes: Fortepiano','(verschiedene)',5,NULL,NULL),(7,14,'-',1,'A-Dur / D-Dur','3/4','(keine)',250,'Übung: Spiccato, MelodBes: Vorschläge kurz, Nachschläge, Triller,, RhytmBes: Synkopen','(verschiedene)',2,NULL,NULL),(8,15,'-',1,'B-Dur','4/4','Sehr langsam',240,'Übung: Gesangliches Spiel, RhytmBes: (sehr vielfältig)','(verschiedene)',5,NULL,NULL),(9,16,'-',1,'','','Allegro',NULL,'','',NULL,NULL,NULL),(10,17,'-',1,'F-Dur','4/4','(keine)',120,'Übung: Ensemblespiel','Halbe, Viertel, Achtel, Viertelpause',5,NULL,NULL),(11,18,'-',1,'G-Dur','4/4','(keine)',150,'Übung: Ensemblespiel, MelodBes: Vorzeichen zusätzliche','Ganze, Punktierte Halbe, Halbe, Viertel, Achtel, Viertelpause',5,NULL,NULL),(12,19,'-',1,'d-moll','3/4','(keine)',150,'aus der Feuerwerksmusik, Übung: Ensemblespiel, MelodBes: Triller, RhytmBes: Punktierte Viertel, Synkope','Punktierte Halbe, Halbe, Punktierte Viertel, Viertel, Achtel, Sechzehntel',5,NULL,NULL),(13,20,'-',1,'D-Dur','3/4','(keine)',120,'Übung: Ensemblespiel, RhytmBes: Auftakt','Halbe, Viertel, Achtel',5,NULL,NULL),(14,21,'-',1,'D-Dur','Alla breve','(keine)',180,'\"aus \"\"Zwölf Märsche\"\", Übung: Ensemblespiel, RhytmBes: Auftakt, Punktierte Viertel','Punktierte Halbe, Halbe, Punktierte Viertel, Viertel, Achtel, Sechzehntel',5,NULL,NULL),(15,22,'-',1,'d-moll','Alla breve','(keine)',210,'aus der Feuerwerksmusik, Übung: Ensemblespiel, MelodBes: chromatische Linie - kleine, Vorzeichen zusätzliche, RhytmBes: Auftakt, Punktierte Halbe','Punktierte Halbe, Halbe, Punktierte Viertel, Viertel, Achtel',5,NULL,NULL),(16,23,'-',1,'F-Dur','6/4','(keine)',180,'Übung: Ensemblespiel, MelodBes: Vorzeichen zusätzliche, RhytmBes: Auftakt, Fünf-Schlag-Note','Punktierte Halbe, Halbe, Viertel',5,NULL,NULL),(18,24,'-',1,'G-Dur','3/4','(keine)',150,'\"aus \"\"Le Carneval\"\", Übung: Ensemblespiel, MelodBes: Pralltriller, Vorzeichen zusätzliche, RhytmBes: Auftakt, Punktierte Viertel, DynamBes: Echo','Punktierte Halbe, Halbe, Punktierte Viertel, Viertel, Achtel',5,NULL,NULL),(19,25,'-',1,'G-Dur','6/8','(keine)',60,'Übung: Ensemblespiel, MelodBes: Vorzeichen zusätzliche, RhytmBes: Punktierte Achtel, Fünf-Achtel-Note','Punktierte Halbe, Punktierte Viertel, Viertel, Punktierte Achtel, Sechzehntel',5,NULL,NULL),(20,26,'-',1,'A-Dur (D-Dur)','3/4','(keine)',150,'\"aus \"\"Balletsuite\"\", Übung: Ensemblespiel, MelodBes: Pralltriller, Vorzeichen zusätzliche, RhytmBes: Auftakt, Punktierte Viertel, DynamBes: Echo, Stufendynamik','Punktierte Halbe, Halbe, Punktierte Viertel, Viertel, Achtel',5,NULL,NULL),(21,27,'-',1,'D-Dur','4/4','(keine)',60,'Übung: Ensemblespiel, MelodBes: Vorzeichen zusätzliche, RhytmBes: Auftakt, Fermaten','Viertel, Achtel',5,NULL,NULL),(22,28,'-',1,'G-Dur','3/4','(keine)',180,'Übung: Ensemblespiel, MelodBes: Vorzeichen zusätzliche, Triller, RhytmBes: Punktierte Viertel','Punktierte Halbe, Halbe, Punktierte Viertel, Viertel, Achtel',5,NULL,NULL),(23,29,'-',1,'G-Dur','4/4','(keine)',60,'Übung: Ensemblespiel, MelodBes: Vorzeichen zusätzliche, RhytmBes: Auftakt','Punktierte Halbe, Halbe, Viertel',2,NULL,NULL),(24,30,'-',1,'D-Dur','3/4','(keine)',150,'\"aus \"\"Feuerwerksmusik\"\", Übung: Ensemblespiel, MelodBes: Langer Vorschlag, Triller, RhytmBes: Punktierte Viertel','Punktierte Halbe, Halbe, Punktierte Viertel, Viertel, Achtel, Viertelpausen',5,NULL,NULL),(25,31,'-',1,'C-Dur','6/4','(keine)',120,'Übung: Ensemblespiel, RhytmBes: Punktierte Viertel, Fünf-Schlag-Note','Punktierte Halbe, Halbe, Punktierte Viertel, Viertel, Achtel',5,NULL,NULL),(26,32,'-',1,'a-moll / A-Dur','Alla breve','(keine)',120,'\"Aus \"\"Tafelmusik\"\", Übung: Ensemblespiel, MelodBes: Vorzeichen zusätzliche, RhytmBes: Auftakt, Punktierte Viertel, Unisono, DynamBes: Echo','Halbe, Punktierte Viertel, Viertel, Achtel',5,NULL,NULL),(27,33,'-',1,'G-Dur','4/4','(keine)',NULL,'Sammlung Ditfurth, Übung: Ensemblespiel, RhytmBes: Auftakt, Halbe, Unisono','Punktierte Halbe, Halbe, Viertel, Achtel',NULL,NULL,NULL),(28,34,'-',1,'A-Dur (D-Dur)','4/4','(keine)',120,'Übung: Ensemblespiel, MelodBes: Vorzeichen zusätzliche, RhytmBes: Auftakt, DynamBes: Echo, Stufendynamik','Punktierte Halbe, Viertel, Achtel',5,NULL,NULL),(29,35,'-',1,'G-Dur','3/4','(keine)',120,'Sammlung Ditfurth, Übung: Ensemblespiel, RhytmBes: Auftakte verschiedenartige','Punktierte Halbe, Halbe, Punktierte Viertel, Viertel, Achtel',5,NULL,NULL),(30,36,'-',1,'D-Dur','4/4','(keine)',60,'Übung: Ensemblespiel, RhytmBes: Punktierte Viertel, Unisono','Ganze, Halbe, Punktierte Viertel, Achtel',2,NULL,NULL),(31,37,'-',1,'D-Dur','4/4','(keine)',90,'Übung: Ensemblespiel, RhytmBes: Auftakt, Unisono','Punktierte Halbe, Halbe, Viertel',2,NULL,NULL),(32,38,'-',1,'D-Dur','4/4','(keine)',120,'Sizilianische Weise, Übung: Ensemblespiel, RhytmBes: Punktierte Viertel, Unisono','Ganze, Halbe, Punktierte Viertel, Viertel, Achtel',2,NULL,NULL),(33,39,'-',1,'a-moll / A-Dur','3/4','(keine)',150,'\"aus \"\"Tafelmusik\"\", Übung: Ensemblespiel, MelodBes: Vorzeichen zusätzliche, RhytmBes: Punktierte Viertel, DynamBes: Echo, Crescendo','Punktierte Halbe, Halbe, Punktierte Viertel, Viertel, Achtel, Sechzehntel',5,NULL,NULL),(34,40,'-',1,'G-Dur','3/4','(keine)',90,'Übung: Doppelklänge, leichte, Ensemblespiel, MelodBes: Dreiklänge, Doppelklänge','Punktierte Halbe, Halbe, Viertel, Achtel',5,NULL,NULL),(35,41,'-',1,'G-Dur','3/4','(keine)',90,'Übung: Ensemblespiel, MelodBes: Vorzeichen zusätzliche, RhytmBes: Auftakte verschiedenartige, Unisono','Punktierte Halbe, Halbe, Viertel, Achtel, Viertelpause',5,NULL,NULL),(36,42,'-',1,'d-moll','4/4','(keine)',120,'Für Cello schwieriger, Übung: Ensemblespiel, MelodBes: Vorzeichen zusätzliche, RhytmBes: Auftakt, Punktierte Viertel','Halbe, Punktierte Viertel, Viertel, Achtel',5,NULL,NULL),(37,43,'-',1,'F-Dur','6/4','(keine)',120,'Herkunft: Aus der Röhn, Übung: Ensemblespiel, MelodBes: Vorzeichen zusätzliche, RhytmBes: Punktierte Viertel','Punktierte Halbe, Halbe, Punktierte Viertel, Viertel, Achtel',5,NULL,NULL),(38,44,'-',1,'D-Dur / B-Dur','3/4','(keine)',400,'Übung: Stricharten-Vielfalt,weit entfernte Tonarten, MelodBes: Triller, DynamBes: Sforzato','(verschiedene)',5,NULL,NULL),(39,45,'-',1,'C-Dur','2/4','Moderato',150,'Übung: Lyrisches Spiel mit rhytmischer Vielfalt, RhytmBes: vielfältig,Punktierungen viele','(verschiedene)',5,NULL,NULL),(40,46,'-',1,'D-Dur','4/4','Bright and sunny',100,'Traditional from Jamaica, Übung: Ensemblespiel, Exotische Rhytmen, RhytmBes: Calypso Rhythmus','Viertel, Punktierte Viertel, Achtel, Ganze Pausen, Halbe Pausen, Viertelpausen',5,NULL,NULL),(41,47,'-',1,'D-Dur','3/4','Like a gentle Waltz',80,'Punktierte Viertel / Letato nur in der ersten Stimme, Traditional, from Trinidad and Tobago, Übung: Ensemblespiel','Halbe, Punktierte Viertel, Viertel, Achtel, Halbe Pausen, Viertel Pausen',5,NULL,NULL),(42,48,'-',1,'G-Dur','4/4','Not too fast',120,'Traditional, from the Bahamas, Übung: Ensemblespiel, Exotische Rhytmen,Wechel zwischen ganz lagen und kurzen Notenwerten','Punktierte Ganze, Ganze, Punktierte Halbe, Halbe, Punktierte Viertel, Viertel, Achtel, Ganze Pausen, Halbe Pausen, Viertel Pausen',5,NULL,NULL),(43,49,'-',1,'G-Dur','4/4','In calypso style',80,'Traditional, from the West Indies, Übung: Ensemblespiel, Exotische Rhytmen, RhytmBes: Calypso Rhythmus','Ganze, Punktierte Halbe, Halbe, Punktierte Viertel, Achtel, Ganze Pause, Halbe Pausen, Viertel Pausen',5,NULL,''),(44,50,'-',1,'a-moll','4/4','Poco Allegretto',70,'Oberstimme bewegt, Unterstimmen ruhig, Synkopen in der Oberstimme, 3. Stimme im Violinschlüssel (oktaviert), Übung: Ensemblespiel, RhytmBes: Synkopen, Fermaten','(verschiedene)',5,NULL,NULL),(45,51,'-',1,'D-Dur','3/4','Quasi allegro',50,'Stimmen z.T. zweistimmig, Übung: Ensemblespiel, DynamBes: Fortissimo (alles)','(verschiedene)',5,NULL,NULL),(46,52,'-',1,'d-moll','2/4, 3/4','Très lent',100,'Viele Taktwechsel!, Übung: Ensemblespiel, Taktwechsel, RhytmBes: Fermaten, Taktwechsel','(verschiedene)',5,NULL,NULL),(47,53,'-',1,'C-Dur','4/4','Maestoso',110,'Übung: Ensemblespiel, RhytmBes: Fermaten, DynamBes: Dynamische Kontraste','(verschiedene)',5,NULL,NULL),(48,54,'-',1,'d-moll','2/4','Maestoso',100,'Stimmen manchmal zweigeteilt, Übung: Ensemblespiel, RhytmBes: Punktierte Sechzehntel, Zweiunddreißigstel, DynamBes: Dynamische Kontraste','(verschiedene)',5,NULL,NULL),(49,55,'-',1,'d-moll','6/8','Andantino',120,'Oberstimme z.T. bewegter, Übung: Ensemblespiel','(verschiedene)',5,NULL,NULL),(50,56,'-',1,'D-Dur','3/4','Andantino poco allegretto',60,'Übung: Ensemblespiel','(verschiedene)',5,NULL,NULL),(51,57,'-',1,'g-moll','3/4','Molto moderato',100,'3. Stimme z.T. solistisch, Übung: Ensemblespiel','(verschiedene)',5,NULL,NULL),(52,58,'-',1,'G-Dur','3/4','Allegretto',75,'Übung: Ensemblespiel','(verschiedene)',5,NULL,NULL),(53,59,'-',1,'g-moll','3/4','Poco lento',75,'Übung: Ensemblespiel','(verschiedene)',5,NULL,NULL),(54,60,'-',1,'G-Dur','3/4','Poco Allegretto',75,'Übung: Ensemblespiel, RhytmBes: Synkopen','(verschiedene)',5,NULL,NULL),(55,61,'-',1,'g-moll, G-Dur','3/8','Quasi allegro',60,'3. Stimme bewegter, Tempowechsel, Übung: Ensemblespiel','(verschiedene)',5,NULL,NULL),(56,62,'-',1,'G-Dur','4/4','Allegro',50,'Violastimme auch als dritte Violine vorhanden, Cellostimme = Kontrabaßstimme, Übung: Ensemblespiel, RhytmBes: Synkopen, Shuffle','(verschiedene)',5,NULL,NULL),(57,63,'-',1,'G-Dur','4/4','Vivace',50,'Oberstimmen sehr bewegt, Baßstimme einfach, Übung: Ensemblespiel, RhytmBes: Synkopen, Shuffle, Triolen, Viertel','(verschiedene)',5,NULL,NULL),(58,64,'-',1,'a-moll / A-Dur','diverse','diverse',600,'Übung: diverse, RhytmBes: (sehr vielfältig)','(verschiedene)',2,NULL,NULL),(64,66,'',1,'F-Dur','4/4,3/4','',180,'Variation, Auch einzeln spielbar','Halbe, Punktierte Viertel, Viertel, Achtel',5,NULL,''),(65,67,'',1,'d-moll','Alla Breve,3/4','',180,'Variation, Auch einzeln spielbar','Halbe, Punktierte Viertel, Viertel, Achtel,Punkierte Halbe, Ganze',5,NULL,''),(66,68,'',1,'a-moll','4/4','Allegro',90,'','Halbe, Punktierte Viertel, Viertel, Achtel',5,NULL,''),(67,69,'',1,'e-moll','3/4','Largo',120,'Bezifferter Bass','Halbe, Punktierte Viertel, Viertel, Achtel,Punkierte Halbe, Ganze',5,NULL,''),(68,70,'',1,'B-Dur','3/4','',180,'Bezifferter Bass','Punktierte Halbe, Halbe, Punktierte Viertel, Viertel, Achtel, Sechzehntel, Punktierte Achtel, Achteltriolen',5,NULL,''),(69,71,'-',1,'g-moll','4/4','Allegro',180,'Übung: Bogen zurückholen, RhytmBes: Viele Viertelpausen','Viertel, Achtel',5,NULL,NULL),(70,72,'Symphonie',1,'g-moll','4/4','Adagio',180,'Übung: Legato-Spiel, Betonungen, MelodBes: Vergrößerung, RhytmBes: Punktierte Viertel, Viertelpausen','Halbe, Punktierte Viertel, Viertel, Achtel,Punkierte Halbe, Ganze, Viertelpausen',5,NULL,NULL),(71,72,'Minuett',2,'g-moll','3/4','(keine)',180,'Bezifferter Bass, RhytmBes: Punktierte Viertel','Punktierte Halbe, Punktierte Viertel, Viertel, Achtel',5,NULL,NULL),(72,72,'Gavotte',3,'g-moll','alla breve','(keine)',150,'Übung: Doppelschlag, Triller, RhytmBes: Punktierte Viertel','Halbe, Punktierte Viertel, Viertel, Achtel',5,NULL,NULL),(73,72,'Hornpipe',4,'g-moll','3/2','(keine)',150,'Übung: 3/2 - Takt mit Synkope, Pralltriller, Betonungen','Halbe, Punktierte Viertel, Viertel, Achtel',5,NULL,NULL),(74,72,'Jigg',5,'g-moll','6/8','(keine)',150,'Übung: Verschiedene Stricharten möglich, Triller, MelodBes: Sequenz, Triller, RhytmBes: Punktierte Achtel mit Sechzehntel','Viertel,Punkte Achtel, Achtel, Sechzehntel',5,NULL,''),(75,73,'-',1,'G-Dur','4/4','(keine)',150,'Übung: Sechzehntel mit Punktierter Achtel gebunden, Pralltriller','Halbe, Punktierte Viertel, Viertel, Punktierte Achtel, Sechzehntel',5,NULL,NULL),(76,74,'-',1,'G-Dur','3/4','(Vivace)',240,'Triller, Bezifferter Bass','Punktierte Halbe, Halbe, Punktierte Viertel, Viertel, Achtel, Sechzehntel',5,NULL,NULL),(77,75,'-',1,'A-Dur','6/8','',240,'Bezifferter Bass, Haltebogen, Triller','Punktierte Viertel, Viertel, Achtel, ',5,NULL,NULL),(78,76,'-',1,'d-moll','4/4','Allegro',150,'Legato schwer-leicht, ','Viertel, Achtel',5,NULL,NULL),(79,77,'-',1,'A-Dur','2/4','Vivace',180,'Lange Vorschläge, Triller mit Nachschlag, Komplementärrhytmen','Punktierte Viertel, Viertel, Achtel, Sechzehntel',5,NULL,NULL),(80,78,'-',1,'a-moll','3/4','Allegro',180,'Triller, Sechzehntel Auftakt','Halbe, Punktierte Viertel, Sechzehntel,Achtel, Sechzehntel Auftakt',5,NULL,NULL),(81,99,'Allegro',1,'D-Dur','4/4','Allegro',240,NULL,NULL,2,NULL,NULL),(82,99,'Alla Hornpipe',2,NULL,'3/2','Allegro',240,NULL,NULL,NULL,NULL,NULL),(84,99,'Rigaudon',3,'G-Dur','2/2',NULL,180,NULL,NULL,NULL,NULL,NULL),(85,99,'Lentement',4,'D-Dur','3/4',NULL,240,NULL,NULL,NULL,NULL,NULL),(86,99,'Bourrée',5,'D-Dur','2/2',NULL,120,NULL,NULL,NULL,NULL,NULL),(87,99,'Menuet I',6,'g-moll','3/4',NULL,120,NULL,NULL,NULL,NULL,NULL),(88,99,'Andante',7,'g-moll','3/4',NULL,120,NULL,NULL,NULL,NULL,NULL),(89,99,'Menuet II',8,'D-Dur','3/4',NULL,120,NULL,NULL,NULL,NULL,NULL),(90,98,'BOLERO',1,'C-Dur','3/4','Tempo di Bolero moderato assai',20,NULL,NULL,NULL,NULL,NULL),(91,97,'BOLERO',1,'C-Dur','3/4','Tempo di Bolero moderato assai',660,NULL,NULL,NULL,NULL,NULL),(92,96,'Pirates of the Caribbean',1,'d-moll','12/8',NULL,420,NULL,NULL,NULL,NULL,NULL),(93,100,'Irische Segenswünsche',1,'F-Dur, G-Dur','4/4','Mit Schwung',480,'',NULL,2,NULL,NULL),(94,101,'Introduktion und Königsmarsch de',1,'a-moll','4/4','Andante maestoso',180,NULL,NULL,NULL,NULL,NULL),(95,101,'Hennen und Hähne',2,'a-moll','4/4','Allegro moderato',120,NULL,NULL,NULL,NULL,NULL),(96,101,'Maulesel (Schnelle Tiere)',3,'a-moll','4/4','Presto furioso',120,NULL,NULL,NULL,NULL,NULL),(97,101,'Schildkröten',4,'C-Dur','4/4','Andante maestoso',180,NULL,NULL,NULL,NULL,NULL),(98,101,'Der Elefant',5,'D-Dur','3/8','Allegro pomposo',180,NULL,NULL,NULL,NULL,NULL),(99,101,'Känguruhs',6,'g-moll','4/4','Moderato',120,NULL,NULL,NULL,NULL,NULL),(100,101,'Aquarium',7,'e-moll','4/4','Andantino',300,NULL,NULL,NULL,NULL,NULL),(101,101,'Wesen mit langen Ohren',8,'a-moll','3/4','Tempo ad libitum',120,NULL,NULL,NULL,NULL,NULL),(102,101,'Der Kuckuck in der Tiefe der Wälder',9,'d-moll','3/4','Andante',180,NULL,NULL,NULL,NULL,NULL),(103,101,'Das Vogelhaus',10,'F-Dur','3/4','Moderato grazioso',240,NULL,NULL,NULL,NULL,NULL),(104,101,'Pianisten',11,'C-Dur','4/4','Allegro moderato',180,NULL,NULL,NULL,NULL,NULL),(105,101,'Fossilien',12,'a-moll','4/4','Allegro ridicolo',180,NULL,NULL,NULL,NULL,NULL),(106,101,'Der Schwan',13,'C-Dur','6/4','Andantino grazioso',240,NULL,NULL,NULL,NULL,NULL),(107,101,'Finale',14,'C-Dur','4/4','Allegro',300,NULL,NULL,NULL,NULL,NULL),(108,102,'-',NULL,'f-moll','3/4','Moderato',600,NULL,NULL,NULL,NULL,NULL),(109,79,'',1,'G-Dur','3/2','Largo',180,'','Ganze, Punktierte Halbe, Halbe, Punktierte Viertel, Viertel, Achtel',2,NULL,''),(110,103,'Satz 1',1,'geahnt','geahnt','geahnt',60,'ohjemine','lalala',5,NULL,NULL),(111,103,'Satz 2',2,'X-Dur','13/1','zu schnell',99,'','',5,NULL,NULL),(112,103,'Satz 3',3,'y-moll','11/11','hurtig',99,'klingt ganz gut, vor allem dann wenn man es nicht spielt ','',5,NULL,NULL),(113,106,'Ouverture',1,'D-Dur','4/4 ','Adagio - Allegro - Lento',600,'Französische Ouvertüre','',8,NULL,NULL),(114,106,'Bourrée',2,'d-moll','Alla breve','',180,'','',8,NULL,NULL),(115,106,'La Paix',3,'D-Dur','6/8','Largo alla Siciliana',240,'','',NULL,NULL,NULL),(116,106,'La Réjouissance',4,'D-Dur','4/4 ','Allegro',180,'','',8,NULL,NULL),(117,106,'Menuet 1',5,'D-Dur','3/4 ','',120,'','',NULL,NULL,NULL),(118,106,'Menuet 2',6,'D-Dur','3/4 ','',120,'','',NULL,NULL,NULL),(119,108,'La Réjouissance',1,'C-Dur','Alla breve','Allegro',240,'','',2,NULL,NULL),(121,109,'',1,'F-Dur','6/8','Allegretto',480,'','',1,NULL,NULL),(122,110,'(Satz 1)',1,'F-Dur, B-Dur','4/4, 6/8','Moderately',360,'','',2,NULL,NULL),(123,111,'',1,'C-Dur','2/4','Allegro giocoso',360,'','',NULL,NULL,NULL),(124,112,'Ancient Aires and Dances, Suite No. 1 (Balletto)',1,'D-Dur','4/4 ','Allegretto moderato',300,'','',2,NULL,NULL),(125,113,'',1,'e-moll','4/4 - 2/4','Adagio - Allegro',480,'','',1,NULL,NULL),(126,114,'',1,'F-Dur','3/4 ','Andante tranquillo',240,'','',1,NULL,NULL),(127,115,'',1,'D-Dur','4/4 ','March Style',240,'','',2,NULL,NULL),(128,116,'',1,'G-Dur','3/4 ','Cantabile',300,'','',NULL,NULL,NULL),(129,118,'Satz 1',1,'d-moll, g-moll','4/4, 2/4, 3/4,','Allegro, Moderato, Very slow',480,'','',NULL,NULL,NULL),(130,120,'Satz 1',1,'F-Dur','4/4 ','Adagio',180,'','',NULL,NULL,NULL),(131,121,'Allegro',1,'C-Dur','4/4 ','Allegro',240,'','',1,NULL,NULL),(132,121,'Menuett',2,'C-Dur','3/4 ','Menuett',180,'','',1,NULL,NULL),(133,121,'Allegro moderato',3,'C-Dur','6/8','Allegro moderato',120,'','',1,NULL,NULL),(134,122,'Satz 1',1,'C-Dur','4/4 ','Maestoso',300,'','',2,NULL,NULL),(135,123,'Passacaglia',1,'G-Dur','3/4, 4/4','Ruhig, doch nicht schleppen',180,'','',NULL,NULL,''),(136,124,'Satz 1',1,'d-moll','3/4 ','Presto',300,'',NULL,2,NULL,NULL),(137,125,'Satz 1',1,'g-moll','2/4','Allegro',180,'',NULL,NULL,NULL,NULL),(138,126,'Satz 1',1,'D-Dur','3/8','',240,'',NULL,NULL,NULL,NULL),(139,129,'Satz 1',1,'G-Dur','3/4 ','Allegro',300,'',NULL,NULL,NULL,NULL),(140,128,'Satz 1',1,'a-moll, endet in E-Dur','4/4 ','Largo',300,'',NULL,NULL,NULL,NULL),(141,127,'Satz 1',1,'a-moll,','12/8','Largo',360,'',NULL,2,NULL,NULL),(142,130,'Satz 1',1,'Es-Dur (1 b notiert)','4/4 ','Adagio - Allegro - Adagio',300,'',NULL,NULL,NULL,NULL),(143,131,'Satz 1',1,'g-moll (1 b notiert)','3/4 ','Vivace',180,'',NULL,NULL,NULL,NULL),(144,132,'Satz 1',1,'G-Dur (ohne Vorzeichen notiert)','12/8','Largo',480,'Weihnachtskonzert 2024? Orginal siehe Sammlung Id 133',NULL,5,NULL,NULL),(145,133,'Satz 1',1,'D-Dur','4/4 ','Allegro',480,'',NULL,2,NULL,NULL),(146,134,'Satz 1',1,'D-Dur, B-Dur, A-Dur','3/4, 4/4, 6/8','Presto, Allegro Assai, Alla Mar',600,'',NULL,1,NULL,NULL),(148,135,'(Satz 1)',1,'B-Dur','3/4 ','Allegro - Tempo di Valse',480,'',NULL,NULL,NULL,NULL),(149,136,'(Satz 1)',1,'d-moll (ohne Vorzeichen notiert)','2/4','Mäßig schnell',180,'Spieldauer 3\'15\'\'',NULL,NULL,NULL,NULL),(150,137,'(Satz 1)',1,'C-Dur','4/4 ','Allegro',360,'aus der Reihe \"Die Schüler-Sinfonie\"',NULL,8,NULL,NULL),(151,137,'(Satz 2)',2,'G-Dur','2/4','Andante',360,'Spieldauer 6\'15\'\'',NULL,8,NULL,NULL),(152,137,'Finale',3,'C-Dur','3/4 ','Tempo di Minet piú tosto Allegr',300,'Spieldauer 5\'15\'\'',NULL,8,NULL,NULL),(153,138,'Intermezzo',1,'F-Dur','2/4','Moderato',180,'',NULL,NULL,NULL,NULL),(154,138,'Ballade',2,'d-moll','3/4 ','Tempo di Minuetto',180,'',NULL,NULL,NULL,NULL),(155,138,'Alla Marcia',3,'G-Dur, Es-Dur','2/4','Moderato',180,'',NULL,NULL,NULL,NULL),(156,141,'(Satz 1)',1,'F-Dur','3/4, 2/2, 6/8','divers',360,'',NULL,1,NULL,NULL),(157,142,'(Satz 1)',1,'C-Dur','2/2','Moderato',240,'',NULL,2,NULL,NULL),(158,143,'(Satz 1)',1,'g-moll, F-Dur, d-moll, G-Dur','4/4, 2/4, 2/2','divers',420,'',NULL,NULL,NULL,NULL),(159,144,'(Satz 1)',1,'C-Dur','3/4 ','Presto',300,'',NULL,NULL,NULL,NULL),(160,145,'(Satz 1)',1,'F-Dur','6/8, 2/4, ','divers',360,'',NULL,NULL,NULL,NULL),(161,146,'(Satz 1)',1,'C-Dur','Alla breve','Tempo di Marcia',240,'',NULL,NULL,NULL,NULL),(162,147,'(Satz 1)',1,'C-Dur','4/4 ','Moderato, not too fast, like a ',180,'',NULL,NULL,NULL,NULL),(163,148,'(Satz 1)',1,'G-Dur, g-moll','4/4, 3/4','',300,'',NULL,1,NULL,NULL),(165,149,'(Satz 1)',1,'C-Dur','2/2, 3/2','Andante',600,'',NULL,1,NULL,NULL),(166,150,'(Satz 1)',1,'B-Dur, d-moll, h-moll, e-moll','4/4, Alla breve, 3/4','Majestic!',480,'',NULL,1,NULL,NULL),(167,151,'(Satz 1)',1,'e-moll, C-Dur, D-Dur','4/4','moderately bright',540,'Spieldauer: 8\'35\'\'',NULL,2,NULL,NULL),(168,152,'(Satz 1)',1,'B-Dur, G-Dur, F-Dur, D-Dur','4/4, 3/4, 12/8, 6/8, 3/2','Mysteriously, Majestically, usw',600,'',NULL,NULL,NULL,NULL),(169,153,'(Satz 1)',1,'d-moll','4/4, 6/4, 3/4','Misterioso',480,'',NULL,16,NULL,NULL),(170,154,'(Satz 1)',1,'h-moll, C-dur','3/4, 4/4','Mysteriously',360,'',NULL,1,NULL,NULL),(171,155,'(Satz 1)',1,'a-moll','3/4, 5/4, 6/4, 2/4, 4/4','Marcato',600,'',NULL,2,NULL,NULL),(172,156,'(Satz 1)',1,'unbestimmt','2/4','Allegro, molto agitato',300,'',NULL,1,NULL,NULL),(173,158,'(Satz 1)',1,'D-Dur, B-Dur, G-Dur','4/4, Alla breve, 2/4','verschiedene',420,'',NULL,5,NULL,NULL),(174,159,'(Satz 1)',1,'a-moll, A-Dur, e-moll','4/4, 5/4, 9/8','(diverse)',480,'',NULL,2,NULL,NULL),(175,160,'(Satz 1)',1,'g-moll, F-Dur, B-Dur','4/4, Alla Breve','(diverse)',420,'',NULL,2,NULL,NULL),(176,161,'(Satz 1)',1,'d-moll','2/4','Casi Conga',480,'',NULL,2,NULL,NULL),(177,162,'(Satz 1)',1,'(diverse)','4/4, 3/4, 2/4','(diverse)',600,'',NULL,2,NULL,NULL),(178,163,'(Satz 1)',1,'g-moll','4/4','moderately',150,'Mit Saxophon',NULL,2,NULL,NULL),(179,164,'(Satz 1)',1,'C-Dur, D-Dur','4/4','moderately',240,'',NULL,2,NULL,NULL),(180,165,'(Satz 1)',1,'Es-Dur','2/4, 2/2','Allegro non troppo, Mambo',480,'Orchestermaterial nachträglich erstellt',NULL,1,NULL,NULL),(181,166,'(Satz 1)',1,'B-Dur, As-Dur, A-Dur, C-Dur, G-Dur, E-Dur','4/4, 2/4','',450,'',NULL,5,NULL,NULL),(182,167,'(Satz 1)',1,'G-Dur, g-moll, C-Moll','Alla Breve','',360,'',NULL,2,NULL,NULL),(183,168,'(Satz 1)',1,'D-Dur, G-Dur','Alla Breve','',260,'Schwierigkeitsgrad v.a. für den Sologeiger',NULL,2,NULL,NULL),(184,169,'1. Satz',1,'Es-Dur','4/4 ','Allegro',600,'',NULL,5,NULL,NULL),(185,169,'2. Satz',2,'As-Dur','6/8','Andante cantabile',240,'',NULL,17,NULL,NULL),(186,169,'3. Satz - Finale',3,'Es-Dur','2/4','Allegro',480,'',NULL,5,NULL,NULL),(187,170,'1. Satz',1,'h-moll','4/4 ','Grave',240,'',NULL,2,NULL,NULL),(188,170,'2. Satz',2,'h-moll','2/4','Vivace',300,'',NULL,2,NULL,NULL),(189,170,'3. Satz',3,'D-Dur','3/4 ','Dolce',240,'',NULL,5,NULL,NULL),(190,170,'4. Satz',4,'h-moll','6/8','Allegro',300,'',NULL,5,NULL,NULL),(191,171,'1. Satz',1,'c-moll','4/4 ','Tempo souple',300,'',NULL,5,NULL,NULL),(192,171,'2. Satz',2,'c-moll','4/4 ','Viertel = 112',600,'',NULL,1,NULL,NULL),(193,172,'1. Satz',1,'a-moll','4/4 ','Allegro',240,'',NULL,18,NULL,NULL),(194,172,'2. Satz',2,'a-moll','4/4 ','Largo',240,'nur Solocello und Basso continuo',NULL,5,NULL,NULL),(195,172,'3. Satz',3,'a-moll','9/8','Allegro',240,'',NULL,5,NULL,NULL),(197,173,'1. Satz',1,'C-Dur','4/4 ','Allegro',240,'',NULL,18,NULL,NULL),(198,173,'2. Satz',2,'a-moll','4/4 ','Largo',180,'nur Solocello und Basso continuo',NULL,18,NULL,NULL),(199,173,'3. Satz',3,'C-Dur','2/4','Allegro',300,'',NULL,5,NULL,NULL),(200,174,'(Satz 1)',1,'c-moll','4/4','Molto adagio',600,'',NULL,5,NULL,NULL),(201,175,'1. Satz',1,'D-Dur','2/4','Allegro',300,'',NULL,5,NULL,NULL),(202,175,'2. Satz',2,'A-Dur','2/4','Andante',240,'dieser Satz ohne Trompete',NULL,5,NULL,NULL),(203,175,'3. Satz',3,'D-Dur','2/4','Allegro',360,'',NULL,5,NULL,NULL),(204,176,'1. Satz',1,'D-Dur','4/4','Vivace',600,'',NULL,17,NULL,NULL),(205,176,'2. Satz',2,'A-Dur','3/4','Un poco Adagio',480,'',NULL,5,NULL,NULL),(206,176,'3. Satz',3,'D-Dur, d-moll','2/4','Rondo all\' Ungarese',480,'',NULL,5,NULL,NULL),(207,177,'1. Satz',1,'D-Dur','4/4','Allegro',240,'',NULL,1,NULL,NULL),(208,177,'2. Satz',2,'D-Dur','4/4','Largo',240,'',NULL,1,NULL,NULL),(209,177,'3. Satz',3,'D-Dur','12/8','Allegro',240,'',NULL,1,NULL,NULL),(210,178,'(Satz 1)',1,'a-moll, d-moll, fis-moll, g-moll, e-moll','4/4, 6/8, 3/4, 7/8','Danzón',660,'',NULL,2,NULL,NULL),(211,179,'(Satz 1)',1,'d-moll','2/4','Moderato',600,'',NULL,1,NULL,NULL),(212,180,'(Satz 1)',1,'D-Dur, d-moll','4/4','(keine da)',480,'',NULL,2,NULL,NULL),(213,181,'1. Satz',1,'h-moll','4/4 ','Moderato',480,'',NULL,5,NULL,NULL),(214,181,'2. Satz',2,'G-Dur','6/8','Andante',300,'',NULL,1,NULL,NULL),(215,181,'3. Satz - Finale',3,'h-moll','4/4 ','Allegro',480,'',NULL,5,NULL,NULL),(216,182,'(Satz 1)',1,'d-moll','Alla breve','Presto',600,'',NULL,1,NULL,NULL),(217,183,'1. Satz',1,'F-Dur','4/4 ','Allegro ma non tanto',360,'',NULL,18,NULL,NULL),(218,183,'2. Satz',2,'g-moll','12/8','Largo e cantabile',240,'',NULL,5,NULL,NULL),(219,183,'3. Satz',3,'F-Dur','2/4','Allegro',240,'',NULL,5,NULL,NULL),(220,184,'1. Satz',1,'h-moll','4/4 ','Allegro moderato',300,'',NULL,1,NULL,NULL),(221,184,'2. Satz',2,'G-Dur','6/8','Andante',240,'',NULL,5,NULL,NULL),(222,184,'3. Satz',3,'h-moll','4/4','Allegro Moderato',300,'',NULL,2,NULL,NULL),(223,185,'1. Satz',1,'B-Dur','4/4','Allegro Moderato',360,'',NULL,5,NULL,NULL),(224,185,'2. Satz',2,'Es-Dur','2/4','Adadio',300,'',NULL,18,NULL,NULL),(225,185,'3. Satz',3,'B-Dur','3/8','Poco Presto',420,'',NULL,18,NULL,NULL),(226,187,'1. Satz',1,'S-Dur','4/4','Allegro',600,'',NULL,5,NULL,NULL),(227,187,'2. Satz - Aria',2,'B-Dur','2/4','Andante Moderato',360,'',NULL,18,NULL,NULL),(228,187,'3. Satz - Rondo Alla Scherzo',3,'S-Dur','6/8','Allegro Moderato',480,'',NULL,18,NULL,NULL),(229,188,'1. Satz',1,'F-Dur','4/4','Grave',300,'',NULL,5,NULL,NULL),(230,188,'2. Satz',2,'f-moll','3/4','Allegro Molto',300,'',NULL,5,NULL,NULL),(231,188,'3. Satz',3,'F-Dur','4/4','Adagio',240,'',NULL,18,NULL,NULL),(232,188,'4. Satz',4,'F-Dur','2/4','Allegro Risoluto',300,'',NULL,18,NULL,NULL),(233,189,'1. Satz',1,'g-moll','4/4','Allegro',360,'',NULL,19,NULL,NULL),(234,189,'2. Satz',2,'g-moll','4/4','Largo',240,'Ohne Violinen und Bratschen',NULL,19,NULL,NULL),(235,189,'3. Satz',3,'g-moll','3/4','Allegro',300,'',NULL,19,NULL,NULL),(236,190,'1. Satz',1,'G-Dur','2/4','Andante Molto',360,'',NULL,2,NULL,NULL),(237,190,'2. Satz',2,'G-Dur','3/4','Largo',240,'Nur Soloinstrumente mit Basso continuo',NULL,5,NULL,NULL),(238,190,'3. Satz',3,'G-Dur','12/8','Allegro Molto',360,'',NULL,5,NULL,NULL),(239,191,'1. Satz',1,'D-Dur','3/2','Grave',180,'',NULL,1,NULL,NULL),(240,191,'2. Satz - Vitement',2,'D-Dur','4/4','Presto',420,'',NULL,1,NULL,NULL),(241,191,'3. Satz',3,'h-moll','4/4','Largo',240,'',NULL,1,NULL,NULL),(242,191,'4. Satz',4,'B-Dur','3/8','Vivace',360,'',NULL,1,NULL,NULL),(243,192,'1. Satz',1,'C-Dur','4/4','Allegro',360,'',NULL,1,NULL,NULL),(244,192,'2. Satz',2,'C-Dur','4/4','Largo',240,'Nur Soli und Basso continuo',NULL,5,NULL,NULL),(245,192,'3. Satz',3,'C-Dur','4/4','Vivace',360,'',NULL,5,NULL,NULL),(246,193,'1. Satz',1,'Es-Dur','4/4','Allegro Moderato',600,'',NULL,18,NULL,NULL),(247,193,'2. Satz',2,'B-Dur','4/4','Andante religioso',300,'',NULL,18,NULL,NULL),(248,193,'3. Satz - Rondo',3,'Es-Dur','2/4','Allegretto',480,'',NULL,18,NULL,NULL),(249,194,'1. Satz',1,'F-Dur','2/4','Allegro',300,'',NULL,2,NULL,NULL),(250,194,'2. Satz - Siciliano',2,'a-moll','12/8','Siciliano',300,'',NULL,2,NULL,NULL),(251,194,'3. Satz',3,'F-Dur','6/8','Allegro assai',240,'',NULL,2,NULL,NULL),(252,195,'1. Satz',1,'C-Dur','Alla breve','Allegro',300,'',NULL,5,NULL,NULL),(253,195,'2. Satz',2,'a-moll','Alla breve','Andante',180,'endet in E-Dur',NULL,5,NULL,NULL),(254,195,'3. Satz',3,'C-Dur','3/8','Presto',240,'',NULL,5,NULL,NULL),(255,196,'1. Satz',1,'B-Dur','Alla breve','Allegro',300,'',NULL,5,NULL,NULL),(257,197,'1. Satz',1,'Es-Dur','4/4 ','Allegro maestoso',480,'',NULL,5,NULL,NULL),(258,197,'2. Satz',2,'B-Dur','3/8','Andante',240,'...Weihnachtskonzert 2024?',NULL,5,NULL,NULL),(259,197,'3. Satz -Rondo',3,'Es-Dur','6/8','Rondo',360,'',NULL,5,NULL,NULL),(260,198,'(Satz 1)',1,'G-Dur','3/4, 4/4','Adagio',180,'',NULL,18,NULL,NULL),(261,199,'(Satz 1)',1,'c-moll','3/4, 4/4','Andante',180,'',NULL,18,NULL,NULL),(262,201,'(Satz 1)',1,'B-Dur, Es-Dur, C-Dur, F-Dur ','4/4','Lento, Andante con moto',480,'',NULL,5,NULL,NULL),(263,202,'(Satz 1)',1,'C-Dur, ','3/4, 4/4, 5/4','Expansively',600,'',NULL,5,NULL,NULL),(264,203,'1. Satz',1,'D-Moll','3/4','Largo',240,'',NULL,5,NULL,NULL),(265,203,'2. Satz',2,'d-moll','4/4','Allegro',360,'',NULL,5,NULL,NULL),(266,203,'3. Satz',3,'d-moll','4/4','Adagio',240,'',NULL,5,NULL,NULL),(267,203,'4. Satz',4,'d-moll','3/8','Vivace',300,'',NULL,5,NULL,NULL),(268,204,'Rezitativ und Arie',1,'C-Dur, F-Dur','4/4, 3/4','Rezitativ - Andante',300,'',NULL,2,NULL,NULL),(269,205,'Rezitativ und Ariea',1,'C-Dur - F-Dur','4/4 - 6/8','Allegro Vivace Assai - Andante',300,'',NULL,1,NULL,NULL),(270,206,'(Satz 1)',1,'F-Dur (Org.: G-Dur)','4/4','viertel=50',240,'',NULL,5,NULL,NULL),(271,207,'1. Satz',1,'e-moll','Alla breve','Allegro con fuoco',600,'',NULL,5,NULL,NULL),(272,207,'2. Satz',2,'C-Dur','6/8','Andante',480,'',NULL,5,NULL,NULL),(273,207,'3. Satz',3,'E-Dur','4/4 ','Allegro molto Vivace',600,'',NULL,5,NULL,NULL),(274,208,'(Satz 1)',1,'c-moll, C-Dur','4/4, 2/4','Moderato - Lento - un peu plus lent - Allegro molto vivace',480,'',NULL,5,NULL,NULL),(275,210,'(Satz 1)',1,'c-moll, C-Dur','4/4, 2/4','Moderato - Lento - un peu plus  lent - Allegro molto vivace',480,'',NULL,17,NULL,NULL),(276,211,'(Satz 1)',1,'G-Dur - g-moll','3/4 ','Andante - Più mosso',360,'',NULL,1,NULL,NULL),(277,209,'1. Satz',1,'e-moll','Alla breve','Allegro con fuoco',600,'',NULL,5,NULL,NULL),(278,209,'2. Satz',2,'C-Dur','6/8','Andante',480,'',NULL,5,NULL,NULL),(279,209,'3. Satz',3,'E-Dur','4/4 ','Allegro molto Vivace',600,'',NULL,5,NULL,NULL),(280,212,'1. Satz',1,'a-moll','4/4 ','Allegro',300,'',NULL,18,NULL,NULL),(281,212,'2. Satz',2,'d-moll','4/4 ','Largo',240,'Weihnachtskonzert 2024?',NULL,5,NULL,NULL),(282,212,'3. Satz',3,'a-moll','2/4','Presto',300,'',NULL,5,NULL,NULL),(283,214,'1. Satz',1,'d-moll','3/4 ','Allegro',180,'nur Soli und Basso continuo',NULL,NULL,NULL,NULL),(284,214,'2. Satz',2,'A-Dur','4/4 ','Adagio Spiccato e Tutti',60,'',NULL,5,NULL,NULL),(285,214,'3. Satz',3,'d-moll','4/4 ','Allegro',300,'',NULL,5,NULL,NULL),(286,215,'1. Satz',1,'G-Dur','4/4 ','Allegro moderato',480,'',NULL,17,NULL,NULL),(287,215,'2. Satz',2,'C-Dur','3/4 ','Adagio',300,'',NULL,5,NULL,NULL),(288,215,'3. Satz',3,'G-Dur','2/2','Allegro',300,'',NULL,5,NULL,NULL),(289,216,'1. Satz',1,'G-Dur','4/4 ','Allegro',240,'',NULL,1,NULL,NULL),(290,216,'2. Satz',2,'e-moll','3/4 ','Largo',240,'',NULL,5,NULL,NULL),(291,216,'3. Satz',3,'G-Dur','3/8','Allegro',300,'',NULL,5,NULL,NULL),(292,217,'1. Satz',1,'d-moll','Alla breve','Vivace',420,'',NULL,5,NULL,NULL),(293,217,'2. Satz',2,'F-Dur','12/8','Largo ma non Tanto',240,'',NULL,5,NULL,NULL),(294,217,'3. Satz',3,'d-moll','3/4','Allegro',420,'',NULL,5,NULL,NULL),(295,218,'1. Satz',1,'G-Dur','4/4','Largo',180,'',NULL,5,NULL,NULL),(296,218,'2. Satz',2,'G-Dur','Alla Breve','Da Cappella, non presto',240,'',NULL,5,NULL,NULL),(297,218,'3. Satz',3,'e-moll, E-Dur','3/4','Largo affettuoso',240,'',NULL,5,NULL,NULL),(298,218,'4. Satz',4,'G-Dur','4/4','Allegro',240,'',NULL,5,NULL,NULL),(299,219,'1. Satz',1,'D-Dur','4/4','Allegro',300,'',NULL,18,NULL,NULL),(300,219,'2. Satz',2,'h-moll','3/4','Largo e spicato',240,'',NULL,18,NULL,NULL),(301,219,'3. Satz',3,'D-Dur','9/8','Allegro',300,'',NULL,18,NULL,NULL),(302,220,'(Satz 1)',1,'d-moll, B-Dur','3/4','Andante Molto Cantabile',480,'',NULL,20,NULL,NULL),(303,221,'(Satz 1)',1,'c-moll','6/8','Presto giocoso',360,'',NULL,5,NULL,NULL),(304,222,'(Satz 1)',1,'Es-Dur','3/4','Moderato con moto',360,'',NULL,5,NULL,NULL),(305,223,'(Satz 1)',1,'C-Dur','3/4','Allegro',480,'',NULL,20,NULL,NULL),(306,200,'(Satz 1)',1,'d-moll','4/4, 3/2','larghetto',180,'',NULL,5,NULL,NULL),(307,225,'(Satz 1)',1,'ein #','4/4','Lento',180,'',NULL,18,NULL,NULL),(308,226,'(Satz 1)',1,'D-Dur','3/4','Andante',240,'',NULL,18,NULL,NULL),(309,227,'(Satz 1)',1,'C-Dur','2/4','Allegro',240,'',NULL,5,NULL,NULL),(310,228,'(Satz 1)',1,'F-Dur (Org.: G-Dur)','4/4','Andante sostenuto',240,'',NULL,5,NULL,NULL),(311,229,'1. Satz - Ouverture',1,'h-moll','4/4','(keine)',480,'',NULL,18,NULL,NULL),(312,229,'2. Satz - Rondeau',2,'h-moll','Alla Breve','(kein)',240,'',NULL,18,NULL,NULL),(313,229,'3. Satz - Sarabande',3,'h-moll','3/4','(keins)',180,'',NULL,5,NULL,NULL),(314,229,'4. Satz - Bourreé I und II alternativement',4,'h-moll','Alla breve','keine',240,'',NULL,5,NULL,NULL),(315,229,'5. Satz - Polonaise - double',5,'h-moll','3/4','Lentement',300,'',NULL,18,NULL,NULL),(316,229,'6. Satz - Menuet',6,'h-moll','3/4','(kein)',180,'',NULL,18,NULL,NULL),(317,229,'7. Satz - Badinerie',7,'h-moll','2/4','(kein)',240,'',NULL,18,NULL,NULL),(318,230,'(Satz 1)',1,'G-Dur','9/8','Moderato',240,'',NULL,2,NULL,NULL),(319,231,'1. Satz',1,'D-Dur','3/4 ','Adagio',180,'',NULL,5,NULL,NULL),(320,231,'2. Satz',2,'D-Dur','4/4 ','Allegro',300,'',NULL,5,NULL,NULL),(321,231,'3. Satz',3,'h-moll','4/4 ','Largo spiccato',180,'',NULL,5,NULL,NULL),(322,231,'4. Satz',4,'D-Dur','12/8','Andante',240,'',NULL,5,NULL,NULL),(323,232,'(Satz 1)',1,'a-moll','3/4 ','Con bizzarria',240,'',NULL,5,NULL,NULL),(324,233,'(Satz 1)',1,'D-Dur','3/4 ','Adagio',120,'',NULL,5,NULL,NULL),(325,234,'1. Satz - Basse Danse',1,'d-moll','3/4 ','Allegro moderato',180,'',NULL,2,NULL,NULL),(326,234,'2. Satz - Pavane',2,'g-moll (1 b notiert)','2/4 ','Allegro, ma un poco lento',180,'',NULL,2,NULL,NULL),(327,234,'3. Satz - Tordion',3,'d-moll','6/4 ','Con moto',180,'endet in D-Dur',NULL,5,NULL,NULL),(328,234,'4. Satz - Bransles',4,'g-moll (1 b notiert), G-Dur','2/2','Presto',240,'',NULL,5,NULL,NULL),(329,234,'5. Satz - Pieds-en-l\'air',5,'G-Dur','9/4','Andante tranquillo',180,'',NULL,5,NULL,NULL),(330,234,'6. Satz - Mattachins',6,'d-moll','2','Allegro con brio',180,'',NULL,2,NULL,NULL),(331,235,'1. Satz',1,'g-moll','4/4, 3/4, 3/2','Vivace - Grave',180,'',NULL,5,NULL,NULL),(332,235,'2. Satz',2,'g-moll','4/4 ','Allegro',420,'',NULL,5,NULL,NULL),(335,235,'3. Satz',3,'g-moll','3/4 ','Vivace',300,'',NULL,5,NULL,NULL),(336,235,'4. Satz - Pastorale',4,'G-Dur','12/8','Largo',360,'Arr. siehe Sammlung Id 32 \"Weihnachtskonzert - Festliche Barockmusik für alle\"',NULL,5,NULL,NULL),(337,236,'1. Satz - Dorftanz',1,'F-Dur','4/4 ','',120,'',NULL,5,NULL,NULL),(338,236,'2. Satz - Schiffertanz',2,'C-Dur','Alla Breve','',120,'',NULL,5,NULL,NULL),(339,236,'3. Satz - Schreittanz',3,'F-Dur','3/2','',120,'',NULL,5,NULL,NULL),(340,236,'4. Satz - Die Windmühle',4,'F-Dur','3/2','',120,'',NULL,5,NULL,NULL),(341,236,'5. Satz - Tanz der Fischer',5,'F-Dur','3/2','',120,'',NULL,5,NULL,NULL),(342,236,'6. Satz - Feuertanz',6,'C-Dur','4/4 ','',120,'',NULL,5,NULL,NULL),(343,236,'7. Satz - Umzug',7,'F-Dur','4/4 ','',120,'',NULL,5,NULL,NULL),(344,236,'8. Satz - Tanz der Bauern',8,'F-Dur','6/4','',120,'',NULL,5,NULL,NULL),(345,236,'9. Satz - Tanz der Bäuerinnen',9,'F-Dur','6/4','',60,'',NULL,5,NULL,NULL),(346,236,'10. Satz - Springtanz',10,'C-Dur','3/2','',180,'',NULL,5,NULL,NULL),(347,236,'11. Satz - Auszug',11,'F-Dur','4/4 ','',180,'',NULL,5,NULL,NULL),(348,237,'1. Satz',1,'G-Dur','3/4','Allegro',420,'',NULL,5,NULL,NULL),(349,237,'2. Satz',2,'C-Dur','2/4','Andante',300,'',NULL,5,NULL,NULL),(350,237,'3. Satz - Menuetto',3,'G-Dur','3/4','',240,'',NULL,5,NULL,NULL),(351,237,'4. Satz',4,'G-Dur','2/4','Presto',300,'',NULL,5,NULL,NULL),(352,238,'1. Satz - Ouverture',1,'B-Dur','4/4','Lentement - Vite - Lentement',480,'',NULL,5,NULL,NULL),(353,238,'2. Satz - Le Repos interroumpu (Die unterbrochene Ruhe)',2,'B-Dur','6/8','Air, avec douceur - Andante',240,'',NULL,5,NULL,NULL),(354,238,'3. Satz - La Guere en la Paix (Der Krieg im Frieden)',3,'B-Dur','4/4','Allegro',240,'',NULL,5,NULL,NULL),(355,238,'4. Satz - Les Vainqueurs vaincus (Die besiegten Sieger)',4,'B-Dur','3/8','Tempo di Minuetto',180,'',NULL,5,NULL,NULL),(356,238,'5. Satz - La Solitude associée (Die gemeinsame Einsamkeit)',5,'B-Dur','4/4','Larghetto',180,'',NULL,5,NULL,NULL),(357,238,'6. Satz - L\'Éspèrance de Mississippi (Die Mississippi-Hoffnung)',6,'B-Dur','4/4','Gavott - Vivement',180,'',NULL,5,NULL,NULL),(358,239,'(Satz 1)',1,'d-moll','3/4','Pesante - Allegro',150,'',NULL,1,NULL,NULL),(359,240,'Ouverture',1,'C-Dur','2 (Alla Breve)','Vite - Vivement',480,'',NULL,17,NULL,NULL),(360,240,'9 - Entrée des Dieux',1,'A-Dur','2 (Alla Breve)','Majestueux',120,'',NULL,5,NULL,NULL),(361,243,'10 - Sarabande',1,'A-Dur','3 (3/4-Takt)','Sens Lenteur',120,'',NULL,5,NULL,NULL),(362,243,'12 - Gavott pur les Zéphyrs [et les Nymphes de Flore]',2,'A-Dur','2 (Alla Breve)','Vif ',180,'',NULL,5,NULL,NULL),(363,243,'14 - Premier rigaudon / 15 - deuxième rigaudon',3,'A-Dur / a-moll','2 (Alla Breve)','Gai',360,'',NULL,5,NULL,NULL),(364,243,'// Löschen // ',99,'a-moll','2 (Alla Breve)','',180,'',NULL,5,NULL,NULL),(365,243,'17 - Entracte au lieu de l\'ouverture',5,'D-Dur','2 (Alla Breve)','',120,'',NULL,5,NULL,NULL),(366,244,'(Satz 1)',1,'G-Dur','2 (Alla Breve)','Noble e fier',180,'',NULL,5,NULL,NULL),(367,245,'10 - Entrée des Lutteurs - Chaconne pur les Lutteurs ',1,'D-Dur','2 (Alla Breve), 3 ','Marcé sans Vitesse',300,'',NULL,5,NULL,NULL),(368,246,'14 - Air (...)',1,'G-Dur','2 (Alla Breve)','Fier',180,'',NULL,5,NULL,NULL),(369,246,'15 - Premier Menuet / 16 -  Deuxième Menuet',3,'G-Dur / g-moll','3 (3/4)','',300,'',NULL,5,NULL,NULL),(372,247,'18 - Air (...)',1,'B-Dur','2 (Alla Breve)','Fier e Gracieux, sans Lenteur',240,'',NULL,5,NULL,NULL),(373,247,'19 - Premier Tambourin, 20 - Deuxième Tambourin',2,'G-Dur - g-moll','2 (Alla Breve)','',240,'',NULL,5,NULL,NULL),(374,248,'8 - Musette',1,'C-Dur','3 (3/4)','Tendre',240,'',NULL,5,NULL,NULL),(375,248,'11 - Première Gavotte / 12 - Deuxième Gavotte',2,'C-Dur / A-Dur','2 (Alla Breve)','Vif et Légere ',240,'',NULL,5,NULL,NULL),(376,248,'15 - Sarabande',3,'a-moll','3 (3/4)','Sans Lentuer',240,'',NULL,5,NULL,NULL),(378,245,'11 - La Course',2,'d-moll - D-Dur','3/4','Vif',240,'gehört zu Chaconne. Pauke und Trompeten erst ganz am Ende.',NULL,5,NULL,NULL),(379,249,'17 - Musette',1,'C-Dur','3 (3/4)','Tendre et Lent - Très vive',180,'',NULL,5,NULL,NULL),(380,249,'20 - Gavotte en Rondeau',2,'A-Dur','2 (Alla Breve)','Léger et gracieux, sans lenteur',180,'',NULL,5,NULL,NULL),(381,249,'21 - Premier Air - 22 - Deuxième Air',3,'A-Dur - a-moll','2 (Alla Breve)','Très gai - Vive',240,'',NULL,5,NULL,NULL),(382,250,'10 - Air',1,'G-Dur','2 (Alla Breve)','Gai',180,'',NULL,5,NULL,NULL),(383,250,'12 - Première Gavotte - 13 - Deuxième Gavotte',2,'D-Dur - d-moll','2 (Alla Breve)','',180,'',NULL,5,NULL,NULL),(384,250,'15 - Première Menuet - 16 - Deuxième Menuet',3,'d-moll - D-Dur','3 (3/4)','',180,'',NULL,5,NULL,NULL),(385,250,'17 - Première Tambourin - 18 - Deuxième Tambourin',4,'D-Dur - d-moll','2 (Alla Breve)','',180,'',NULL,5,NULL,NULL),(386,250,'20 - Contre Danse',5,'D-Dur','2 (Alla Breve) ','Gai',180,'',NULL,5,NULL,NULL),(387,252,'10 c - Entrée des Lutteurs - Chaconne pur les Lutteurs ',1,'D-Dur','2 (Alla Breve), 3 ','Marcé sans Vitesse',300,'',NULL,5,NULL,NULL),(388,250,'Compléments - Troisième Acte Version de 1749 - 20 c - Contre Danse',5,'D-Dur','2 (Alla Breve) ','Gai',180,'',NULL,5,NULL,NULL),(389,253,'(Satz 1)',1,'G-Dur','4/4','',240,'',NULL,5,NULL,NULL),(390,254,'(Satz 1)',1,'C-Dur','4/4','',210,'',NULL,5,NULL,NULL),(391,255,'(Satz 1)',1,'a-moll','4/4','moderato',210,'',NULL,5,NULL,NULL),(392,256,'(Satz 1)',1,'G-Dur','3/4 ','Andante',240,'',NULL,5,NULL,NULL),(393,257,'1. Satz',1,'d-moll','4/4 ','Allegretto',300,'',NULL,2,NULL,NULL),(394,257,'2. Satz',2,'c-moll','4/4 ','Largo',300,'',NULL,5,NULL,NULL),(395,257,'3. Satz',3,'a-moll','2/4','Vivace',300,'',NULL,5,NULL,NULL),(396,258,'1. Satz',1,'e-moll, E-Dur','6/8, 3/8','Allegro piacevole',300,'',NULL,2,NULL,NULL),(397,258,'2. Satz',2,'C-Dur','2/4','Larghetto',180,'',NULL,5,NULL,NULL),(398,258,'3. Satz',3,'e-moll, E-Dur','12/8, 6/8','Allegretto',240,'',NULL,5,NULL,NULL),(399,259,'(Satz 1)',1,'D','3/4 , 4/4','divers',360,'',NULL,5,NULL,NULL),(400,260,'1. Satz - Aufmarsch 1 und 2',1,'g-moll','4/4 ','',120,'',NULL,5,NULL,NULL),(401,260,'2. Satz - Reigentanz',2,'g-moll','3/2','',120,'',NULL,5,NULL,NULL),(402,260,'3. Satz - Tanz des Bürgermeisters',3,'g-moll','3/2','',120,'',NULL,5,NULL,NULL),(403,260,'4. Satz - Tanz der Bürger',4,'g-moll','4/4 ','',120,'',NULL,5,NULL,NULL),(404,260,'5. Satz - Der Schützenkönig',5,'G-Dur','3/2','',120,'',NULL,5,NULL,NULL),(405,260,'6. Satz - Spanischer Tanz',6,'d-moll, ohne notierte Vorzeichen','Alla Breve','',120,'',NULL,5,NULL,NULL),(406,260,'7. Satz - Niederländischer Tanz',7,'g-moll','3/2','',120,'',NULL,5,NULL,NULL),(407,260,'8. Satz - Hahnentanz 1 und 2',8,'C-Dur','4/4 ','',120,'',NULL,5,NULL,NULL),(408,260,'9. Satz - Kehraus',9,'g-moll','3/2','',120,'',NULL,5,NULL,NULL),(409,261,'1. Satz - Aufzug',1,'F-Dur','4/4 ','',120,'',NULL,5,NULL,NULL),(410,261,'2. Satz - Der Herold',2,'a-moll','3/2','',120,'',NULL,5,NULL,NULL),(411,261,'3. Satz - Der Bannerträger',3,'F-Dur','Alla Breve','',120,'',NULL,5,NULL,NULL),(412,261,'4. Satz - Der Braunschweiger',4,'C-Dur','6/4','',120,'',NULL,5,NULL,NULL),(413,261,'5. Satz - Der Lüneburger',5,'F-Dur','6/4','',120,'',NULL,5,NULL,NULL),(414,261,'6. Satz - Der Wolfenbütteler',6,'d-moll','6/4','',120,'',NULL,5,NULL,NULL),(415,261,'7. Satz - Der Hildesheimer',7,'F-Dur','3/2','',120,'',NULL,5,NULL,NULL),(416,261,'8. Satz - Die Schützen',8,'F-Dur','3/2','',120,'',NULL,5,NULL,NULL),(417,261,'9. Satz - Die Ratsherren',9,'C-Dur','4/4 ','',120,'',NULL,5,NULL,NULL),(418,261,'10. Satz - Auszug',10,'F-Dur','Alla Breve','',120,'',NULL,5,NULL,NULL),(419,262,'(Satz 1)',1,'c-moll','4/4 ','',180,'',NULL,18,NULL,NULL),(420,263,'(Satz 1)',1,'f-moll','4/4 ','',240,'',NULL,20,NULL,NULL),(421,264,'(Satz 1)',1,'g-moll?, 3b vorgezeichnet','Alla Breve','',240,'',NULL,5,NULL,NULL),(422,265,'(Satz 1)',1,'c-moll','4/4 ','Adagio assai',240,'',NULL,5,NULL,NULL),(423,266,'(Satz 1)',1,'a-moll?, endet in E-Dur','4/4 ','',120,'',NULL,5,NULL,NULL),(424,267,'(Satz 1)',1,'G-Dur','4/4 ','',240,'',NULL,20,NULL,NULL),(425,105,'(Satz 1)',1,'X-Dur','X-TAkt','schnellschnell',14040,'',NULL,19,NULL,NULL),(426,117,'(Satz 1)',66,'45','67','89',60,'',NULL,5,NULL,NULL),(427,268,'Jig',1,'a-moll, D-Dur ?','6/8, 9/8','Vivace',300,'',NULL,20,NULL,NULL),(428,268,'Ostinato',2,'C-Dur','3/4, 2/4','Presto',240,'',NULL,20,NULL,NULL),(429,268,'Intermezzo',3,'a-moll, A-Dur','3/4, 2/4','Andante con moto',185,'Mit Solovioline',NULL,20,NULL,NULL),(430,268,'Finale - The Dargason',4,'C-Dur','6/8','Allegro',300,'',NULL,20,NULL,NULL),(431,269,'(Satz 1)',1,'D-Dur','4/4','Andante espressivo',240,'',NULL,20,NULL,NULL),(432,270,'1. Satz',1,'G-Dur','4/4','Allegro',300,'',NULL,5,NULL,NULL),(433,270,'2. Satz - Romance',2,'C-Dur, c-moll','Alla Breve','Andante',240,'',NULL,5,NULL,NULL),(434,270,'3. Satz - Menuetto - Trio',3,'G-Dur - D-Dur','3/4','Allegretto',180,'',NULL,5,NULL,NULL),(435,270,'4. Satz - Rondo',4,'G-Dur','Alla Breve','Allegro',300,'',NULL,5,NULL,NULL),(436,271,'(Satz 1)',1,'F-Dur, D-Dur','2 (Alla Breve), 3 (3/4)','',300,'',NULL,5,NULL,NULL),(437,274,'(Satz 1)',1,'A-Dur','3/4','medium fast',300,'1. und 2. Violine Doppelgriffe',NULL,5,NULL,NULL),(438,275,'(Satz 1)',1,'F-Dur, D-Dur, G-Dur, E-Dur','3/4','slowly',240,'',NULL,5,NULL,NULL),(439,276,'(Satz 1)',1,'a-moll, ','Alla Breve','moderate fast',240,'',NULL,5,NULL,NULL),(440,277,'(Satz 1)',1,'F-Dur, G-Dur','4/4','easy swing',240,'',NULL,5,NULL,NULL),(441,278,'(Satz 1)',1,'c-moll','2/2','',420,'',NULL,20,NULL,NULL),(442,279,'(Satz 1)',1,NULL,NULL,NULL,NULL,NULL,NULL,NULL,NULL,NULL),(443,279,'(Satz 2)',2,'(unklar), hat 5 b vorgezeichnet, endet in F-Dur','4/2','molto adagio',480,'',NULL,5,NULL,NULL),(444,280,'(Satz 1)',1,'G-Dur','4/4 ','Moderately',130,'featuring \"Hark! The Herald Angels Sing\" and \"O come, All Ye Faithful\";  \r\noptional Violine 3 für Viola',NULL,5,NULL,NULL),(445,281,'(Satz 1)',1,'d-moll, D-Dur, C-Dur','Alla Breve','Allegro',270,'',NULL,5,NULL,NULL),(446,282,'(Satz 1)',1,'C-Dur','2/4','Allegro',180,'',NULL,5,NULL,NULL),(447,283,'(Satz 1)',1,'F-Dur','4/4 ','Moderato',180,'',NULL,5,NULL,NULL),(448,284,'(Satz 1)',1,'D-Dur, G-Dur,','4/4, 2/4, 3/8','',240,'',NULL,5,NULL,NULL),(449,285,'(Satz 1)',1,'G-Dur','2/4','Allegro',240,'',NULL,5,NULL,NULL),(450,286,'(Satz 1)',1,'G-Dur','4/4 ','Moderato',185,'',NULL,5,NULL,NULL),(451,287,'(Satz 1)',1,'G-Dur','3/4','Allegro',120,'',NULL,5,NULL,NULL),(452,288,'(Satz 1)',1,'e-moll','3/4','andantino',120,'',NULL,5,NULL,NULL),(453,289,'(Satz 1)',1,'A-Dur','4/4','Moderato',120,'',NULL,5,NULL,NULL),(454,290,'(Satz 1)',1,'G-Dur','3/4','Allegro',120,'',NULL,5,NULL,NULL),(455,291,'(Satz 1)',1,'a-moll','3/4','Andante',120,'',NULL,5,NULL,NULL),(456,292,'(Satz 1)',1,'a-moll','3/4','Larghetto',120,'',NULL,5,NULL,NULL),(457,293,'(Satz 1)',1,'a-moll','3/4','Allegro',120,'',NULL,5,NULL,NULL),(458,294,'(Satz 1)',1,'a-moll','2/4','Moderato con brio',120,'',NULL,5,NULL,NULL),(459,295,'(Satz 1)',1,'F-Dur','4/4','Largo',180,'',NULL,19,NULL,NULL),(461,296,'Königlicher Marsch des Löwen',1,'C-Dur','4/4','Allegro non troppo',120,'',NULL,5,NULL,NULL),(462,296,'Hühner und Hähne',2,'C-Dur','4/4','Allegro moderato',120,'',NULL,5,NULL,NULL),(463,296,'Schildkröten',3,'F-Dur','4/4','Andante maestoso',120,'',NULL,5,NULL,NULL),(464,296,'Der Elefant',4,'G-Dur','3/8','Allegretto composo',180,'',NULL,5,NULL,NULL),(465,296,'Der Schwan',5,'G-Dur','6/4','Andantino gracioso',180,'',NULL,5,NULL,NULL),(466,298,'Morgenstimmung',1,'C-Dur','6/8','Allegretto Pastorale',120,'',NULL,5,NULL,NULL),(467,298,'In der Halle des Bergkönigs',2,'a-moll','4/4','Alla marcia e molto marcato',120,'',NULL,5,NULL,NULL),(468,298,'Peer Gynts Heimkehr',3,'e-moll','6/8','Allegro agitato',120,'',NULL,5,NULL,NULL),(469,298,'Solveigs Lied',4,'a-moll','4/4','Andante',180,'',NULL,5,NULL,NULL),(470,299,'Der Vogelfänger bin ich ja',1,'G-Dur','2/4','Andante',120,'',NULL,18,NULL,NULL),(471,299,'Dies Bildnis ist bezaubernd schön',2,'F-Dur','2/4','Larghetto',120,'',NULL,18,NULL,NULL),(472,299,'Silberglöckchen, Zauberflöten',3,'D-Dur','Alla Breve','Allegro',120,'',NULL,18,NULL,NULL),(473,299,'Das klinget so herrlich',4,'G-Dur','Alla Breve','Allegro',120,'',NULL,18,NULL,NULL),(474,299,'Der Hölle Rache',5,'F-Dur','4/4','Allegro assai',120,'',NULL,18,NULL,NULL),(475,299,'Ein Mädchen oder Weibchen',6,'F-Dur','2/4','Andante',120,'',NULL,18,NULL,NULL),(476,299,'Es siegte die Stärke',7,'Es-Dur','2/4','Allegro',120,'',NULL,18,NULL,NULL),(477,301,'Die kleine Füchsin',1,'C-Dur','3/8','Meno',120,'',NULL,5,NULL,NULL),(478,301,'Das Füchslein erwürgt die Schopfhenne',2,'E-Dur (keine Vorzeichen)','6/8','Piú mosso',120,'',NULL,5,NULL,NULL),(479,301,'Streit um die Dachshöhle',3,'?','2/4','Allegro',120,'',NULL,5,NULL,NULL),(480,301,'Hochzeitsreigen',4,'?','2/4','Allegro',0,'',NULL,5,NULL,NULL),(481,301,'Fuchskinder - sieben an der Zahl',5,'B-Dur?','2/4','Con moto',120,'',NULL,5,NULL,NULL),(482,301,'Der Förster mit der Flinte',6,'?','3/8','Andante',120,'',NULL,5,NULL,NULL),(483,301,'Das kleine Füchslein Schlaukopf',7,'?','3/4','Con moto',120,'',NULL,5,NULL,NULL),(484,301,'Der Förster träumt',8,'D-Dur','6/4','Maestoso',120,'',NULL,5,NULL,NULL),(485,273,'(Satz 1)',1,'a-moll','4/4','doloroso',120,'',NULL,5,NULL,NULL),(486,302,'(Satz 1)',1,'G-Dur','4//4','Allegretto',120,'',NULL,5,NULL,NULL),(487,303,'(Satz 1)',1,'G-Dur','4/4','Con Brio',90,'',NULL,5,NULL,NULL),(489,304,'(Satz 1)',1,'D-Dur','4/4','Con anima',120,'',NULL,5,NULL,NULL),(490,305,'(Satz 1)',1,'F-Dur','Alla breve','Presto',90,'',NULL,5,NULL,NULL),(491,306,'(Satz 1)',1,'G-Dur','4/4','Con vivo',60,'',NULL,5,NULL,NULL),(492,307,'(Satz 1)',1,'C-Dur','2/4','Polka',240,'',NULL,5,NULL,NULL),(493,309,'(Satz 1)',1,'g-moll','4/4 ','Moderato',120,'',NULL,5,NULL,NULL),(494,310,'(Satz 1)',1,'G-Dur','4/4 ','Moderato',120,'',NULL,5,NULL,NULL),(495,311,'(Satz 1)',1,'d-moll','Alla Breve','Medium fast',120,'',NULL,5,NULL,NULL),(496,312,'(Satz 1)',1,'F-Dur','4/4 ','Shuffle',120,'',NULL,5,NULL,NULL),(497,313,'(Satz 1)',1,'e-moll','4/4 ','Like a Hymn',120,'',NULL,5,NULL,NULL),(498,314,'(Satz 1)',1,'C-Dur','3/4 ','Andante',120,'',NULL,5,NULL,NULL),(499,315,'(Satz 1)',1,'G-Dur','Alla Breve','Medium fast',120,'',NULL,5,NULL,NULL),(500,316,'Suse, liebe Suse',1,'F-Dur','6/8','',180,'',NULL,5,NULL,NULL),(501,316,'Brüderchen, komm tanz mit mir',2,'F-Dur','2/4','',180,'',NULL,5,NULL,NULL),(502,316,'Rallalala! Rallalala!',3,'e-moll, E-Dur','4/4 ','',180,'',NULL,5,NULL,NULL),(503,316,'Ein Männlein steht im Walde',4,'F-Dur','4/4 ','',180,'',NULL,5,NULL,NULL),(504,316,'Abends will ich schlafen gehen',5,'D-Dur','4/4 ','',180,'',NULL,5,NULL,NULL),(505,316,'Hokus Pokus',6,'d-moll','2/4','',240,'',NULL,5,NULL,NULL),(506,316,'Juchhei! Nun ist die Hexe tot',7,'g-moll','3/4 ','',240,'',NULL,5,NULL,NULL),(507,319,'(Satz 1)',1,' B-Dur,C-Dur','4/4 ','Bright Dixie Tempo',240,'',NULL,1,NULL,NULL),(509,320,'(Satz 1)',1,'B-Dur, C-Dur','Alla Breve','Bright Swing Tempo',240,'',NULL,5,NULL,NULL),(510,318,'Königlicher Marsch des Löwen',1,'C-Dur','4/4','Allegro non troppo',120,'',NULL,5,NULL,NULL),(511,318,'Hühner und Hähne',2,'C-Dur','4/4','Allegro moderato',120,'',NULL,5,NULL,NULL),(512,318,'Schildkröten',3,'F-Dur','4/4','Andante maestoso',120,'',NULL,5,NULL,NULL),(513,318,'Der Elefant',4,'G-Dur','3/8','Allegretto composo',180,'',NULL,5,NULL,NULL),(514,318,'Der Schwan',5,'G-Dur','6/4','Andantino gracioso',180,'',NULL,5,NULL,NULL),(517,321,'(Satz 1)',1,'F-Dur','4/4 ','',240,'',NULL,5,NULL,NULL),(518,321,'Menuetto',2,'F-Dur, f-moll','3/4 ','',240,'',NULL,5,NULL,NULL),(519,322,'(Satz 1)',1,'D-Dur','6/8','',240,'',NULL,5,NULL,NULL),(520,323,'(Satz 1)',1,'G-Dur','4/4 ','',240,'',NULL,1,NULL,NULL),(521,324,'IV. Choral (Solo)',1,'Es-Dur','4/4 ','',180,'',NULL,5,NULL,NULL),(522,325,'(Satz 1)',1,'C-Dur','6/8','',240,'',NULL,1,NULL,NULL),(524,326,'2.16A  Air',1,'g-moll','12/8','Larghetto',180,'',NULL,1,NULL,NULL),(525,308,'Preludio',1,'(unklar)','Alla breve','Allegro',120,'Solist Schwierigkeitsgrad: 2/3',NULL,5,NULL,NULL),(526,308,'Romanza',2,'(unklar)','4/4','Lento',180,'Solist Schwierigkeitsgrad: 3/4',NULL,5,NULL,NULL),(527,308,'Scherzando',3,'(unklar)','2/4','Allegretto moderato',180,'Solist Schwierigkeitsgrad: 4',NULL,5,NULL,NULL),(528,308,'Danza',4,'(unklar)','2/4','Allegro',240,'Solist Schwierigkeitsgrad: 4',NULL,5,NULL,NULL),(529,308,'Arioso',5,'(unklar)','2/4','Largo',180,'Solist Schwierigkeitsgrad: 4',NULL,5,NULL,NULL),(530,308,'Portrait',6,'(unklar)','2/4, 3/4','Moloto espressivo',360,'Solist: Schwierigkeitsgrad 5',NULL,5,NULL,NULL),(531,308,'Finale (Rondo)',7,'(unklar)','Alla Breve','Allegro con brio',360,'Solist Schwierigkeitsgrad: 4',NULL,5,NULL,NULL),(532,327,'Rigaudon',16,'G-Dur','4/4','',180,'',NULL,5,NULL,NULL),(533,327,'Menuett II',17,'G-Dur','3/4','',180,'',NULL,5,NULL,NULL),(534,328,'(Satz 1)',1,'C-Dur','3/3','',120,'',NULL,5,NULL,NULL),(535,329,'(Satz 1)',1,'D-Dur','6/4','',120,'',NULL,5,NULL,NULL),(536,330,'(Satz 1)',1,'E-Dur','4/4','',120,'',NULL,5,NULL,NULL),(537,331,'(Satz 1)',1,'g-moll','4/4','',120,'',NULL,5,NULL,NULL),(538,332,'(Satz 1)',1,'C-Dur, G-Dur, B-Dur, F-Dur','3/4','',300,'',NULL,5,NULL,NULL),(540,333,'(Satz 1)',1,'D-Dur, G-Dur, C-Dur, B-Dur, F-Dur','2/4, 3/4','',270,'',NULL,5,NULL,NULL),(541,334,'(Satz 1)',1,'C-Dur, G-Dur, F-Dur','3/4','',270,'',NULL,5,NULL,NULL),(542,335,'(Satz 1)',1,'F-Dur, B-Dur','3/4','',270,'',NULL,5,NULL,NULL),(543,336,'(Satz 1)',1,'C-Dur, G-Dur, F-Dur','3/4','',270,'',NULL,5,NULL,NULL),(544,337,'(Satz 1)',1,'B-Dur','3/4','Andante',180,'',NULL,5,NULL,NULL),(545,338,'(Satz 1)',1,'G-Dur, D-Dur, C-Dur','3/4','',240,'',NULL,5,NULL,NULL),(546,339,'(Satz 1)',1,'D-Dur, G-Dur','3/4','',240,'',NULL,5,NULL,NULL),(547,340,'(Satz 1)',1,'G-Dur, C-Dur','2/4','',180,'',NULL,5,NULL,NULL),(548,342,'(Satz 1)',1,'F-Dur, C-Dur, B-Dur','3/4','',270,'',NULL,5,NULL,NULL),(549,343,'(Satz 1)',1,'B-Dur','4/4, 3/8, 2/4','divers',210,'',NULL,5,NULL,NULL),(550,344,'Allegro',1,'A-Dur','4/4','Allegro',600,'',NULL,20,NULL,NULL),(551,344,'Andante',2,'D-Dur','3/4','Andante',480,'',NULL,20,NULL,NULL),(552,344,'Allegretto',3,'A-dur','2/4','Allegretto',420,'',NULL,20,NULL,NULL),(553,345,'Allegro',1,'E-Dur','4/4','Allegro',240,'',NULL,5,NULL,NULL),(554,345,'Largo e pianissimo',2,'cis-moll','3/4','Largo e pianissimo',240,'',NULL,5,NULL,NULL),(555,345,'Allegro - Danza pastorale',3,'E-Dur','12/8','Allegro',240,'',NULL,5,NULL,NULL),(556,346,'Allegro mà non molto - Allegro',1,'g-moll','3/3, 4/4','Allegro mà non molto - Allegro',300,'',NULL,5,NULL,NULL),(557,346,'Adagio',2,'g-moll','4/4','Adagio',120,'',NULL,5,NULL,NULL),(558,346,'Presto',3,'g-moll','3/4','Presto',360,'',NULL,5,NULL,NULL),(559,347,'Allegro',1,'F-Dur','4/4','Allegro',360,'',NULL,5,NULL,NULL),(560,347,'Adagio molto',2,'d-moll','3/4','Adagio molto',180,'',NULL,5,NULL,NULL),(561,347,'Allegro - La caccia',3,'F-Dur','3/8','Allegro',300,'',NULL,5,NULL,NULL),(562,348,'Allegro non molto',1,'f-moll','4/4','Allegro non molto',300,'',NULL,5,NULL,NULL),(563,348,'Largo',2,'ES-Dur','4/4','Largo',210,'',NULL,5,NULL,NULL),(564,348,'Allegro',3,'f-moll','3/8','Allegro - Lento',300,'',NULL,5,NULL,NULL),(565,349,'1. March of the astronauts',1,'A-Dur','4/4 ','Triumphantly',150,'',NULL,5,NULL,NULL),(566,349,'2. Lost in space',2,'D-Dur','4/4 ','Mysteriously',120,'',NULL,5,NULL,NULL),(567,349,'3. Return to Earth',3,'A-Dur','4/4 ','Joyfully',180,'',NULL,5,NULL,NULL),(568,350,'4. Riding my bike!',1,'G-Dur','4/4 ','Lively pedal-power',180,'',NULL,5,NULL,NULL),(569,350,'5. Sailing home',2,'A-Dur','4/4 ','Smoothly sailing',150,'',NULL,5,NULL,NULL),(570,350,'6. We\'re all going on an aeroplane!',3,'D-Dur','4/4 ','At a flying speed',180,'',NULL,5,NULL,NULL),(571,351,'7. Japanese celebration (Mura matsuri)',1,'A-Dur','2/4','Brightly',150,'',NULL,5,NULL,NULL),(572,351,'8. African Song (Mweya m\'tsvene)',2,'A-Dur','4/4 ','With a relaxed beat',150,'',NULL,5,NULL,NULL),(573,351,'9. American adventure',3,'D-Dur, A-Dur','4/4 ','Calmly, Lively hoe-down',180,'',NULL,5,NULL,NULL),(574,352,'10. Ghost train',1,'e-moll','4/4 ','Spookily',180,'',NULL,5,NULL,NULL),(575,352,'11. Big Wheel waltz',2,'G-Dur','3/4 ','Gently circling',180,'',NULL,5,NULL,NULL),(576,352,'12. Rock\'n\'rollercoaster',3,'E-Dur','4/4 ','Bright Rock tempo',180,'',NULL,5,NULL,NULL),(577,353,'13. Ev\'ry time',1,'D-Dur','4/4 ','Relaxed',120,'',NULL,5,NULL,NULL),(578,353,'14. Slovenian folk song (Kadar bos na rajzo sel)',2,'D-Dur','2/4','Allegretto',60,'',NULL,5,NULL,NULL),(579,354,'15. Carnival time',1,'D-Dur','4/4 ','Lively',120,'',NULL,5,NULL,NULL),(580,354,'16. Lotus flower',2,'D-Dur','4/4 ','Gently',120,'',NULL,5,NULL,NULL),(581,354,'17. Chase!',3,'D-Dur','4/4 ','With energy',60,'',NULL,5,NULL,NULL),(582,355,'(Satz 1)',1,'e-moll, E-Dur','4/4, 6/4','Andantino, Meno Andantino',300,'',NULL,20,NULL,NULL),(583,356,'Allegro Assai',1,'F-Dur','2/4','Allegro Assai',240,'',NULL,18,NULL,NULL),(584,356,'Rondo',2,'F-Dur','2/4','Allegro',300,'',NULL,18,NULL,NULL),(585,358,'Serenade',1,'C-Dur','6/8','Andante gracioso',240,'',NULL,18,NULL,NULL),(586,358,'Alla turca',2,'C-Dur','2/4','Allegretto',300,'',NULL,NULL,NULL,NULL),(587,360,'(Satz 1)',1,NULL,NULL,NULL,NULL,NULL,NULL,NULL,NULL,NULL),(588,361,'(Satz 1)',1,'g-moll','4/4','',90,'',NULL,5,NULL,NULL),(589,362,'(Satz 1)',1,'G-Dur','Alla Breve','',180,'',NULL,5,NULL,'Vl I,II,III; Vla I,II,III, Vc I,II,III, Bc'),(590,362,'Adagio Cadenca',2,'H-Dur','','',NULL,'Cadenca für Violione oder Cembalo - ad libitum ',NULL,5,NULL,NULL),(591,362,'3. Allegro',3,'G-Dur','12/8','Allegro',NULL,'Nicht vollständig?! ',NULL,5,NULL,'Vl I,II,III; Vla I,II,III, Vc I,II,III, Bc'),(592,363,'Allegro',1,'G-Dur','3/8','Allegro',NULL,'unvollständig ',NULL,5,NULL,NULL),(593,364,'a Tempo Ordinario, e Staccato',1,'B-Dur','4/4','a Tempo Ordinario, e Staccato',150,'',NULL,5,NULL,NULL),(594,365,'(Satz 1)',1,'G-Dur ?','3/4','Lento',300,'',NULL,5,NULL,'Besetzung: 1,0,2,0  2,0,0,0, Pauke, Streicher '),(595,366,'(Satz 1)',1,'c-moll','Alla breve','Lento - Allegro molto',540,'',NULL,18,NULL,NULL),(597,367,'(Satz 1)',1,'c-moll','Alla breve','Lento - Allegro molto',540,'',NULL,18,NULL,NULL),(598,368,'(Satz 1)',1,'c-moll, C-Dur','3/4, Alla breve','Andante - Allegro vivace',660,'',NULL,1,NULL,'Besetzung: 2,2,2,2 4,2,3,0 Streicher, Pauke'),(600,370,'',1,'C-Dur','4/4 ','Ruhige, nicht zu langsame Bewegung; Legato',240,'',NULL,18,NULL,'3,1,2,2 - 2,1,1,0 - Pke,Trgl - Streicher'),(601,371,'(Satz 1)',1,'F-Dur','6/8','Leicht bewegt',180,'',NULL,18,NULL,'2,2,2,2 - 2,0,1,0 - Streicher - 2 Soli (Gesang)'),(602,372,'(Satz 1)',1,'F-Dur','2/4','Allegretto',300,'',NULL,NULL,NULL,'2 Blfl - 2,1,2,2 - 2,2,0,0 - Pke,Trgl - Streicher'),(603,373,'(Satz 1)',1,'e-moll','4/4 ','Andante sostenuto',120,'',NULL,18,NULL,NULL),(605,374,'(Satz 1)',1,'a-moll','6/8','Lento',240,'',NULL,18,NULL,NULL),(606,375,'(Satz 1)',1,'F-Dur','4/4 ','Sehr ruhig',180,'',NULL,18,NULL,'2,2,2,0 - 2,0,0,0 - Streicher - 1 Solo (Gesang)'),(607,376,'(Satz 1)',1,'D-Dur','4/4 ','Ruhig und legato',240,'',NULL,18,NULL,'2,2,2,2 - 2,0,0,0 - Streicher - Chor ad. lib., 2 Soli'),(608,377,'(Satz 1)',1,'G-Dur','6/8','Andantino',180,'',NULL,18,NULL,NULL),(609,378,'(Satz 1)',1,'B-Dur','2/4','Schnell',180,'',NULL,18,NULL,'0,0,0,0 - 2,1,1,0 - Pke,Trgl,gr.Tr,Bck,Xyl - Streicher'),(610,379,'(Satz 1)',1,'D-Dur, E-Dur, A-Dur','4/4 ','divers',300,'',NULL,18,NULL,NULL),(611,380,'(Satz 1)',1,'B-Dur','4/4 ','',90,'',NULL,18,NULL,'2,2,2,0'),(612,382,'(Satz 1)',1,'A-Dur','6/8, Alla breve','Andante - Allegro di molto',480,'',NULL,5,NULL,'2,2,2,2 - 2,2,0,0 - Streicher'),(613,383,'(Satz 1)',1,'a-moll','4/4 ','Allegro moderato',840,'',NULL,5,NULL,'2.2.2.2. – 4.2.2.1. – Pk – Hfe – Str'),(614,384,'(Satz 1)',1,'C-Dur','4/4, Alla breve','Adagio molto - Allegro con brio',480,'',NULL,17,NULL,'2.2.2.2 - 2.2.0.0 - Pke - Streicher'),(615,384,'(Satz 2)',2,'F-Dur','3/8','Andante cantabile con moto',300,'',NULL,17,NULL,'2.2.2.2 - 2.2.0.0 - Pke - Streicher'),(616,384,'Menuetto - Trio',3,'C-Dur','3/4 ','Allegro molto e vivace',300,'',NULL,5,NULL,'2.2.2.2 - 2.2.0.0 - Pke - Streicher'),(617,384,'(Satz 4)',4,'C-Dur','2/4, 2/4 in ganzen Takten','Adagio - Allegro molto e vivace',540,'',NULL,5,NULL,'2.2.2.2 - 2.2.0.0 - Pke - Streicher'),(618,385,'(Satz 1)',1,'C-Dur','4/4 ','Allegro molto',360,'',NULL,5,NULL,''),(619,386,'(Satz 1)',1,'F-Dur','3/4 ','Moderato con moto',150,'',NULL,5,NULL,'2.1.2.1. - 1.2.1.1. - Pke - Streicher'),(620,387,'(Satz 1)',1,'G-Dur, g-moll','2/4','Allegro moderato e marcato - Più lento',420,'',NULL,5,NULL,'3.2.2.2. - 4.2.3.1. - Pke - Streicher'),(621,388,'(Satz 1)',1,'A-Dur, a-moll','Alla Breve','Allegretto grazioso',480,'',NULL,5,NULL,'3.2.2.2. - 4.2.3.1. - Pke, Trgl - Hfe - Streicher'),(622,389,'(Satz 1)',1,'D-Dur, d-moll','3/4 ','Allegro giocoso',480,'',NULL,5,NULL,'3.2.2.2. - 4.2.3.1. - Pke - Streicher'),(623,390,'(Satz 1)',1,'a-moll, A-Dur','2/4','Andante - Allegro molto e risoluto - Più tranquillo',600,'',NULL,5,NULL,'3.2.2.2. - 4.2.3.1. - Pke,Trgl - Streicher'),(624,391,'(Satz 1)',1,'d-moll, D-Dur','2/4','Allegro marcato',300,'',NULL,NULL,NULL,'3.2.2.2. - 4.2.3.1. - Pke,Trgl- Streicher'),(625,392,'(Satz 1)',1,'A-Dur','2/4','Allegretto tranquillo e grazioso - Allegro',240,'',NULL,1,NULL,'3.2.2.2. - 4.2.3.1. - Pke - Hfe - Streicher'),(626,393,'(Satz 1)',1,'G-Dur, g-moll','2/4','Allegro moderato alla Marcia',240,'',NULL,1,NULL,'3.2.2.2. - 4.2.3.1. - Pke,Trgl - Streicher'),(627,394,'(Satz 1)',1,'d-moll, D-Dur','2/4','Allegro molto -  Presto e con brio - Poco meno mosso e tranquillamente',480,'',NULL,17,NULL,'3.2.2.2. - 4.2.3.1. - Pke,Trgl,Beck - Streicher'),(628,395,'(Satz 1)',1,'Des-Dur','2/4','Agitato',NULL,'',NULL,5,NULL,'2.2.2.2. - 4.2.3.1. - Hfe - Streicher'),(629,396,'1. Der Brautraub',1,'g-moll','2/4','Allegro furioso - Andante ',300,'',NULL,5,NULL,'3.2.2.2. - 4.2.0.0. - Beck - Streicher'),(630,396,'2. Arabischer Tanz',2,'C-Dur, A-Dur','4/4 ','Allegretto vivace',480,'',NULL,5,NULL,'3.2.2.2. - 4.2.0.0. - Trgl, Tamb, Tamb picc, grTr, Beck - Streicher'),(631,396,'3. Peer Gynts Heimkehr (Stürmischer Abend an der Küste)',3,'fis-moll','6/8','Allegro agitato',480,'',NULL,NULL,NULL,'3.2.2.2. - 4.2.3.1. - Pke, Beck, grTr - Streicher'),(632,396,'(Satz 4)',4,'a-moll','4/4 ','Andante',240,'',NULL,2,NULL,'2.0.2.0. - 2.0.0.0. - Hfe - Streicher'),(633,397,'1. Morgenstimmung',1,'E-Dur','6/8','Allegretto pastorale',300,'',NULL,17,NULL,'2.2.2.2. - 4.2.0.0. - Pke - Streicher'),(634,397,'2. Ases Tod',2,'h-moll','4/4 ','Andante dolorosa',240,'',NULL,2,NULL,'Streicher (con sordini)'),(635,397,'3. Anitras Tanz',3,'a-moll','3/4 ','Tempo di Mazurka',270,'',NULL,1,NULL,'Trgl - Streicher'),(636,397,'4. In der Halle des Bergkönigs',4,'h-moll','4/4 ','Alla marcia e molto marcato',300,'',NULL,1,NULL,'3.2.2.2. - 4.2.3.1. - grTr, Beck - Streicher'),(637,398,'(Satz 1)',1,'E-Dur','6/4','',NULL,'Einzelstimmen vorhanden?',NULL,NULL,NULL,'Streicher'),(638,399,'(Satz 1)',1,'E-Dur','6/8','Allegretto pastorale',240,'',NULL,NULL,NULL,''),(639,400,'1. Satz',1,'D-Dur','3/4','Allegro non troppo',900,'',NULL,5,NULL,'2.2.2.2. -  4.2.3.1. - pke - Streicher'),(640,400,'2. Satz',2,'H-Dur','4/4','Adagio non troppo ',480,'',NULL,5,NULL,'2.2.2.2. - 2.2.3.1. - pke - Streicher'),(641,400,'3. Satz',3,'G-Dur','3/4','Allegretto grazioso (quasi Andantino) - Presto ma non Assai',360,'',NULL,5,NULL,'2.2.2.2. - 3.0.0.0 - Streicher '),(642,400,'4. Satz',4,'D-Dur','Alla breve','Allegro con spirito',900,'',NULL,5,NULL,'2.2.2.2. - 4.2.3.1. - pke - Streicher'),(643,401,'(Satz 1)',1,'f-moll','3/2, 3/4','Sostenuto ma non troppo - Allegro',540,'',NULL,1,NULL,'2.2.2.2. - 2.2.0.0. - pke Streicher'),(644,402,'(Satz 1)',1,'h-moll','4/4','Allegro moderato',600,'',NULL,18,NULL,'2.2.2.2. - 2.2.0.0. - pke - Streicher'),(645,403,'1. Teil - die beiden Quellen der Moldau',1,'e-moll','6/8','Allegro commodo non agitato',240,'',NULL,18,NULL,'3.2.2.2. - 4.2.3.1. - Pke, Trgl, grT, Beck - Hrfe (Klavier) / Kleinste zulässige Besetzung: 3.1.2.1. - 2.2.1.0. - Pke, Trgl, grTr, Beck - Streicher'),(646,403,'2. Teil - Waldjagd',2,'e-moll (C-Dur, E-Dur)','6/8','Allegro commodo non agitato',240,'',NULL,18,NULL,'3.2.2.2. - 4.2.3.1. - Pke, Trgl - Hrfe (Klavier)'),(647,403,'3. Teil - Bauernhochzeit',3,'G-Dur','2/4','L\'istesso temp, ma moderato',180,'',NULL,18,NULL,'3.2.2.2. - 4.2.3.1. - Pke, Trgl'),(648,403,'4. Teil - Mondschein; Nymphenreigen',4,'As-Dur','4/4','L\'istesso Tempo',240,'',NULL,18,NULL,'3.2.2.2. - 4.2.3.1. - Pke, Trgl - Hrfe (Klavier)'),(649,403,'5. Teil',5,'e-moll','6/8','Tempo 1',240,'',NULL,18,NULL,'3.2.2.2. - 4.2.3.1. - Pke, Trgl - Hrfe (Klavier)'),(650,403,'6. Teil - St. Johann - Stromschnellen',6,'e-moll','6/8','',240,'',NULL,18,NULL,'3.2.2.2. - 4.2.3.1. - Pke, Trgl, grT, Beck - Hrfe (Klavier)'),(651,403,'7. Teil - Die Moldau in ihrer ganzen Breite',7,'E-Dur','6/8','più moto',300,'',NULL,18,NULL,'3.2.2.2. - 4.2.3.1. - Pke, Trgl, grT, Beck - Hrfe (Klavier)'),(653,405,'1.',1,'A-Dur, a-moll','4/4 ',' Andante con moto',480,'',NULL,18,NULL,'2.2.2.2. - 4.2.3.1. - Pke, Trgl, grTr, Beck - Streicher'),(654,405,'2.',2,'cis-moll, Des-Dur','3/8','Allegro',360,'',NULL,5,NULL,'2.2.2.2. - 4.2.3.1. - Pke, Trgl, grTr, Beck - Streicher'),(655,405,'3.',3,'A-Dur','3/4 ','Moderato (alla Pollacca)',360,'',NULL,5,NULL,'2.2.2.2. - 4.0.0.0. - Streicher'),(656,405,'4.',4,'a-moll','4/4','Andante',180,'',NULL,5,NULL,'2.2.2.2. - 2.0.0.0. - Pke - Streicher'),(657,405,'5.',5,'a-moll, A-Dur','Alla Breve','Allegro',300,'',NULL,5,NULL,'3.2.2.2. - 4.2.3.1. - Pke, Trgl - Streicher'),(658,406,'1. Satz',1,'c-moll','4/4 ','Allegro di molto',480,'',NULL,18,NULL,'2.2.2.2. - 2.2.0.0. - Pke - Streicher'),(659,406,'2. Satz',2,'Es-Dur','3/4 ','Andante',300,'',NULL,5,NULL,'2.2.2.2. - 2.0.0.0. - Streicher	'),(660,406,'3. Satz - Menuetto/Trio',3,'c-moll','6/4','Allegro molto',300,'',NULL,5,NULL,'2.2.2.2. - 2.2.0.0. - Pke - Streicher	'),(661,406,'4. Satz',4,'c-moll','4/4 ','Allegro con fuoco',600,'',NULL,5,NULL,'2.2.2.2. - 2.2.0.0. - Pke - Streicher	'),(662,407,'1. Satz',1,'A-Dur','Alla Breve','Allegro moderato',360,'',NULL,5,NULL,'0.2.0.0. - 2.0.0.0. - Streicher	'),(663,407,'2. Satz ',2,'D-Dur','2/4','Andante',300,'',NULL,5,NULL,'0.2.0.0. - 2.0.0.0. - Streicher	'),(664,407,'3. Satz - Menuetto/Trio',3,'A-Dur','3/4 ','',240,'',NULL,5,NULL,'0.2.0.0. - 2.0.0.0. - Streicher	'),(665,407,'4. Satz',4,'A-Dur','6/8','Allegro con spirito',360,'',NULL,5,NULL,'0.2.0.0. - 2.0.0.0. - Streicher	'),(666,408,'1. Satz',1,'Es-Dur','3/4 ','Lebhaft',900,'',NULL,18,NULL,'2.2.2.2. - 4.2.0.0. - Pke - Streicher'),(667,409,'1. Satz',1,'fis-moll','3/4 ','Allegro assai',360,'',NULL,5,NULL,'0.2.0.0. - 2.0.0.0. - Streicher	'),(668,409,'2. Satz',2,'fis-moll','3/8','Adagio',300,'',NULL,5,NULL,'0.2.0.0. - 2.0.0.0. - Streicher	'),(669,409,'3. Satz - Menuetto/Trio',3,'Fis-Dur','3/4 ','Allegretto',240,'',NULL,5,NULL,'0.2.0.0. - 2.0.0.0. - Streicher	'),(670,409,'4. Satz - Finale',4,'fis-moll','Alla Breve','Presto',240,'',NULL,17,NULL,'0.2.0.0. - 2.0.0.0. - Streicher	'),(671,409,'5. Satz',5,'A-Dur','3/8','Adagio',300,'',NULL,17,NULL,'0.2.0.0. - 2.0.0.0. - Streicher	'),(672,411,'1. Satz - Rondo',1,'2/4','C-Dur','Allegro',840,'',NULL,18,NULL,'1.2.2.2 - 2.2.0.0. - Pke - Streicher - Klav.'),(673,412,'1. Satz',1,'A-Dur','4/4','Allegro molto',720,'',NULL,18,NULL,'Streichorchester ohne Viola - Klav.'),(674,413,'',1,'D-Dur','2/4, 3/8 ','Allegretto gracioso - Adagio - Allegro',600,'',NULL,21,NULL,'Streicher (Kb. at Lib.) - Klav. '),(675,414,'1. Satz',1,'G-Dur','Alla breve','Allegro moderato',600,'',NULL,21,NULL,'1.2.0.1. - 2.0.0.0. - Streicher - Klav.'),(676,414,'2. Satz',2,'C-Dur, c-moll','2/4','Andante gracioso',360,'',NULL,21,NULL,'1.2.0.1. - 2.0.0.0. - Streicher - Klav.'),(677,414,'3. Satz - Rondo',3,'G-Dur','6/8','',480,'',NULL,21,NULL,'1.2.0.1. - 2.0.0.0. - Streicher - Klav.'),(678,415,'1. Satz',1,'f-moll','2/4','Allegro',360,'',NULL,21,NULL,'Streicher - Klav.'),(679,415,'2. Satz',2,'As-Dur','4/4','Adagio',270,'',NULL,21,NULL,'Streicher - Klav.'),(680,415,'3. Satz',3,'f-moll','3/8','Presto',360,'',NULL,21,NULL,'Streicher - Klav.'),(681,416,'1. Sinfonia',1,'G-Dur','12/8','',360,'Sonderstimmen: 3 in Es, 4 in F, 4 im Bassschlüssel, Viola in B',NULL,5,NULL,'flexibel: 1-4 in C (3,4 in B) - Streicher mit basso continuo'),(682,416,'2. Rezitativ I',2,'h-moll','4/4 ','',120,'',NULL,5,NULL,'Cembalo (basso continuo?) und Evangelist'),(683,416,'3. Choral I',3,'G-Dur','4/4 ','',180,'Sonderstimmen: 3 in Es, 4 in F, 4 im Bassschlüssel, Viola in B',NULL,5,NULL,'flexibel: 1-4 in C (3,4 in B) - Streicher mit basso continuo - Chor SATB'),(684,416,'4. Rezitativ II',4,'a-moll','4/4 ','',120,'',NULL,5,NULL,'Cembalo (basso continuo?) und Engel, Evangelist'),(685,416,'5. Choral II',5,'C-Dur','4/4 ','',120,'Sonderstimmen: 3 in Es, 4 in F, 4 im Bassschlüssel, Viola in B',NULL,5,NULL,'flexibel: 1-4 in C (3,4 in B) - Streicher mit basso continuo - Chor SATB'),(686,416,'6. Aria',6,'G-Dur','2/4','',240,'Sonderstimmen: 3 in Es, 4 in F, 4 im Bassschlüssel, Viola in B',NULL,5,NULL,'flexibel: 2,3,4 in C (3,4 in B) - Streicher mit basso continuo - Alt-Solo - Melodieinstrument Solo'),(687,416,'7. Choral III',7,'h-moll','12/8','',240,'Sonderstimmen: 3 in Es, 4 in F, 4 im Bassschlüssel, Viola in B',NULL,5,NULL,'flexibel: 1-4 in C (3,4 in B) - Streicher mit basso continuo - Chor SATB'),(688,417,'',1,'B-Dur','2/4','Allegro ben ritmato e deciso',300,'',NULL,5,NULL,'1.1.1.1. - 0.1.1.0. -Ten-Sax - Streicher	'),(689,418,'',1,'cis-moll','4/4 ','Andante con moto poco rubato',300,'',NULL,5,NULL,'1.1.1.1. - 0.1.1.0. -Ten-Sax - Streicher	'),(690,419,'',1,'es-moll','2/4','Agitato',240,'',NULL,5,NULL,'1.1.1.1. - 0.1.1.0. - Ten-Sax - Streicher	'),(691,420,'',1,'As-Dur, C-Dur, F-Dur, E-Dur, Es-Dur','3/4 ','Vivace e grazioso',600,'',NULL,21,NULL,'Streicher - Klav.'),(692,421,'1. Satz',1,'F-Dur','3/4 ','Allegro',480,'',NULL,21,NULL,'0.2.0.0. - 2.0.0.0. - Streicher - Klav.'),(693,421,'2. Satz',2,'B-Dur','4/4 ','Larghetto',300,'',NULL,21,NULL,'0.2.0.0. - 2.0.0.0. - Streicher - Klav.'),(694,421,'3. Satz',3,'F-Dur','3/4 ','Tempo di Minuetto',360,'',NULL,21,NULL,'0.2.0.0. - 2.0.0.0. - Streicher - Klav.'),(695,422,'1. Satz',1,'g-moll','4/4 ','Molto Allegro con fuoco',600,'',NULL,NULL,NULL,'2.2.2.2. - 2.2.0.0. - Pke - Streicher - Klav.'),(696,422,'2. Satz',2,'E-Dur','3/4 ','Andante',240,'',NULL,NULL,NULL,'2.2.2.2. - 2.2.0.0. - Pke - Streicher - Klav.'),(697,422,'3. Satz',3,'e-moll','4/4 ','Presto - Molto Allegro e vivace',480,'',NULL,NULL,NULL,'2.2.2.2. - 2.2.0.0. - Pke - Streicher - Klav.'),(698,423,'1. Satz',1,'D-Dur','4/4 ','Allegro',360,'',NULL,20,NULL,'Streicher'),(699,423,'2. Satz',2,'h-moll','4/4 ','Andante',240,'',NULL,20,NULL,'Streicher'),(700,423,'3. Satz',3,'D-Dur','6/8','Allegro vivace',300,'',NULL,20,NULL,'Streicher'),(701,424,'',1,'C-Dur, As-Dur','Alla Breve','Andante sostenuto - Allegro moderato - Allegro',540,'',NULL,2,NULL,'2.2.2.2. - 4.3.3.1. - Pke, grTr, Bek, Trgl - Streicher'),(702,425,'',1,'(diverse)','3/4, (diverse)','(diverse',420,'',NULL,5,NULL,'2.2.2.2. - 2.2.2.0. - Pke, Perc. - Streicher'),(703,426,'1. Satz',1,'h-moll','3/4','Allegro moderato',720,'',NULL,17,NULL,'2.2.2.2. - 2.2.3.0 - Pke - Streicher'),(704,426,'2. Satz',2,'E-Dur','3/8','Andante con moto',420,'',NULL,5,NULL,'2.2.2.2. - 2.2.3.0 - Pke - Streicher'),(705,428,'1. Satz',1,'D-Dur','4/4','Allegro con spirito',480,'',NULL,17,NULL,'2.2.2.2. - 2.2.0.0. - Pke - Streicher (Vc = Kb) '),(706,428,'2. Satz',2,'G-Dur','2/4','Andante',300,'',NULL,5,NULL,'0.2.0.2. - 2.0.0.0. - Streicher (Vc = Kb) '),(707,428,'3. Satz - Menuetto - Trio',3,'D-Dur, A-Dur','3/4','',240,'',NULL,NULL,NULL,'0.2.0.2. - 2.2.0.0. - Pke - Streicher (Vc = Kb)	'),(708,428,'4. Satz',4,'D-Dur','Alla Breve','Presto',480,'',NULL,5,NULL,'2.2.2.2. - 2.2.0.0. - Pke - Streicher (Vc = Kb)'),(709,429,'1. Satz',1,'a-moll, A-Dur','Alla Breve','Allegro',420,'',NULL,21,NULL,'Streicher - Klav.'),(710,430,'1. Satz',1,'A-Dur','Alla Breve','Allegro',360,'',NULL,21,NULL,'Streicher - Klav.'),(711,430,'2. Satz',2,'fis-moll','12/8','Larghetto',300,'',NULL,21,NULL,'Streicher - Klav.'),(712,430,'3. Satz',3,'A-Dur','3/8','Allegro ma non tanto',360,'',NULL,21,NULL,'Streicher - Klav.'),(713,431,'1. Satz',1,'Es-Dur','4/4 ','Allegro di molto',480,'',NULL,5,NULL,'Streicher ohne Viola - Klav.'),(714,431,'2. Satz',2,'c-moll','2/4','Andante',240,'',NULL,5,NULL,'Streicher ohne Viola - Klav.'),(715,431,'3. Satz',3,'Es-Dur','6/8','Allegro',300,'',NULL,5,NULL,'Streicher ohne Viola - Klav.'),(716,432,'1. Satz',1,'A-Dur','Alla Breve','Allegro',420,'',NULL,21,NULL,'Streicher - Klav.'),(717,432,'2. Satz',2,'E-Dur','4/4 (Alla breve)','Andante ma non troppo',360,'',NULL,21,NULL,'Streicher - Klav.'),(718,432,'3. Satz',3,'A-Dur','2/4','Allegro',480,'',NULL,21,NULL,'Streicher - Klav.'),(719,433,'1. Satz',1,'B-Dur','4/4 ','Allegro vivace',360,'',NULL,21,NULL,'Streicher ohne Viola - Klav.'),(720,433,'2. Satz',2,'Es-Dur','3/4 ','Adagio',360,'',NULL,21,NULL,'2.0.0.0. - 2.0.0.0. - Streicher ohne Viola - Klav.'),(721,433,'3. Satz',3,'B-Dur','4/4 ','Presto assai',300,'',NULL,21,NULL,'Streicher ohne Viola - Klav.'),(722,440,'',1,'D-Dur','3/4','Flowing',80,'',NULL,5,NULL,''),(723,441,'',1,'G-Dur','3/4','Con Moto',120,'',NULL,5,NULL,''),(724,442,'',1,'e-moll','4/4','Rhythmic',90,'',NULL,18,NULL,''),(725,443,'',1,'e-moll','4/4','With a steady Beat',80,'',NULL,5,NULL,''),(726,444,'',1,'(kein Vorzeichen)','4/4,6/4','Slow (full Bowes)',80,'',NULL,NULL,NULL,''),(727,445,'',1,'G-Dur','3/4','Rhythmic',120,'',NULL,18,NULL,''),(728,446,'',1,'e-moll','2/4 (6/8)','Fast',80,'Romp = Toben, herumtollen',NULL,18,NULL,''),(729,447,'',1,'A-Dur','4/4','Cantabile',120,'',NULL,18,NULL,''),(730,448,'',1,'fis-moll','2/4, 3/4','Slow Rubato (muted)',120,'',NULL,5,NULL,''),(731,449,'',1,'C-Dur','2/4','',120,'',NULL,5,NULL,''),(732,450,'',1,'D-Dur','4/4','Maestoso',80,'',NULL,5,NULL,''),(733,451,'',1,'(keine Vorzeichen)','Alla Breve','',90,'',NULL,5,NULL,''),(734,452,'',1,'a-moll','3/4','',80,'',NULL,5,NULL,''),(735,453,'',1,'(keine Vorzeichen)','4/4','',80,'',NULL,5,NULL,''),(736,454,'',1,'D-Dur','4/4','',60,'',NULL,5,NULL,''),(737,455,'',1,'(keine Vorzeichen)','3/4','',60,'',NULL,18,NULL,''),(738,456,'',1,'(keine Vorzeichen)','2/4','Presto',150,'Idee: Spieler:innen wechseln sich',NULL,18,NULL,''),(739,457,'',1,'G-Dur','4/4','',30,'',NULL,5,NULL,''),(740,458,'',1,'C-Dur','4/4','',60,'',NULL,18,NULL,''),(741,459,'',1,'C-Dur','4/4','',60,'',NULL,5,NULL,''),(742,460,'',1,'D-Dur','4/4','',60,'',NULL,5,NULL,''),(743,461,'',1,'a-moll, d-moll, G-Dur','4/4','',180,'',NULL,5,NULL,''),(744,462,'',1,'a-moll','3/4','',60,'',NULL,5,NULL,''),(745,463,'',1,'a-moll','3/4','',60,'',NULL,5,NULL,''),(746,464,'',1,'a-moll','4/4','',60,'',NULL,5,NULL,''),(747,465,'',1,'(keine Vorzeichen)','4/4','',60,'',NULL,5,NULL,''),(748,466,'',1,'a-moll','3/4','',60,'',NULL,5,NULL,''),(749,467,'',1,'G-Dur','4/4','',60,'',NULL,5,NULL,''),(750,468,'',1,'G-Dur','4/4','',60,'',NULL,5,NULL,''),(751,469,'',1,'D-Dur','4/4','',60,'',NULL,5,NULL,''),(752,470,'',1,'a-moll','4/4','',60,'',NULL,5,NULL,''),(753,471,'',1,'G-Dur','4/4','',60,'',NULL,5,NULL,''),(754,472,'',1,'G-Dur','4/4','',60,'',NULL,5,NULL,''),(755,473,'',1,'d-moll','4/4','',60,'',NULL,5,NULL,''),(756,474,'',1,'G-Dur','4/4','',60,'',NULL,5,NULL,''),(757,475,'',1,'G-Dur','4/4','',60,'',NULL,5,NULL,''),(758,476,'',1,'(keine Vorzeichen)','3/4','',60,'',NULL,5,NULL,''),(759,477,'',1,'a-moll','4/4','',60,'',NULL,5,NULL,''),(760,478,'',1,'G-Dur','4/4','',60,'',NULL,5,NULL,''),(761,479,'',1,'d-moll','3/4','',60,'',NULL,5,NULL,''),(762,480,'',1,'fis-moll','4/4','',120,'',NULL,5,NULL,''),(763,481,'',1,'D-Dur','4/4','',90,'',NULL,5,NULL,''),(764,482,'',1,'G-Dur','4/4','',90,'',NULL,5,NULL,''),(765,483,'',1,'C-Dur','4/4','',90,'',NULL,5,NULL,''),(766,484,'',1,'d-moll','4/4','',60,'',NULL,5,NULL,''),(767,485,'',1,'A-Dur','3/4','',150,'',NULL,5,NULL,''),(768,486,'',1,'G-Dur','4/4','',30,'',NULL,5,NULL,''),(769,487,'',1,'G-Dur','4/4','',80,'',NULL,5,NULL,''),(770,488,'',1,'G-Dur','4/4','',150,'',NULL,5,NULL,''),(771,489,'',1,'d-moll (ohne Vorzeichen)','4/4','',180,'Idee: Staccato für Regentropfen',NULL,5,NULL,''),(772,490,'',1,'G-Dur','3/4','',60,'',NULL,5,NULL,''),(773,491,'',1,'G-Dur','4/4','',180,'',NULL,5,NULL,''),(774,492,'',1,'G-Dur','4/4','',210,'Besonderheiten für Violine 4',NULL,5,NULL,''),(775,493,'',1,'G-Dur','4/4','',150,'',NULL,5,NULL,''),(776,494,'',1,'G-Dur','4/4','',150,'',NULL,5,NULL,''),(777,495,'',1,'G-Dur','4/4','Moderato',240,'Violinstimme mit leeren Saiten zu Orginalwerk von van Beethoven. \r\nKlaviernoten nicht in der Sammlung enthalten ',NULL,5,NULL,''),(778,496,'',1,'G-Dur','2/4','Munter und Straff',180,'Violinstimme mit leeren Saiten zu Orginalwerk von Schumann. Klaviernoten nicht in der Sammlung enthalten',NULL,5,NULL,''),(779,497,'',1,'D-Dur','2/4','Moderato',210,'Original-Komposition; Klaviernoten nicht in der Sammlung enthalten ',NULL,5,NULL,''),(780,498,'',1,'G-Dur','3/4','Tempo Di Minuetto',180,'Original-Komposition; Klaviernoten nicht in der Sammlung enthalten ',NULL,5,NULL,''),(781,499,'',1,'G-Dur','2/4','Allegretto',150,'Original-Komposition von van Beethoven; Klaviernoten nicht in der Sammlung enthalten ',NULL,5,NULL,''),(782,500,'',1,'C-Dur','3/4','Quasi Menuetto',180,'',NULL,5,NULL,''),(783,501,'',1,'g-moll','2/4','Rascher Tanzrhythmus (in drolliger Weise) ',180,'',NULL,5,NULL,''),(784,502,'',1,'F-Dur','3/4','Walzer-Tempo',180,'',NULL,5,NULL,''),(785,503,'',1,'C-Dur','2/4','Sehr rasch',150,'',NULL,5,NULL,''),(786,504,'',1,'D-Dur','Alla Breve','Moderately',60,'',NULL,5,NULL,''),(787,505,'',1,'G-Dur','3/4','Quite brightly',80,'',NULL,5,NULL,''),(788,506,'',1,'G-Dur','4/4','Gently',80,'',NULL,5,NULL,''),(789,507,'',1,'G-Dur','3/4','Flowing',90,'',NULL,5,NULL,''),(790,508,'',1,'A-Dur','4/4','Brightly',60,'Rhythmus nicht orginal! ',NULL,5,NULL,''),(791,509,'',1,'G-Dur','4/4','Moderately',60,'',NULL,5,NULL,''),(792,510,'',1,'G-Dur','Alla Breve','Flowing',90,'',NULL,5,NULL,''),(793,511,'',1,'G-Dur','3/4','Bright Walz',120,'\r\n',NULL,5,NULL,''),(794,512,'',1,'C-Dur','4/4','Moderately bright',60,'',NULL,5,NULL,''),(795,513,'',1,'C-Dur','Alla Breve','Moderately Slow',60,'',NULL,5,NULL,''),(796,514,'',1,'D-Dur','3/4','Gently Moving',80,'',NULL,5,NULL,''),(797,515,'',1,'A-Dur','Alla Breve','Brightly',90,'',NULL,5,NULL,''),(798,516,'',1,'A-Dur','4/4','Moderately',60,'',NULL,5,NULL,''),(799,517,'',1,'F-Dur','2/4','Quite lively',60,'',NULL,5,NULL,''),(800,518,'',1,'a-moll','3/4','Moderately',60,'',NULL,5,NULL,''),(801,519,'',1,'a-moll','3/4','Quite Slowly',60,'',NULL,5,NULL,''),(802,520,'',1,'F-Dur','3/4','Moving',90,'',NULL,5,NULL,''),(803,521,'',1,'G-Dur','Alla Breve','Brightly',90,'',NULL,5,NULL,''),(804,522,'Hey Jude (First Version)',1,'D-Dur','4/4','Quite Slowly (in 4)',90,'',NULL,5,NULL,''),(805,522,'Hey Jude (Second Version)',2,'D-Dur','Alla Breve','Quite Slowly (in 2)',90,'Notentext vereinfacht im Vergleich zur 1. Version. Notenwerte vergrößert. ',NULL,5,NULL,''),(806,523,'',1,'G-Dur','4/4','Quite Brightly',90,'',NULL,5,NULL,''),(807,524,'',1,'A-Dur','4/4','Steady',80,'',NULL,5,NULL,''),(809,525,'',1,'D-Dur','6/8','',45,'Nicht kompatibel mit Klavierband\r\n',NULL,5,NULL,''),(810,526,'',1,'e-moll','4/4','',30,'Kompatibel mit Klavierband',NULL,5,NULL,''),(811,527,'',1,'G-Dur','2/4','',30,'Kompatibel mit Klavierband',NULL,5,NULL,''),(812,528,'',1,'G-Dur','2/4','',45,'Kompatibel mit Klavierband',NULL,5,NULL,''),(813,529,'',1,'D-Dur','4/4','',45,'Nicht kompatibel mit Klavierband',NULL,5,NULL,''),(814,530,'',1,'G-Dur','2/4','',45,'Kompatibel mit Klavierband',NULL,5,NULL,''),(815,531,'',1,'G-Dur','4/4','',45,'Kompatibel mit Klavierband',NULL,5,NULL,''),(816,532,'',1,'G-Dur','4/4','',60,'Kompatibel mit Klavierband',NULL,5,NULL,''),(817,533,'',1,'G-Dur (Pentatonik)','4/4','',30,'Nicht Kompatibel mit Klavierband',NULL,5,NULL,''),(818,534,'',1,'G-Dur','6/8','',45,'Kompatibel mit Klavierband',NULL,5,NULL,''),(819,535,'',1,'G-Dur','4/4','',30,'Nicht kompatibel mit Klavierband',NULL,5,NULL,''),(820,536,'',1,'G-Dur','4/4','',45,'Kompatibel mit Klavierband',NULL,5,NULL,''),(821,537,'',1,'G-Dur','4/4','',45,'Nicht kompatibel mit Klavierband',NULL,NULL,NULL,''),(822,538,'',1,'G-Dur','4/4','',180,'Nicht kompatibel mit Klavierband',NULL,5,NULL,''),(823,539,'',1,'G-Dur','3/4','',60,'kompatibel mit Klavierband',NULL,5,NULL,''),(824,540,'',1,'D-Dur','4/4','',60,'Nicht kompatibel mit Klavierband',NULL,5,NULL,''),(825,541,'',1,'e-moll','6/4, 4/4','',60,'Nicht kompatibel mit Klavierband',NULL,5,NULL,''),(826,542,'',1,'D-Dur','4/4','',210,'Nicht kompatibel mit Klavierband',NULL,5,NULL,''),(827,543,'',1,'G-Dur','4/4','',120,'Nicht im Klavierband enthalten',NULL,5,NULL,''),(828,544,'',1,'G-Dur','6/4','',45,'Nicht kompatibel mit Klavierband',NULL,5,NULL,''),(829,545,'',1,'C-Dur','3/4','',30,'Kompatibel mit Klavierband (20)',NULL,5,NULL,''),(830,546,'',1,'G-Dur','Alla Breve','',45,'kompatibel mit Klavierband Nr 21',NULL,5,NULL,''),(831,547,'',1,'G-Dur','4/4','',80,'kompatibel mit Klavierband Nr 22',NULL,5,NULL,''),(832,548,'',1,'G-Dur','3/4','',80,'kompatibel mit Klavierband Nr 23',NULL,5,NULL,''),(833,549,'',1,'F-Dur, A-Dur, C-Dur','4/4','',180,'kompatibel mit Klavierband (Nr 25)',NULL,5,NULL,''),(834,550,'',1,'G-Dur','3/4','',45,'Nicht kompatibel mit Klavierband',NULL,5,NULL,''),(835,551,'',1,'Tonart','3/4','',45,'Nicht kompatibel mit Klavierband',NULL,5,NULL,''),(836,552,'',1,'G-Dur','4/4, 3/4','',60,'Kompatibel mit Klavierband Nr 27',NULL,NULL,NULL,''),(837,553,'',1,'G-Dur','4/4','',60,'Nicht kompatibel mit Klavierband',NULL,5,NULL,''),(838,554,'',1,'G-Dur','6/8','',60,'kompatibel mit Klavierband Nr 29',NULL,5,NULL,''),(839,555,'',1,'G-Dur','4/4','',45,'Nicht kompatibel mit Klavierband',NULL,5,NULL,''),(840,556,'',1,'G-Dur','3/4','',45,'kompatibel mit Klavierband 31',NULL,5,NULL,''),(841,557,'Variante 1 (S. 1) ',1,'D-Dur','2/4','',30,'',NULL,1,NULL,''),(842,557,'Variante 2 E (S. 12) ',2,'D-Dur','2/4','',30,'',NULL,1,NULL,''),(843,557,'Variante 3 H (S. 13) ',3,'D-Dur','2/4','',30,'Variante 1 oktaviert ',NULL,1,NULL,''),(876,590,'',1,'D-Dur','6/8','',45,'Nicht kompatibel mit Violinband\r\n',NULL,5,NULL,''),(877,591,'',1,'e-moll','4/4','',30,'Kompatibel mit Violinband',NULL,5,NULL,''),(878,592,'',1,'G-Dur','2/4','',30,'Kompatibel mit Violinband',NULL,5,NULL,''),(879,593,'',1,'F-Dur','2/4','',45,'Kompatibel mit Violinband',NULL,5,NULL,''),(880,594,'',1,'C-Dur','4/4','',45,'Nicht kompatibel mit Violinband',NULL,5,NULL,''),(881,595,'',1,'G-Dur','2/4','',45,'Kompatibel mit Violinband',NULL,5,NULL,''),(882,596,'',1,'G-Dur','4/4','',45,'Kompatibel mit Violinband',NULL,5,NULL,''),(883,597,'',1,'G-Dur','4/4','',60,'Kompatibel mit Violinband',NULL,5,NULL,''),(884,598,'',1,'F-Dur','4/4','',30,'Nicht Kompatibel mit Violinband',NULL,5,NULL,''),(885,599,'',1,'G-Dur','6/8','',45,'Kompatibel mit Violinband',NULL,5,NULL,''),(886,600,'',1,'F-Dur','4/4','',30,'Nicht kompatibel mit Violinband',NULL,5,NULL,''),(887,601,'',1,'G-Dur','4/4','',45,'Kompatibel mit Violinband',NULL,5,NULL,''),(888,602,'',1,'C-Dur','4/4','',45,'Nicht kompatibel mit Violinband',NULL,NULL,NULL,''),(889,603,'',1,'F-Dur','4/4','',180,'Nicht kompatibel mit Violinband',NULL,5,NULL,''),(890,604,'',1,'G-Dur','3/4','',60,'kompatibel mit Violinband',NULL,5,NULL,''),(891,605,'',1,'C-Dur','4/4','',60,'Nicht kompatibel mit Violinband',NULL,5,NULL,''),(892,606,'',1,'d-moll','6/4, 4/4','',60,'Nicht kompatibel mit Violinband',NULL,5,NULL,''),(893,607,'',1,'C-Dur','4/4','',210,'Nicht kompatibel mit Violinband',NULL,5,NULL,''),(895,609,'',1,'F-Dur','6/4','',45,'Nicht kompatibel mit Violinband',NULL,5,NULL,''),(896,610,'',1,'C-Dur','3/4','',30,'Kompatibel mit Violinband (21)',NULL,5,NULL,''),(897,611,'',1,'G-Dur','Alla Breve','',45,'kompatibel mit Violinband Nr 22',NULL,5,NULL,''),(898,612,'',1,'G-Dur','4/4','',80,'kompatibel mit Violinband Nr 23',NULL,5,NULL,''),(899,613,'',1,'G-Dur','3/4','',80,'kompatibel mit Violinband Nr 24',NULL,5,NULL,''),(900,614,'',1,'F-Dur, A-Dur, C-Dur','4/4','',180,'kompatibel mit Violinband',NULL,5,NULL,''),(901,615,'',1,'D-Dur','3/4','',45,'Nicht kompatibel mit Violinband Nr 26',NULL,5,NULL,''),(902,616,'',1,'e-moll','3/4','',45,'Nicht kompatibel mit Violinband',NULL,5,NULL,''),(903,617,'',1,'G-Dur','4/4, 3/4','',60,'Kompatibel mit Violinband Nr 28',NULL,NULL,NULL,''),(904,618,'',1,'F-Dur','4/4','',60,'Nicht kompatibel mit Klavierband 29',NULL,5,NULL,''),(905,619,'',1,'G-Dur','6/8','',60,'kompatibel mit Klavierband Nr 30',NULL,5,NULL,''),(906,620,'',1,'F-Dur','4/4','',45,'Nicht kompatibel mit Klavierband',NULL,5,NULL,''),(907,621,'',1,'G-Dur','3/4','',45,'kompatibel mit Klavierband 31',NULL,5,NULL,NULL),(908,622,'Variante 1 (S. 1)',1,'D-Dur','3/4','',30,'',NULL,1,NULL,''),(909,622,'Variante 2 (S. 16)',2,'D-Dur','4/4','',30,'',NULL,1,NULL,''),(910,622,'Variante 3 (S. 17)',3,'D-Dur','3/4','',30,'',NULL,1,NULL,''),(911,623,'Variante 1 (S. 2)',1,'D-Dur','3/4','',30,'',NULL,1,NULL,''),(912,623,'Variante 2 (S. 32)',2,'D-Dur','3/4','',30,'',NULL,1,NULL,''),(913,624,'Variante 1',1,'D-Dur','2/4','',30,'',NULL,1,NULL,''),(914,624,'Variante 2 (S. 3)',2,'D-Dur','2/4','',30,'',NULL,1,NULL,''),(915,625,'Variante 1 (S. 4)',1,'D-Dur','4/4','',45,'',NULL,1,NULL,''),(916,625,'Variante 2 (S. 5)',2,'D-Dur','4/4','',45,'',NULL,5,NULL,''),(917,626,'',1,'G-Dur','2/4','',45,'',NULL,1,NULL,''),(918,627,'',1,'D-Dur','4/4','',30,'',NULL,1,NULL,''),(919,628,'',1,'D-Dur','2/4','',45,'',NULL,1,NULL,''),(920,629,'',1,'D-Dur','3/4','',45,'',NULL,1,NULL,''),(921,630,'',1,'D-Dur','4/4','',30,'',NULL,1,NULL,''),(922,631,'',1,'G-Dur','4/4','',45,'',NULL,1,NULL,''),(923,632,'Variante 1 (S. 14) ',1,'D-Dur','2/4','',45,'',NULL,1,NULL,''),(924,632,'Variante 2 (s. 15)',2,'D-Dur','2/4','',45,'Eine Oktave höher als Variante 1',NULL,1,NULL,''),(925,633,'Variante 1 (S. 18)',1,'A-Dur','3/4','',45,'',NULL,1,NULL,''),(926,633,'Variante 2 (S. 19)',2,'A-Dur','3/4','',45,'',NULL,1,NULL,''),(927,634,'Variante 1 (S. 20) ',1,'A-Dur','4/4','',30,'',NULL,1,NULL,''),(928,634,'Variante 2 (S. 21) ',2,'A-dur','4/4','',30,'',NULL,1,NULL,''),(929,635,'Variante 1 (s. 22)',1,'C-Dur','3/4','',45,'',NULL,1,NULL,''),(930,635,'Variante 2 (S. 23)',2,'C-Dur','3/4','',45,'',NULL,1,NULL,''),(931,636,'Variante 1 (S 24)',1,'G-Dur','3/4','',45,'',NULL,1,NULL,''),(932,636,'Variante 2 (S. 25)',2,'G-Dur','3/4','',45,'',NULL,1,NULL,''),(933,637,'Variante 1 (S. 26) ',1,'A-Dur','2/4','',60,'',NULL,1,NULL,''),(934,637,'Variante 2 (S. 27)',2,'A-dur','2/4','',60,'',NULL,1,NULL,''),(935,638,'Variante (S. 28)',1,'A-Dur','2/4','',30,'',NULL,1,NULL,''),(936,638,'Variante 2 (S. 29)',2,'A-dur','2/4','',30,'',NULL,1,NULL,''),(937,639,'Variante 1 (S. 30)',1,'D-Dur','4/4','',60,'',NULL,1,NULL,''),(938,639,'Variante 2 (S. 31)',2,'D-Dur','4/4','',60,'Eine Oktave tiefer als Variante 1',NULL,1,NULL,''),(939,640,'Variante 1 (S. 1) ',1,'D-Dur','2/4','',30,'',NULL,1,NULL,NULL),(940,640,'Variante 2 E (S. 12) ',2,'D-Dur','2/4','',30,'',NULL,1,NULL,NULL),(941,640,'Variante 3 H (S. 13) ',3,'D-Dur','2/4','',30,'entspricht nicht dem Violinheft',NULL,1,NULL,''),(942,641,'Variante 1 (S. 1)',1,'D-Dur','3/4','',30,'',NULL,1,NULL,NULL),(943,641,'Variante 2 (S. 16)',2,'D-Dur','4/4','',30,'',NULL,1,NULL,NULL),(944,641,'Variante 3 (S. 17)',3,'D-Dur','3/4','',30,'',NULL,1,NULL,NULL),(945,642,'Variante 1 (S. 2)',1,'D-Dur','3/4','',30,'',NULL,1,NULL,NULL),(946,642,'Variante 2 (S. 32)',2,'D-Dur','3/4','',30,'',NULL,1,NULL,NULL),(947,643,'Variante 1',1,'D-Dur','2/4','',30,'',NULL,1,NULL,NULL),(948,643,'Variante 2 (S. 3)',2,'D-Dur','2/4','',30,'',NULL,1,NULL,NULL),(949,644,'Variante 1 (S. 4)',1,'D-Dur','4/4','',45,'',NULL,1,NULL,NULL),(950,644,'Variante 2 (S. 5)',2,'D-Dur','4/4','',45,'',NULL,5,NULL,NULL),(951,645,'',1,'G-Dur','2/4','',45,'',NULL,1,NULL,NULL),(952,646,'',1,'D-Dur','4/4','',30,'',NULL,1,NULL,NULL),(953,647,'',1,'D-Dur','2/4','',45,'',NULL,1,NULL,NULL),(954,648,'',1,'D-Dur','3/4','',45,'',NULL,1,NULL,NULL),(955,649,'',1,'D-Dur','4/4','',30,'',NULL,1,NULL,NULL),(956,650,'',1,'G-Dur','4/4','',45,'',NULL,1,NULL,NULL),(957,651,'Variante 1 (S. 14) ',1,'D-Dur','2/4','',45,'',NULL,1,NULL,NULL),(958,651,'Variante 2 (s. 15)',2,'D-Dur','2/4','',45,'entspricht nicht dem Violinheft',NULL,1,NULL,''),(959,652,'',1,'A-Dur','3/4','',45,'',NULL,1,NULL,''),(961,653,'Variante 1 (S. 20) ',1,'A-Dur','4/4','',30,'',NULL,1,NULL,NULL),(962,653,'Variante 2 (S. 21) ',2,'A-dur','4/4','',30,'',NULL,1,NULL,NULL),(963,654,'Variante 1 (s. 22)',1,'C-Dur','3/4','',45,'',NULL,1,NULL,NULL),(964,654,'Variante 2 (S. 23)',2,'C-Dur','3/4','',45,'entspricht nicht dem Violinheft',NULL,1,NULL,''),(965,655,'Variante 1 (S 24)',1,'G-Dur','3/4','',45,'',NULL,1,NULL,NULL),(966,655,'Variante 2 (S. 25)',2,'G-Dur','3/4','',45,'',NULL,1,NULL,NULL),(967,656,'Variante 1 (S. 26) ',1,'A-Dur','2/4','',60,'',NULL,1,NULL,NULL),(968,656,'Variante 2 (S. 27)',2,'A-dur','2/4','',60,'',NULL,1,NULL,NULL),(970,657,'',2,'A-dur','2/4','',30,'entspricht Variante 2 im Violinheft\r\nim Violaheft S. 19',NULL,1,NULL,''),(971,658,'Variante 1 (S. 30)',1,'D-Dur','4/4','',60,'',NULL,1,NULL,NULL),(972,658,'Variante 2 (S. 31)',2,'D-Dur','4/4','',60,'Eine Oktave tiefer als Variante 1',NULL,1,NULL,NULL),(973,659,'',1,'D-Dur','4/4','Andante',30,'',NULL,19,NULL,''),(974,660,'',1,'G-Dur','3/4','Allegro',30,'',NULL,1,NULL,''),(975,661,'',1,'D-Dur','4/4','Con brio',60,'',NULL,5,NULL,''),(976,662,'',1,'G-Dur','3/4','Allegro',30,'',NULL,5,NULL,''),(977,663,'',1,'G-Dur','4/4','Andante',30,'',NULL,5,NULL,''),(978,664,'',1,'G-Dur','4/4','Moderato',30,'',NULL,5,NULL,''),(979,665,'',1,'G-Dur','4/4','Andante',30,'',NULL,1,NULL,''),(980,666,'',1,NULL,NULL,NULL,NULL,NULL,NULL,NULL,NULL,NULL),(982,667,'',1,'D-Dur','2/4','Andante',60,'',NULL,18,NULL,''),(983,668,'',1,'D-Dur','6/8','Moderato',45,'',NULL,NULL,NULL,''),(984,669,'',1,'D-Dur','3/4','Presto',90,'',NULL,5,NULL,''),(985,670,'',1,'D-Dur','4/4','Andante',30,'',NULL,5,NULL,''),(986,671,'',1,'D-Dur','6/8','Moderato',60,'',NULL,5,NULL,''),(987,672,'',1,'D-Dur','6/8','Moderato',45,'',NULL,5,NULL,''),(988,673,'',1,'D-dur','4/4','Allegro non troppo',60,'',NULL,5,NULL,''),(989,675,'Variante 1 (S. 28)',1,'F-Dur','2/4','',30,'',NULL,5,NULL,''),(990,675,'Variante 2 (S. 29)',2,'F-Dur','2/4','',30,'',NULL,5,NULL,''),(991,676,'',1,'G-Dur','4/4 ','Vivace',60,'',NULL,5,NULL,''),(992,677,'',1,'D-Dur','6/8','Andante',30,'',NULL,5,NULL,''),(993,678,'',1,'G-Dur','3/4 ','Andante tranquillo',45,'',NULL,5,NULL,''),(994,679,'',1,'G-Dur','4/4','Moderato',60,'',NULL,5,NULL,''),(995,680,'',1,'G-Dur','3/4','',30,'',NULL,5,NULL,''),(996,681,'',1,'G-Dur','4/4','',45,'',NULL,5,NULL,''),(997,682,'',1,'G-Dur','2/4','Allegretto',45,'',NULL,5,NULL,''),(998,683,'',1,'G-Dur','4/4','',45,'',NULL,5,NULL,''),(999,684,'',1,'D-Dur, d-moll','4/4','',20,'Vorschlag: d-moll spielen (ohne fis und cis) ',NULL,NULL,NULL,''),(1000,685,'',1,'G-Dur','4/4','Allegro',60,'',NULL,5,NULL,''),(1001,686,'',1,'C-Dur','3/4','Tempo di Valse',180,'',NULL,5,NULL,''),(1002,687,'',1,'C-Dur','2/4','Moderato',45,'',NULL,18,NULL,''),(1003,688,'',1,'D-Dur','4/4','Lively Dance',45,'',NULL,5,NULL,''),(1004,689,'',1,'A-Dur','4/4','Allegro',60,'',NULL,5,NULL,''),(1005,690,'',1,'D-Dur','4/4','At a Dash (im Handumdrehen)',45,'Mit Akkordsymbolen',NULL,5,NULL,''),(1006,691,'',1,'e-moll','4/4','Expressively',45,'mit Akkordsymbolen',NULL,5,NULL,''),(1007,692,'',1,'A-Dur','2/4','Confidently',45,'mit Akkordsymbolen',NULL,5,NULL,''),(1008,693,'',1,'A-Dur','2/4','With Care',45,'',NULL,5,NULL,''),(1009,694,'',1,'A-Dur (Pentatonik)','4/4','Gentle Lullaby',45,'',NULL,5,NULL,''),(1010,695,'',1,'D-Dur','4/4','Bouncy',60,'Mit Akkordsymbolen',NULL,5,NULL,''),(1011,696,'',1,'D-Dur','3/4','Gently',60,'',NULL,5,NULL,''),(1012,697,'',1,'D-Dur','2/4','Happily',60,'Mit Akkordsymbolen',NULL,NULL,NULL,''),(1013,698,'',1,'A-Dur','4/4','With boisterous Energy! (mit ausgelassener Energie) ',45,'Mit Akkordsymbolen',NULL,NULL,NULL,''),(1014,699,'',1,'D-Dur','2/4','Andante Gracioso',60,'',NULL,NULL,NULL,''),(1015,700,'',1,'A-Dur','2/4','Stately',60,'',NULL,NULL,NULL,''),(1016,701,'',1,'e-moll','3/4','With Longing',60,'',NULL,NULL,NULL,''),(1017,702,'',1,'D-Dur','2/4','Maestoso',60,'',NULL,NULL,NULL,''),(1018,703,'',1,'e-moll','3/4','Lively',60,'',NULL,NULL,NULL,''),(1019,704,'',1,'a-moll','4/4','Majestically',60,'',NULL,NULL,NULL,''),(1020,705,'',1,'D-Dur','4/4','Stately',60,'',NULL,NULL,NULL,''),(1021,706,'',1,'G-Dur','2/4','Joyfuly',45,'Mit Akkordsymbolen',NULL,NULL,NULL,''),(1022,707,'',1,'G-Dur','2/4','Andante',45,'',NULL,NULL,NULL,''),(1023,708,'',1,'D-Dur, A-Dur','4/4 ','Lilting',60,'mit Akkordsymbolen',NULL,NULL,NULL,''),(1024,709,'',1,'D-Dur','3/4 ','With a gentle sway',60,'',NULL,NULL,NULL,''),(1025,710,'',1,'G-Dur','3/4 ','Heavily',240,'',NULL,NULL,NULL,''),(1026,711,'',1,'e-moll','4/4 ','Gently flowing',600,'Quodlibet mit zwei Melodien, e-moll natürlich',NULL,NULL,NULL,''),(1027,712,'',1,'e-dorisch','6/8','Lively jig',120,'mit Akkordsymbolen',NULL,NULL,NULL,''),(1028,713,'',1,'G-Dur','Alla Breve','Allegretto',180,'',NULL,NULL,NULL,''),(1029,714,'',1,'D-Dur','3/4, 2/4','Cheerfully',60,'Mit Akkordsymbolen',NULL,NULL,NULL,''),(1030,715,'',1,'G-Dur','4/4','Andante',45,'',NULL,NULL,NULL,''),(1031,716,'',1,'A-Dur','Alla Breve','Allegro',120,'',NULL,NULL,NULL,''),(1032,717,'',1,'G-Dur','3/4','Andantino',90,'',NULL,NULL,NULL,''),(1033,718,'',1,'A-Dur','3/4','Allegretto',90,'',NULL,NULL,NULL,''),(1034,719,'',1,'e-moll','4/4','With Energy',45,'Mit Akkordsymbolen',NULL,NULL,NULL,''),(1035,720,'',1,'e-moll','Alla Breve','Lively',60,'',NULL,NULL,NULL,''),(1036,721,'',1,'G-Dur','3/4','Tempo die Valse',180,'',NULL,NULL,NULL,''),(1037,722,'',1,'G-Dur','4/4','Fröhlich (Cheerfully) ',60,'',NULL,NULL,NULL,''),(1038,723,'',1,'D-Dur','2/4','Allegretto',90,'',NULL,NULL,NULL,''),(1039,724,'',1,'B-Dur','4/4','Confidently',90,'',NULL,NULL,NULL,''),(1040,725,'',1,'g-moll','4/4','Joyfully',45,'Mit Akkordsymbolen',NULL,NULL,NULL,''),(1041,726,'',1,'F-Dur','4/4','Cheerfully',120,'',NULL,NULL,NULL,''),(1042,727,'',1,'d-moll','Alla Breve','Lively',120,'',NULL,NULL,NULL,''),(1043,732,'',1,'D-Dur','4/4','',45,'',NULL,NULL,NULL,''),(1044,733,'',1,'E-Dur','3/4','',60,'',NULL,NULL,NULL,''),(1045,734,'',1,'D-Dur','3/4','',30,'',NULL,NULL,NULL,''),(1046,735,'',1,'A-Dur','Alla Breve','',30,'',NULL,NULL,NULL,''),(1047,736,'',1,'D-Dur','Alla Breve','',120,'',NULL,NULL,NULL,''),(1048,737,'',1,'E-Dur','4/4','Moderato',30,'',NULL,NULL,NULL,''),(1049,738,'',1,'A-Dur','Alla Breve','',60,'',NULL,NULL,NULL,''),(1050,739,'',1,'A-Dur','4/4','Andante',120,'',NULL,NULL,NULL,''),(1051,740,'',1,'A-Dur','Alla Breve','',120,'',NULL,NULL,NULL,''),(1052,741,'',1,'A-Dur','Alla Breve','',90,'',NULL,NULL,NULL,''),(1053,742,'',1,'A-Dur','alla Breve','',180,'',NULL,NULL,NULL,''),(1054,743,'',1,'D-Dur','2/4','Allegretto - Trio',180,'',NULL,NULL,NULL,''),(1055,744,'',1,'G-Dur','2/4','Allegretto',90,'',NULL,NULL,NULL,''),(1056,745,'',1,'A-Dur','3/4','Grandly',150,'',NULL,NULL,NULL,''),(1057,747,'',1,'D-Durd','4/4','Allegretto',120,'',NULL,NULL,NULL,''),(1058,748,'',1,'D-Dur','3/4','Andante Maestoso',90,'',NULL,NULL,NULL,''),(1059,749,'',1,'d-moll','4/4','Lively',90,'Mit Akkordsymbolen',NULL,NULL,NULL,''),(1060,750,'',1,'d-moll','3/4','Andante con Moto',90,'',NULL,NULL,NULL,''),(1062,743,'',2,NULL,NULL,NULL,NULL,NULL,NULL,NULL,NULL,NULL),(1063,751,'',1,'D-Dur','3/4','Allegretto (Tempo di Valse) ',90,'',NULL,NULL,NULL,''),(1064,752,'',1,'e-moll','4/4','Marching to Victory',75,'',NULL,NULL,NULL,''),(1065,753,'',1,'d-moll, D-Dur','4/4','Allegretto',180,'',NULL,NULL,NULL,''),(1066,754,'',1,'G-Dur','4/4 ','Broadly',90,'Mit Akkordsymbolen',NULL,NULL,NULL,''),(1067,755,'',1,'g-moll','4/4 ','Andante',90,'',NULL,NULL,NULL,''),(1068,756,'',1,'B-Dur','3/4','Andante',90,'Im Original Klavierstück',NULL,NULL,NULL,''),(1069,757,'',1,'a-moll','3/4, 4/4','Lively',120,'Mit Akkordsymbolen',NULL,NULL,NULL,''),(1070,758,'',1,'d-moll','6/8','Allegretto Moderato',120,'',NULL,NULL,NULL,''),(1071,759,'',1,'g-moll, G-Dur','2/4','Andantino Espressivo',120,'',NULL,NULL,NULL,''),(1072,760,'',1,'A-Dur','4/4','Allegro',180,'\r\n',NULL,NULL,NULL,''),(1073,761,'',1,'G-Dur','2/4','Allegretto',150,'',NULL,NULL,NULL,''),(1074,762,'',1,'g-moll','6/8','Allegretto',120,'',NULL,NULL,NULL,''),(1075,80,'',1,'a-moll','3/2','',120,'',NULL,NULL,NULL,''),(1076,81,'Balletto',1,'a-moll','4/4','',120,'',NULL,NULL,NULL,''),(1077,81,'Giga',2,'a-moll','12/8','',120,'',NULL,NULL,NULL,''),(1078,82,'',1,'c-moll','4/4','Grave',270,'',NULL,NULL,NULL,''),(1079,83,'',1,'F-Dur','12/8','Adagio',270,'',NULL,NULL,NULL,''),(1080,84,'',1,'g-moll','2','Gracieusement',420,'',NULL,NULL,NULL,''),(1081,85,'',1,'B-Dur','9/8','Gaymont',240,'',NULL,NULL,NULL,''),(1082,86,'',1,'G-Dur','3/8','',270,'Fragliche Verzierungen! ',NULL,NULL,NULL,''),(1085,87,'',2,'E-Dur, e-moll','3','',240,'',NULL,NULL,NULL,''),(1086,88,'',1,'D-Dur, d-moll','3','',240,'',NULL,NULL,NULL,''),(1087,89,'',1,'d-moll','2/4','Allegro',300,'',NULL,NULL,NULL,''),(1088,90,'',1,'C-Dur','4/4','Allegro Moderato',300,'',NULL,NULL,NULL,''),(1089,90,'Rondo',2,'C-Dur','2/4','Allegretto',210,'',NULL,NULL,NULL,''),(1090,91,'',1,'G-Dur','2/4','',210,'',NULL,NULL,NULL,''),(1091,92,'1. Andante',1,'F-Dur','3/4','Andante',120,'',NULL,NULL,NULL,''),(1092,92,'2. Allegretto',2,'F-Dur','2/4','Allegretto',210,'',NULL,NULL,NULL,''),(1093,93,'',1,'G-Dur','3/4','Allegro moderato',360,'',NULL,NULL,NULL,''),(1094,94,'',1,'B-Dur','6/8','Larghetto',150,'',NULL,NULL,NULL,'');
/*!40000 ALTER TABLE `satz` ENABLE KEYS */;
UNLOCK TABLES;

--
-- Table structure for table `satz_erprobt`
--

DROP TABLE IF EXISTS `satz_erprobt`;
/*!40101 SET @saved_cs_client     = @@character_set_client */;
/*!40101 SET character_set_client = utf8 */;
CREATE TABLE `satz_erprobt` (
  `ID` int(11) NOT NULL AUTO_INCREMENT,
  `SatzID` int(10) unsigned NOT NULL,
  `ErprobtID` int(11) DEFAULT NULL,
  `Jahr` year(4) DEFAULT NULL,
  `Bemerkung` varchar(100) DEFAULT NULL,
  PRIMARY KEY (`ID`),
  KEY `SatzID` (`SatzID`),
  KEY `ErprobtID` (`ErprobtID`),
  CONSTRAINT `satz_erprobt_ibfk_1` FOREIGN KEY (`SatzID`) REFERENCES `satz` (`ID`),
  CONSTRAINT `satz_erprobt_ibfk_2` FOREIGN KEY (`ErprobtID`) REFERENCES `erprobt` (`ID`)
) ENGINE=InnoDB AUTO_INCREMENT=1151 DEFAULT CHARSET=utf8;
/*!40101 SET character_set_client = @saved_cs_client */;

--
-- Dumping data for table `satz_erprobt`
--

LOCK TABLES `satz_erprobt` WRITE;
/*!40000 ALTER TABLE `satz_erprobt` DISABLE KEYS */;
INSERT INTO `satz_erprobt` VALUES (1,1,5,NULL,''),(2,5,5,NULL,''),(3,6,5,NULL,''),(4,7,2,NULL,''),(5,8,5,NULL,''),(6,10,5,NULL,''),(7,11,5,NULL,''),(8,12,5,NULL,''),(9,13,5,NULL,''),(10,14,5,NULL,''),(11,15,5,NULL,''),(12,16,5,NULL,''),(13,18,5,NULL,''),(14,19,5,NULL,''),(15,20,5,NULL,''),(16,21,5,NULL,''),(17,22,5,NULL,''),(18,23,2,NULL,''),(19,24,5,NULL,''),(20,25,5,NULL,''),(21,26,5,NULL,''),(22,28,5,NULL,''),(23,29,5,NULL,''),(24,30,2,NULL,''),(25,31,2,NULL,''),(26,32,2,NULL,''),(27,33,5,NULL,''),(28,34,5,NULL,''),(29,35,5,NULL,''),(30,36,5,NULL,''),(31,37,5,NULL,''),(32,38,5,NULL,''),(33,39,5,NULL,''),(34,40,5,NULL,''),(35,41,5,NULL,''),(36,42,5,NULL,''),(37,43,5,NULL,''),(38,44,5,NULL,''),(39,45,5,NULL,''),(40,46,5,NULL,''),(41,47,5,NULL,''),(42,48,5,NULL,''),(43,49,5,NULL,''),(44,50,5,NULL,''),(45,51,5,NULL,''),(46,52,5,NULL,''),(47,53,5,NULL,''),(48,54,5,NULL,''),(49,55,5,NULL,''),(50,56,5,NULL,''),(51,57,5,NULL,''),(52,58,2,NULL,''),(53,64,5,NULL,''),(54,65,5,NULL,''),(55,66,5,NULL,''),(56,67,5,NULL,''),(57,68,5,NULL,''),(58,69,5,NULL,''),(59,70,5,NULL,''),(60,71,5,NULL,''),(61,72,5,NULL,''),(62,73,5,NULL,''),(63,74,5,NULL,''),(64,75,5,NULL,''),(65,76,5,NULL,''),(66,77,5,NULL,''),(67,78,5,NULL,''),(68,79,5,NULL,''),(69,80,5,NULL,''),(70,81,2,2024,NULL),(71,82,19,2024,NULL),(72,84,19,2024,NULL),(73,85,19,2024,NULL),(74,86,19,2024,NULL),(75,87,19,2024,NULL),(76,88,19,2024,NULL),(77,89,19,2024,NULL),(78,91,19,2024,NULL),(79,92,19,2024,NULL),(80,93,2,2024,''),(81,109,2,NULL,''),(85,113,8,NULL,''),(86,114,8,NULL,'xxx'),(87,115,19,NULL,'xxx'),(88,116,8,NULL,'xxx'),(89,117,19,NULL,'xxx'),(90,118,19,NULL,'xxx'),(91,119,2,NULL,'xxx'),(92,121,1,NULL,'xxx'),(93,122,2,2023,'mehrfache Aufführung, u.a. 2023'),(94,123,19,2025,NULL),(95,124,2,NULL,'xxx'),(96,125,1,2022,NULL),(97,126,1,NULL,'xxx'),(98,127,2,2023,'mehrfache Aufführung, u.a. 2023'),(99,131,1,NULL,'xxx'),(100,132,1,NULL,'xxx'),(101,133,1,NULL,'xxx'),(102,134,2,NULL,'xxx'),(103,136,2,NULL,'xxx'),(104,141,2,NULL,'xxx'),(105,144,5,NULL,''),(106,145,2,NULL,'xxx'),(107,146,1,NULL,'xxx'),(108,150,8,NULL,'xxx'),(109,151,8,NULL,'xxx'),(110,152,8,NULL,'xxx'),(111,156,1,NULL,'xxx'),(112,157,2,NULL,'xxx'),(113,163,1,2024,NULL),(114,165,1,NULL,'xxx'),(115,166,1,NULL,'xxx'),(116,167,2,NULL,'XXX'),(117,168,19,NULL,'XXX'),(118,169,16,NULL,'xxx'),(119,170,1,NULL,'xxx'),(120,171,2,NULL,'xxx'),(121,172,1,NULL,'xxx'),(122,173,5,NULL,''),(123,174,2,NULL,'XXX'),(124,175,2,NULL,''),(125,176,2,NULL,'XXX'),(126,177,2,NULL,'XXX'),(127,178,2,NULL,'XXX'),(128,179,2,NULL,'XXX'),(129,180,1,NULL,'XXX'),(130,181,5,NULL,''),(131,182,2,NULL,'XXX'),(132,183,2,NULL,'XXX'),(133,184,18,2023,''),(134,185,17,2023,''),(135,186,18,2023,''),(136,187,2,2023,NULL),(137,188,2,2023,NULL),(138,189,5,2023,NULL),(139,190,5,2023,NULL),(140,191,5,NULL,''),(141,192,1,NULL,''),(142,193,18,NULL,'xxx'),(143,194,5,NULL,'xxx'),(144,195,5,NULL,'xxx'),(145,197,18,NULL,'xxx'),(146,198,18,NULL,'xxx'),(147,199,5,NULL,'xxx'),(148,200,5,NULL,''),(149,201,5,NULL,''),(150,202,5,NULL,''),(151,203,5,NULL,''),(152,204,17,2022,NULL),(153,205,5,2022,NULL),(154,206,5,2022,NULL),(155,207,1,NULL,'XXX'),(156,208,1,NULL,'XXX'),(157,209,1,NULL,'XXX'),(158,210,2,2022,'mehrfache Aufführung, u.a. 2022'),(159,211,1,NULL,'XXX'),(160,212,2,NULL,'XXX'),(161,213,5,NULL,''),(162,214,1,NULL,'Jahr? XXX'),(163,215,5,NULL,''),(164,216,1,NULL,'xxx'),(165,217,18,NULL,'xxx'),(166,218,5,NULL,'xxx'),(167,219,5,NULL,'xxx'),(168,220,1,NULL,'xxx'),(169,221,5,NULL,'xxx'),(170,222,2,NULL,'xxx'),(171,223,5,NULL,'XXX'),(172,224,18,NULL,'XXX'),(173,225,18,NULL,'XXX'),(174,226,5,NULL,'XXX'),(175,227,18,NULL,'XXX'),(176,228,18,NULL,'XXX'),(177,229,5,NULL,''),(178,230,5,NULL,''),(179,231,18,NULL,''),(180,232,18,NULL,''),(181,233,19,NULL,'XXX'),(182,234,19,NULL,'XXX'),(183,235,19,NULL,'XXX'),(184,236,2,NULL,'Jahr? XXX (nicht so lang her) '),(185,237,5,NULL,'XXX (nicht so lang her) '),(186,238,5,NULL,'XXX (nicht so lang her) '),(187,239,1,NULL,''),(188,240,1,NULL,''),(189,241,1,NULL,''),(190,242,1,NULL,''),(191,243,1,NULL,'XXX'),(192,244,5,NULL,'XXX'),(193,245,5,NULL,'XXX'),(194,246,18,NULL,'XXX'),(195,247,18,NULL,'XXX'),(196,248,18,NULL,'XXX'),(197,249,2,NULL,'xxx'),(198,250,2,NULL,'xxx'),(199,251,2,NULL,'xxx'),(200,252,5,NULL,''),(201,253,5,NULL,''),(202,254,5,NULL,''),(203,255,5,NULL,''),(204,257,5,NULL,''),(205,258,5,NULL,''),(206,259,5,NULL,''),(207,260,18,NULL,'xxx'),(208,261,18,NULL,'xxx'),(209,262,5,NULL,''),(210,263,5,NULL,''),(211,264,5,NULL,''),(212,265,5,NULL,''),(213,266,5,NULL,''),(214,267,5,NULL,''),(215,268,2,NULL,'XXX'),(216,269,1,NULL,'XXX'),(217,270,5,NULL,''),(218,271,5,NULL,'xxx'),(219,272,5,NULL,'xxx'),(220,273,5,NULL,'xxx'),(221,274,5,NULL,''),(222,275,17,NULL,'xxx'),(223,276,1,NULL,'xxx'),(224,277,5,NULL,'xxx'),(225,278,5,NULL,'xxx'),(226,279,5,NULL,'xxx'),(227,280,18,NULL,'xxx'),(228,281,5,NULL,'xxx'),(229,282,5,NULL,'xxx'),(230,284,5,NULL,''),(231,285,5,NULL,''),(232,286,17,NULL,'xxx'),(233,287,5,NULL,'xxx'),(234,288,5,NULL,'xxx'),(235,289,1,NULL,'xxx'),(236,290,5,NULL,'xxx'),(237,291,5,NULL,'xxx'),(238,292,5,NULL,''),(239,293,5,NULL,''),(240,294,5,NULL,''),(241,295,5,NULL,''),(242,296,5,NULL,''),(243,297,5,NULL,''),(244,298,5,NULL,''),(245,299,18,NULL,'XXX'),(246,300,18,NULL,'XXX'),(247,301,18,NULL,'XXX'),(248,302,20,NULL,'XXX'),(249,303,5,NULL,''),(250,304,5,NULL,''),(251,305,20,NULL,'XXX'),(252,306,5,NULL,''),(253,307,18,NULL,''),(254,308,18,NULL,''),(255,309,5,NULL,''),(256,310,5,NULL,''),(257,311,18,NULL,'XXX'),(258,312,18,NULL,'XXX'),(259,313,5,NULL,'XXX'),(260,314,5,NULL,'XXX'),(261,315,18,NULL,'XXX'),(262,316,18,NULL,'XXX'),(263,317,18,NULL,'XXX'),(264,318,2,2023,'mehrfache Aufführung, u.a. 2023'),(265,319,5,NULL,''),(266,320,5,NULL,''),(267,321,5,NULL,''),(268,322,5,NULL,''),(269,323,5,NULL,''),(270,324,5,NULL,''),(271,325,2,NULL,''),(272,326,2,NULL,''),(273,327,5,NULL,''),(274,328,5,NULL,''),(275,329,5,NULL,''),(276,330,2,NULL,''),(277,331,5,NULL,''),(278,332,5,NULL,''),(279,335,5,NULL,''),(280,336,5,NULL,''),(281,337,5,NULL,''),(282,338,5,NULL,''),(283,339,5,NULL,''),(284,340,5,NULL,''),(285,341,5,NULL,''),(286,342,5,NULL,''),(287,343,5,NULL,''),(288,344,5,NULL,''),(289,345,5,NULL,''),(290,346,5,NULL,''),(291,347,5,NULL,''),(292,348,5,NULL,''),(293,349,5,NULL,''),(294,350,5,NULL,''),(295,351,5,NULL,''),(296,352,5,NULL,''),(297,353,5,NULL,''),(298,354,5,NULL,''),(299,355,5,NULL,''),(300,356,5,NULL,''),(301,357,5,NULL,''),(302,358,1,NULL,'XXX'),(303,359,17,NULL,'XXX'),(304,360,5,NULL,'XXX'),(305,361,5,NULL,''),(306,362,5,NULL,''),(307,363,5,NULL,''),(308,364,5,NULL,''),(309,365,5,NULL,''),(310,366,5,NULL,''),(311,367,5,NULL,''),(312,368,5,NULL,''),(313,369,5,NULL,''),(314,372,5,NULL,''),(315,373,5,NULL,''),(316,374,5,NULL,''),(317,375,5,NULL,''),(318,376,5,NULL,''),(319,378,5,NULL,''),(320,379,5,NULL,''),(321,380,5,NULL,''),(322,381,5,NULL,''),(323,382,5,NULL,''),(324,383,5,NULL,''),(325,384,5,NULL,''),(326,385,5,NULL,''),(327,386,5,NULL,''),(328,387,5,NULL,''),(329,388,5,NULL,''),(330,389,5,NULL,''),(331,390,5,NULL,''),(332,391,5,NULL,''),(333,392,5,NULL,''),(334,393,2,NULL,'xxx'),(335,394,5,NULL,'xxx'),(336,395,5,NULL,'xxx'),(337,396,2,NULL,'xxx'),(338,397,5,NULL,'xxx'),(339,398,5,NULL,'xxx'),(340,399,5,NULL,''),(341,400,5,NULL,''),(342,401,5,NULL,''),(343,402,5,NULL,''),(344,403,5,NULL,''),(345,404,5,NULL,''),(346,405,5,NULL,''),(347,406,5,NULL,''),(348,407,5,NULL,''),(349,408,5,NULL,''),(350,409,5,NULL,''),(351,410,5,NULL,''),(352,411,5,NULL,''),(353,412,5,NULL,''),(354,413,5,NULL,''),(355,414,5,NULL,''),(356,415,5,NULL,''),(357,416,5,NULL,''),(358,417,5,NULL,''),(359,418,5,NULL,''),(360,419,18,NULL,''),(361,420,20,NULL,'xxx'),(362,421,5,NULL,''),(363,422,5,NULL,''),(364,423,5,NULL,''),(365,424,20,NULL,'xxx'),(366,425,19,NULL,''),(367,426,5,NULL,''),(368,427,20,NULL,'XXX'),(369,428,20,NULL,'XXX'),(370,429,20,NULL,'XXX'),(371,430,20,NULL,'XXX'),(372,431,20,NULL,'XXX'),(373,432,5,NULL,''),(374,433,5,NULL,''),(375,434,5,NULL,''),(376,435,5,NULL,''),(377,436,5,NULL,''),(378,437,5,NULL,''),(379,438,5,NULL,''),(380,439,5,NULL,''),(381,440,5,NULL,''),(382,441,20,2008,NULL),(383,443,5,NULL,''),(384,444,5,2024,NULL),(385,445,5,2025,NULL),(386,446,5,NULL,''),(387,447,5,NULL,''),(388,448,5,NULL,''),(389,449,5,NULL,''),(390,450,5,NULL,''),(391,451,5,NULL,''),(392,452,5,NULL,''),(393,453,5,NULL,''),(394,454,5,NULL,''),(395,455,5,NULL,''),(396,456,5,NULL,''),(397,457,5,NULL,''),(398,458,5,NULL,''),(399,459,19,NULL,'XXX'),(400,461,5,NULL,''),(401,462,5,NULL,''),(402,463,5,NULL,''),(403,464,5,NULL,''),(404,465,5,NULL,''),(405,466,5,NULL,''),(406,467,5,NULL,''),(407,468,5,NULL,''),(408,469,5,NULL,''),(409,470,18,NULL,'XXX'),(410,471,18,NULL,'XXX'),(411,472,18,NULL,'XXX'),(412,473,18,NULL,'XXX'),(413,474,18,NULL,'XXX'),(414,475,18,NULL,'XXX'),(415,476,18,NULL,'XXX'),(416,477,5,NULL,''),(417,478,5,NULL,''),(418,479,5,NULL,''),(419,480,5,NULL,''),(420,481,5,NULL,''),(421,482,5,NULL,''),(422,483,5,NULL,''),(423,484,5,NULL,''),(424,485,5,NULL,''),(425,486,5,NULL,''),(426,487,5,NULL,''),(427,489,5,NULL,''),(428,490,5,NULL,''),(429,491,5,NULL,''),(430,492,5,NULL,''),(431,493,5,NULL,''),(432,494,5,NULL,''),(433,495,5,NULL,''),(434,496,5,NULL,''),(435,497,5,NULL,''),(436,498,5,NULL,''),(437,499,5,NULL,''),(438,500,5,NULL,''),(439,501,5,NULL,''),(440,502,5,NULL,''),(441,503,5,NULL,''),(442,504,5,NULL,''),(443,505,5,NULL,''),(444,506,5,NULL,''),(445,507,1,NULL,'xxx'),(446,509,5,NULL,''),(447,510,5,NULL,''),(448,511,5,NULL,''),(449,512,5,NULL,''),(450,513,5,NULL,''),(451,514,5,NULL,''),(452,517,5,NULL,''),(453,518,5,NULL,''),(454,519,5,NULL,''),(455,520,1,2023,NULL),(456,521,5,NULL,'xxx'),(457,522,1,NULL,'xxx'),(458,524,1,NULL,'xxx'),(459,525,5,NULL,''),(460,526,5,NULL,''),(461,527,5,NULL,''),(462,528,5,NULL,''),(463,529,5,NULL,''),(464,530,5,NULL,''),(465,531,5,NULL,''),(466,532,5,NULL,''),(467,533,5,NULL,''),(468,534,5,NULL,''),(469,535,5,NULL,''),(470,536,5,NULL,''),(471,537,5,NULL,''),(472,538,5,NULL,''),(473,540,5,NULL,''),(474,541,5,NULL,''),(475,542,5,NULL,''),(476,543,5,NULL,''),(477,544,5,NULL,''),(478,545,5,NULL,''),(479,546,5,NULL,''),(480,547,5,NULL,''),(481,548,5,NULL,''),(482,549,5,NULL,''),(483,550,20,NULL,''),(484,551,20,NULL,''),(485,552,20,NULL,''),(486,553,5,NULL,''),(487,554,5,NULL,''),(488,555,5,NULL,''),(489,556,5,NULL,''),(490,557,5,NULL,''),(491,558,5,NULL,''),(492,559,5,NULL,''),(493,560,5,NULL,''),(494,561,5,NULL,''),(495,562,5,NULL,''),(496,563,5,NULL,''),(497,564,5,NULL,''),(498,565,5,NULL,''),(499,566,5,NULL,''),(500,567,5,NULL,''),(501,568,5,NULL,''),(502,569,5,NULL,''),(503,570,5,NULL,''),(504,571,5,NULL,''),(505,572,5,NULL,''),(506,573,5,NULL,''),(507,574,5,NULL,''),(508,575,5,NULL,''),(509,576,5,NULL,''),(510,577,5,NULL,''),(511,578,5,NULL,''),(512,579,5,NULL,''),(513,580,5,NULL,''),(514,581,5,NULL,''),(515,582,20,NULL,'XXX'),(516,583,18,NULL,'XXX'),(517,584,18,NULL,'XXX'),(518,585,18,NULL,'XXX'),(519,586,19,NULL,'XXX'),(520,588,5,NULL,''),(521,589,5,NULL,''),(522,590,5,NULL,''),(523,591,5,NULL,''),(524,592,5,NULL,''),(525,593,5,NULL,''),(526,594,5,NULL,''),(527,595,18,NULL,'XXX'),(528,597,18,NULL,'XXX'),(529,598,1,NULL,'xxx'),(530,600,18,NULL,'xxx'),(531,601,18,NULL,'xxx'),(532,602,19,NULL,'xxx'),(533,603,18,NULL,'xxx'),(534,605,18,NULL,'xxx'),(535,606,18,NULL,'xxx'),(536,607,18,NULL,'xxx'),(537,608,18,NULL,'xxx'),(538,609,18,NULL,'xxx'),(539,610,18,NULL,'xxx'),(540,611,18,NULL,'xxx'),(541,612,5,NULL,''),(542,613,5,NULL,''),(543,614,17,NULL,'xxx'),(544,615,17,NULL,'xxx'),(545,616,5,NULL,'xxx'),(546,617,5,NULL,'xxx'),(547,618,5,NULL,''),(548,619,5,2024,NULL),(549,620,5,NULL,''),(550,621,5,NULL,''),(551,622,5,NULL,''),(552,623,5,NULL,''),(553,624,19,NULL,'xxx'),(554,625,1,NULL,'xxx'),(555,626,1,NULL,'xxx'),(556,627,17,NULL,'xxx'),(557,628,5,NULL,''),(558,629,5,NULL,'xxx'),(559,630,5,NULL,'xxx'),(560,631,19,NULL,'xxx'),(561,632,2,NULL,'xxx'),(562,633,17,NULL,'xxx'),(563,634,2,NULL,'xxx'),(564,635,1,NULL,'xxx'),(565,636,1,NULL,'xxx'),(566,639,5,NULL,''),(567,640,5,NULL,''),(568,641,5,NULL,''),(569,642,5,NULL,''),(570,643,1,NULL,'XXX'),(571,644,18,NULL,'XXX'),(572,645,18,2010,NULL),(573,646,18,2010,NULL),(574,647,18,2010,NULL),(575,648,18,2010,NULL),(576,649,18,2010,NULL),(577,650,18,2010,NULL),(578,651,18,2010,NULL),(579,653,18,NULL,'xxx'),(580,654,5,NULL,'xxx'),(581,655,5,NULL,'xxx'),(582,656,5,NULL,'xxx'),(583,657,5,NULL,'xxx'),(584,658,18,NULL,'xxx'),(585,659,5,NULL,'xxx'),(586,660,5,NULL,'xxx'),(587,661,5,NULL,'xxx'),(588,662,5,NULL,'xxx'),(589,663,5,NULL,'xxx'),(590,664,5,NULL,'xxx'),(591,665,5,NULL,'xxx'),(592,666,18,NULL,'xxx'),(593,667,5,NULL,'xxx'),(594,668,5,NULL,'xxx'),(595,669,5,NULL,'xxx'),(596,670,17,NULL,'xxx'),(597,671,17,NULL,'xxx'),(598,672,18,NULL,'XXX'),(599,673,18,NULL,'XXX'),(600,674,21,NULL,''),(601,675,21,NULL,''),(602,676,21,NULL,''),(603,677,21,NULL,''),(604,678,21,NULL,''),(605,679,21,NULL,''),(606,680,21,NULL,''),(607,681,5,2024,NULL),(608,682,5,2024,NULL),(609,683,5,2024,NULL),(610,684,5,2024,NULL),(611,685,5,2024,NULL),(612,686,5,2024,NULL),(613,687,5,2024,NULL),(614,688,5,NULL,''),(615,689,5,NULL,''),(616,690,5,NULL,''),(617,691,21,NULL,''),(618,692,21,NULL,''),(619,693,21,NULL,''),(620,694,21,NULL,''),(621,698,20,NULL,''),(622,699,20,NULL,''),(623,700,20,NULL,''),(624,701,2,NULL,'XXX'),(625,702,5,NULL,'XXX'),(626,703,17,NULL,'XXX'),(627,704,5,NULL,'XXX'),(628,705,17,NULL,'XXX'),(629,706,5,NULL,'XXX'),(630,707,19,NULL,'XXX'),(631,708,5,NULL,'XXX'),(632,709,21,NULL,''),(633,710,21,NULL,''),(634,711,21,NULL,''),(635,712,21,NULL,''),(636,713,5,NULL,''),(637,714,5,NULL,''),(638,715,5,NULL,''),(639,716,21,NULL,''),(640,717,21,NULL,''),(641,718,21,NULL,''),(642,719,21,NULL,''),(643,720,21,NULL,''),(644,721,21,NULL,''),(645,722,5,NULL,''),(646,723,5,NULL,''),(647,724,18,NULL,''),(648,725,5,NULL,''),(649,727,18,NULL,''),(650,728,18,NULL,''),(651,729,18,NULL,''),(652,730,5,NULL,''),(653,731,5,NULL,''),(654,732,5,NULL,''),(655,733,5,NULL,''),(656,734,5,NULL,''),(657,735,5,NULL,''),(658,736,5,NULL,''),(659,737,18,NULL,''),(660,738,18,NULL,''),(661,739,5,NULL,''),(662,740,18,NULL,''),(663,741,5,NULL,''),(664,742,5,NULL,''),(665,743,5,NULL,''),(666,744,5,NULL,''),(667,745,5,NULL,''),(668,746,5,NULL,''),(669,747,5,NULL,''),(670,748,5,NULL,''),(671,749,5,NULL,''),(672,750,5,NULL,''),(673,751,5,NULL,''),(674,752,5,NULL,''),(675,753,5,NULL,''),(676,754,5,NULL,''),(677,755,5,NULL,''),(678,756,5,NULL,''),(679,757,5,NULL,''),(680,758,5,NULL,''),(681,759,5,NULL,''),(682,760,5,NULL,''),(683,761,5,NULL,''),(684,762,5,NULL,''),(685,763,5,NULL,''),(686,764,5,NULL,''),(687,765,5,NULL,''),(688,766,5,NULL,''),(689,767,5,NULL,''),(690,768,5,NULL,''),(691,769,5,NULL,''),(692,770,5,NULL,''),(693,771,5,NULL,''),(694,772,5,NULL,''),(695,773,5,NULL,''),(696,774,5,NULL,''),(697,775,5,NULL,''),(698,776,5,NULL,''),(699,777,5,NULL,''),(700,778,5,NULL,''),(701,779,5,NULL,''),(702,780,5,NULL,''),(703,781,5,NULL,''),(704,782,5,NULL,''),(705,783,5,NULL,''),(706,784,5,NULL,''),(707,785,5,NULL,''),(708,786,5,NULL,''),(709,787,5,NULL,''),(710,788,5,NULL,''),(711,789,5,NULL,''),(712,790,5,NULL,''),(713,791,5,NULL,''),(714,792,5,NULL,''),(715,793,5,NULL,''),(716,794,5,NULL,''),(717,795,5,NULL,''),(718,796,5,NULL,''),(719,797,5,NULL,''),(720,798,5,NULL,''),(721,799,5,NULL,''),(722,800,5,NULL,''),(723,801,5,NULL,''),(724,802,5,NULL,''),(725,803,5,NULL,''),(726,804,5,NULL,''),(727,805,5,NULL,''),(728,806,5,NULL,''),(729,807,5,NULL,''),(730,809,5,NULL,''),(731,810,5,NULL,''),(732,811,5,NULL,''),(733,812,5,NULL,''),(734,813,5,NULL,''),(735,814,5,NULL,''),(736,815,5,NULL,''),(737,816,5,NULL,''),(738,817,5,NULL,''),(739,818,5,NULL,''),(740,819,5,NULL,''),(741,820,5,NULL,''),(742,822,5,NULL,''),(743,823,5,NULL,''),(744,824,5,NULL,''),(745,825,5,NULL,''),(746,826,5,NULL,''),(747,827,5,NULL,''),(748,828,5,NULL,''),(749,829,5,NULL,''),(750,830,5,NULL,''),(751,831,5,NULL,''),(752,832,5,NULL,''),(753,833,5,NULL,''),(754,834,5,NULL,''),(755,835,5,NULL,''),(756,837,5,NULL,''),(757,838,5,NULL,''),(758,839,5,NULL,''),(759,840,5,NULL,''),(760,841,1,NULL,''),(761,842,1,NULL,''),(762,843,1,NULL,''),(763,876,5,NULL,''),(764,877,5,NULL,''),(765,878,5,NULL,''),(766,879,5,NULL,''),(767,880,5,NULL,''),(768,881,5,NULL,''),(769,882,5,NULL,''),(770,883,5,NULL,''),(771,884,5,NULL,''),(772,885,5,NULL,''),(773,886,5,NULL,''),(774,887,5,NULL,''),(775,889,5,NULL,''),(776,890,5,NULL,''),(777,891,5,NULL,''),(778,892,5,NULL,''),(779,893,5,NULL,''),(780,895,5,NULL,''),(781,896,5,NULL,''),(782,897,5,NULL,''),(783,898,5,NULL,''),(784,899,5,NULL,''),(785,900,5,NULL,''),(786,901,5,NULL,''),(787,902,5,NULL,''),(788,904,5,NULL,''),(789,905,5,NULL,''),(790,906,5,NULL,''),(791,907,5,NULL,''),(792,908,1,NULL,''),(793,909,1,NULL,''),(794,910,1,NULL,''),(795,911,1,NULL,''),(796,912,1,NULL,''),(797,913,1,NULL,''),(798,914,1,NULL,''),(799,915,1,NULL,''),(800,916,5,NULL,''),(801,917,1,NULL,''),(802,918,1,NULL,''),(803,919,1,NULL,''),(804,920,1,NULL,''),(805,921,1,NULL,''),(806,922,1,NULL,''),(807,923,1,NULL,''),(808,924,1,NULL,''),(809,925,1,NULL,''),(810,926,1,NULL,''),(811,927,1,NULL,''),(812,928,1,NULL,''),(813,929,1,NULL,''),(814,930,1,NULL,''),(815,931,1,NULL,''),(816,932,1,NULL,''),(817,933,1,NULL,''),(818,934,1,NULL,''),(819,935,1,NULL,''),(820,936,1,NULL,''),(821,937,1,NULL,''),(822,938,1,NULL,''),(823,939,1,NULL,''),(824,940,1,NULL,''),(825,941,1,NULL,''),(826,942,1,NULL,''),(827,943,1,NULL,''),(828,944,1,NULL,''),(829,945,1,NULL,''),(830,946,1,NULL,''),(831,947,1,NULL,''),(832,948,1,NULL,''),(833,949,1,NULL,''),(834,950,5,NULL,''),(835,951,1,NULL,''),(836,952,1,NULL,''),(837,953,1,NULL,''),(838,954,1,NULL,''),(839,955,1,NULL,''),(840,956,1,NULL,''),(841,957,1,NULL,''),(842,958,1,NULL,''),(843,959,1,NULL,''),(844,961,1,NULL,''),(845,962,1,NULL,''),(846,963,1,NULL,''),(847,964,1,NULL,''),(848,965,1,NULL,''),(849,966,1,NULL,''),(850,967,1,NULL,''),(851,968,1,NULL,''),(852,970,1,NULL,''),(853,971,1,NULL,''),(854,972,1,NULL,''),(855,973,19,NULL,''),(856,974,1,NULL,''),(857,975,5,NULL,''),(858,976,5,NULL,''),(859,977,5,NULL,''),(860,978,5,NULL,''),(861,979,1,NULL,''),(862,982,18,NULL,''),(863,984,5,NULL,''),(864,985,5,NULL,''),(865,986,5,NULL,''),(866,987,5,NULL,''),(867,988,5,NULL,''),(868,989,5,NULL,''),(869,990,5,NULL,''),(870,991,5,NULL,''),(871,992,5,NULL,''),(872,993,5,NULL,''),(873,994,5,NULL,''),(874,995,5,NULL,''),(875,996,5,NULL,''),(876,997,5,NULL,''),(877,998,5,NULL,''),(878,1000,5,NULL,''),(879,1001,5,NULL,''),(880,1002,18,NULL,''),(881,1003,5,NULL,''),(882,1004,5,NULL,''),(883,1005,5,NULL,''),(884,1006,5,NULL,''),(885,1007,5,NULL,''),(886,1008,5,NULL,''),(887,1009,5,NULL,''),(888,1010,5,NULL,''),(889,1011,5,NULL,''),(1026,1012,5,NULL,''),(1028,1013,5,NULL,''),(1029,1014,5,NULL,''),(1030,999,5,NULL,''),(1031,1015,5,NULL,''),(1032,1016,5,NULL,''),(1033,1017,5,NULL,''),(1034,1018,5,NULL,''),(1035,1019,5,NULL,''),(1036,1020,5,NULL,''),(1037,1021,5,NULL,''),(1038,1022,5,NULL,''),(1039,983,5,NULL,''),(1040,980,5,NULL,''),(1043,1023,5,NULL,''),(1044,1024,5,NULL,NULL),(1045,1025,5,NULL,NULL),(1046,1026,5,NULL,NULL),(1047,1027,5,NULL,NULL),(1048,1028,5,NULL,NULL),(1049,1029,5,NULL,NULL),(1050,1030,5,NULL,NULL),(1051,1031,5,NULL,NULL),(1052,1032,5,NULL,NULL),(1053,1033,5,NULL,NULL),(1054,1034,5,NULL,NULL),(1055,1035,5,NULL,NULL),(1056,1036,5,NULL,NULL),(1057,1037,5,NULL,NULL),(1058,1038,5,NULL,NULL),(1059,1039,5,NULL,NULL),(1060,1040,5,NULL,NULL),(1061,1041,5,NULL,NULL),(1062,1042,5,NULL,NULL),(1075,93,2,2022,''),(1078,1043,5,NULL,''),(1079,1044,5,NULL,''),(1080,1045,5,NULL,''),(1081,1050,NULL,NULL,NULL),(1082,1046,NULL,NULL,NULL),(1083,1046,5,NULL,NULL),(1084,1047,5,NULL,NULL),(1085,1048,5,NULL,NULL),(1086,1049,5,NULL,NULL),(1087,1050,5,NULL,NULL),(1088,1051,5,NULL,NULL),(1089,1052,5,NULL,NULL),(1090,1053,5,NULL,NULL),(1099,1055,5,NULL,NULL),(1100,1056,5,NULL,NULL),(1101,1057,5,NULL,NULL),(1102,1058,5,NULL,NULL),(1103,1059,5,NULL,NULL),(1104,1060,5,NULL,NULL),(1105,1054,5,NULL,NULL),(1107,1062,5,NULL,NULL),(1108,1063,5,NULL,NULL),(1109,1064,5,NULL,NULL),(1110,1065,5,NULL,NULL),(1111,1066,5,NULL,NULL),(1112,1067,5,NULL,NULL),(1114,1068,5,NULL,NULL),(1115,1069,5,NULL,NULL),(1116,1070,5,NULL,NULL),(1117,1071,5,NULL,NULL),(1118,1072,5,NULL,NULL),(1119,1073,5,NULL,NULL),(1120,1074,5,NULL,NULL),(1121,1077,5,NULL,''),(1130,1082,5,NULL,''),(1131,1081,5,NULL,''),(1132,109,5,NULL,NULL),(1133,1075,5,NULL,NULL),(1134,1076,5,NULL,NULL),(1135,1078,5,NULL,NULL),(1136,1079,5,NULL,NULL),(1137,1080,5,NULL,NULL),(1141,1085,5,NULL,NULL),(1142,1086,5,NULL,NULL),(1143,1087,5,NULL,NULL),(1144,1088,5,NULL,NULL),(1145,1089,5,NULL,NULL),(1146,1090,5,NULL,NULL),(1147,1091,5,NULL,NULL),(1148,1092,5,NULL,NULL),(1149,1093,5,NULL,NULL),(1150,1094,5,NULL,NULL);
/*!40000 ALTER TABLE `satz_erprobt` ENABLE KEYS */;
UNLOCK TABLES;

--
-- Table structure for table `satz_lookup`
--

DROP TABLE IF EXISTS `satz_lookup`;
/*!40101 SET @saved_cs_client     = @@character_set_client */;
/*!40101 SET character_set_client = utf8 */;
CREATE TABLE `satz_lookup` (
  `ID` int(11) NOT NULL AUTO_INCREMENT,
  `SatzID` int(11) unsigned NOT NULL,
  `LookupID` int(11) NOT NULL,
  PRIMARY KEY (`ID`),
  UNIQUE KEY `uc_satz_lookup` (`SatzID`,`LookupID`),
  KEY `LookupID` (`LookupID`),
  CONSTRAINT `satz_lookup_ibfk_1` FOREIGN KEY (`SatzID`) REFERENCES `satz` (`ID`),
  CONSTRAINT `satz_lookup_ibfk_2` FOREIGN KEY (`SatzID`) REFERENCES `satz` (`ID`),
  CONSTRAINT `satz_lookup_ibfk_3` FOREIGN KEY (`LookupID`) REFERENCES `lookup` (`ID`)
) ENGINE=InnoDB AUTO_INCREMENT=5038 DEFAULT CHARSET=utf8;
/*!40101 SET character_set_client = @saved_cs_client */;

--
-- Dumping data for table `satz_lookup`
--

LOCK TABLES `satz_lookup` WRITE;
/*!40000 ALTER TABLE `satz_lookup` DISABLE KEYS */;
INSERT INTO `satz_lookup` VALUES (1,1,11),(191,1,47),(340,1,65),(371,1,69),(411,1,74),(482,1,90),(995,1,124),(997,1,125),(1066,1,142),(1637,1,216),(2,5,10),(192,5,47),(315,5,65),(394,5,69),(426,5,76),(496,5,90),(1628,5,187),(3,6,5),(64,6,17),(193,6,51),(380,6,69),(488,6,90),(1051,6,131),(1635,6,215),(4737,6,339),(7,7,5),(6,7,10),(65,7,33),(245,7,61),(291,7,65),(366,7,69),(424,7,76),(479,7,90),(1629,7,187),(4738,7,333),(66,8,16),(259,8,62),(363,8,69),(493,8,90),(1050,8,131),(1630,8,187),(332,10,65),(542,10,91),(565,10,96),(708,10,107),(737,10,109),(1032,10,129),(1640,10,218),(8,11,11),(308,11,65),(418,11,74),(525,11,91),(546,11,93),(589,11,96),(625,11,103),(690,11,107),(735,11,109),(1015,11,129),(1641,11,218),(68,12,33),(250,12,62),(284,12,65),(510,12,91),(575,12,96),(615,12,103),(665,12,104),(679,12,105),(720,12,107),(1043,12,129),(1642,12,218),(4733,12,333),(69,13,18),(348,13,67),(430,13,78),(537,13,91),(560,13,96),(702,13,107),(1026,13,129),(1643,13,218),(71,14,18),(265,14,62),(324,14,65),(414,14,74),(520,14,91),(584,14,96),(614,14,103),(652,14,104),(675,14,105),(684,14,107),(1010,14,129),(1644,14,218),(10,15,1),(11,15,11),(73,15,18),(256,15,62),(300,15,65),(355,15,67),(504,15,91),(570,15,96),(632,15,103),(639,15,104),(714,15,107),(1038,15,129),(1645,15,218),(12,16,11),(74,16,18),(75,16,23),(341,16,65),(358,16,68),(594,16,96),(622,16,103),(696,16,107),(1021,16,129),(1646,16,218),(14,18,6),(13,18,11),(77,18,18),(194,18,50),(247,18,62),(316,18,65),(351,18,67),(531,18,91),(580,18,96),(611,18,103),(661,18,104),(726,18,107),(1004,18,129),(1647,18,218),(15,19,11),(79,19,22),(292,19,65),(409,19,74),(607,19,101),(629,19,103),(648,19,104),(682,19,105),(709,19,107),(1033,19,129),(1648,19,218),(17,20,6),(16,20,11),(81,20,18),(196,20,50),(195,20,54),(226,20,59),(262,20,62),(515,20,91),(566,20,96),(619,20,103),(670,20,104),(691,20,107),(1016,20,129),(1649,20,218),(18,21,11),(83,21,18),(82,21,21),(333,21,65),(346,21,67),(543,21,91),(721,21,107),(1044,21,129),(1650,21,218),(19,22,11),(253,22,62),(309,22,65),(354,22,67),(417,22,74),(526,22,91),(590,22,96),(635,22,103),(657,22,104),(703,22,107),(1027,22,129),(1651,22,218),(4734,22,333),(21,23,11),(85,23,18),(285,23,65),(413,23,74),(576,23,96),(626,23,103),(685,23,107),(1011,23,129),(1652,23,218),(22,24,4),(268,24,62),(325,24,65),(387,24,69),(511,24,91),(561,24,96),(616,24,103),(644,24,104),(715,24,107),(1132,24,109),(1039,24,129),(1653,24,218),(4735,24,333),(88,25,23),(301,25,65),(374,25,69),(408,25,74),(538,25,91),(585,25,96),(633,25,103),(666,25,104),(697,25,107),(1022,25,129),(1654,25,218),(24,26,11),(91,26,18),(90,26,37),(197,26,50),(342,26,65),(350,26,67),(521,26,91),(571,26,96),(653,26,104),(727,26,107),(1005,26,129),(1655,26,218),(93,27,18),(92,27,37),(317,27,65),(357,27,67),(505,27,91),(595,27,96),(623,27,103),(710,27,107),(1034,27,129),(1656,27,218),(25,28,11),(95,28,18),(199,28,50),(198,28,54),(237,28,59),(260,28,62),(293,28,65),(532,28,91),(612,28,103),(692,28,107),(1017,28,129),(1657,28,218),(96,29,19),(334,29,65),(359,29,69),(516,29,91),(581,29,96),(630,29,103),(640,29,104),(722,29,107),(1045,29,129),(1658,29,218),(97,30,37),(310,30,65),(353,30,67),(544,30,91),(552,30,93),(567,30,96),(662,30,104),(1028,30,129),(1659,30,218),(99,31,18),(100,31,37),(286,31,65),(416,31,74),(591,31,96),(620,31,103),(704,31,107),(1012,31,129),(1660,31,218),(101,32,37),(326,32,65),(383,32,69),(412,32,74),(527,32,91),(549,32,93),(577,32,96),(649,32,104),(686,32,107),(1040,32,129),(1661,32,218),(26,33,11),(200,33,48),(201,33,50),(231,33,59),(302,33,65),(369,33,69),(506,33,91),(562,33,96),(636,33,103),(671,33,104),(678,33,105),(716,33,107),(1023,33,129),(1662,33,218),(28,34,3),(251,34,62),(343,34,65),(349,34,67),(533,34,91),(586,34,96),(627,34,103),(698,34,107),(1000,34,127),(1006,34,129),(1663,34,218),(29,35,11),(104,35,19),(105,35,37),(318,35,65),(356,35,67),(517,35,91),(572,35,96),(617,35,103),(728,35,107),(734,35,109),(1035,35,129),(1664,35,218),(30,36,11),(106,36,18),(294,36,65),(501,36,91),(596,36,96),(658,36,104),(711,36,107),(1018,36,129),(1665,36,218),(31,37,11),(335,37,65),(392,37,69),(528,37,91),(582,37,96),(634,37,103),(645,37,104),(693,37,107),(1046,37,129),(1666,37,218),(202,38,53),(311,38,65),(352,38,67),(400,38,71),(428,38,76),(485,38,90),(1060,38,138),(1062,38,144),(1631,38,187),(4739,38,333),(109,39,31),(110,39,39),(266,39,62),(287,39,65),(378,39,69),(499,39,90),(1054,39,134),(1632,39,187),(111,40,20),(327,40,65),(512,40,91),(556,40,95),(601,40,97),(667,40,104),(723,40,107),(1131,40,109),(1029,40,129),(1049,40,130),(1667,40,218),(303,41,65),(364,41,69),(539,41,91),(568,41,96),(599,41,97),(654,41,104),(705,41,107),(1127,41,109),(1007,41,129),(1668,41,218),(344,42,65),(522,42,91),(554,42,93),(558,42,95),(592,42,96),(602,42,97),(610,42,102),(624,42,103),(641,42,104),(687,42,107),(1128,42,109),(1036,42,129),(1048,42,130),(1067,42,143),(1669,42,218),(112,43,20),(319,43,65),(404,43,73),(507,43,91),(551,43,93),(1126,43,95),(578,43,96),(600,43,97),(613,43,103),(663,43,104),(1129,43,109),(1019,43,129),(1047,43,130),(113,44,21),(114,44,33),(295,44,65),(388,44,69),(491,44,90),(1002,44,129),(1670,44,218),(203,45,52),(257,45,62),(328,45,65),(375,45,69),(483,45,90),(1030,45,129),(1671,45,218),(116,46,21),(115,46,35),(304,46,65),(360,46,69),(419,46,74),(497,46,90),(1013,46,129),(1672,46,218),(117,47,21),(204,47,49),(248,47,62),(280,47,65),(384,47,69),(489,47,90),(1041,47,129),(1673,47,218),(118,48,29),(119,48,42),(205,48,49),(263,48,62),(320,48,65),(370,48,69),(480,48,90),(1024,48,129),(1674,48,218),(296,49,65),(415,49,74),(494,49,90),(1008,49,129),(1675,49,218),(336,50,65),(393,50,69),(486,50,90),(1037,50,129),(1676,50,218),(312,51,65),(379,51,69),(500,51,90),(1020,51,129),(1677,51,218),(288,52,65),(365,52,69),(492,52,90),(1003,52,129),(1678,52,218),(329,53,65),(389,53,69),(484,53,90),(1031,53,129),(1679,53,218),(120,54,33),(305,54,65),(376,54,69),(402,54,72),(498,54,90),(1014,54,129),(1680,54,218),(281,55,65),(361,55,69),(410,55,74),(490,55,90),(1042,55,129),(1681,55,218),(122,56,32),(121,56,33),(321,56,65),(385,56,69),(399,56,71),(481,56,90),(1025,56,129),(1682,56,218),(125,57,32),(123,57,33),(124,57,36),(254,57,62),(297,57,65),(372,57,69),(495,57,90),(1507,57,107),(1009,57,129),(1683,57,218),(127,58,16),(243,58,60),(337,58,65),(395,58,69),(429,58,77),(487,58,90),(1638,58,217),(128,64,18),(224,64,59),(269,64,62),(534,64,91),(563,64,96),(650,64,104),(717,64,107),(5018,64,186),(5020,65,3),(206,65,50),(235,65,59),(261,65,62),(518,65,91),(548,65,93),(587,65,96),(604,65,103),(672,65,104),(699,65,107),(5021,65,186),(5019,65,284),(131,66,18),(229,66,59),(252,66,62),(502,66,91),(573,66,96),(659,66,104),(729,66,107),(5024,66,186),(5022,66,195),(5023,66,284),(5025,66,289),(4578,66,328),(5026,67,69),(529,67,91),(553,67,93),(597,67,96),(603,67,103),(646,67,104),(712,67,107),(996,67,124),(5029,67,242),(5028,67,332),(5035,68,11),(134,68,27),(240,68,59),(267,68,62),(377,68,69),(513,68,91),(545,68,92),(579,68,96),(609,68,101),(631,68,103),(668,68,104),(674,68,105),(694,68,107),(5036,68,186),(5030,68,242),(5032,68,245),(5031,68,251),(5034,68,259),(5033,68,342),(5037,68,359),(233,69,59),(306,69,65),(278,69,69),(540,69,91),(724,69,107),(1547,69,109),(994,69,123),(1689,69,218),(33,70,9),(282,70,65),(362,70,69),(523,70,91),(550,70,93),(564,70,96),(605,70,103),(655,70,104),(706,70,107),(1130,70,109),(993,70,122),(1690,70,218),(227,71,59),(258,71,62),(322,71,65),(508,71,91),(621,71,103),(642,71,104),(688,71,107),(1691,71,218),(238,72,59),(249,72,62),(386,72,69),(535,72,91),(588,72,96),(660,72,104),(718,72,107),(1692,72,218),(4640,72,334),(1367,73,6),(232,73,59),(298,73,65),(519,73,91),(574,73,96),(647,73,104),(700,73,107),(990,73,121),(992,73,122),(1693,73,218),(35,74,7),(1370,74,27),(225,74,59),(338,74,65),(503,74,91),(1369,74,101),(681,74,105),(730,74,107),(1065,74,141),(1694,74,218),(4639,74,333),(1368,75,6),(236,75,59),(314,75,65),(373,75,69),(559,75,96),(608,75,101),(669,75,104),(677,75,105),(713,75,107),(1057,75,136),(1695,75,218),(230,76,59),(264,76,62),(290,76,65),(396,76,69),(530,76,91),(583,76,96),(637,76,103),(656,76,104),(673,76,105),(695,76,107),(1696,76,218),(255,77,62),(331,77,65),(382,77,69),(423,77,76),(514,77,91),(643,77,104),(725,77,107),(1697,77,218),(241,78,59),(398,78,70),(541,78,91),(707,78,107),(1698,78,218),(234,79,59),(307,79,65),(368,79,69),(524,79,91),(664,79,104),(680,79,105),(689,79,107),(1699,79,218),(228,80,59),(270,80,62),(283,80,65),(509,80,91),(569,80,96),(651,80,104),(676,80,105),(683,80,106),(1700,80,218),(323,109,65),(391,109,69),(536,109,91),(547,109,93),(593,109,96),(628,109,103),(638,109,104),(719,109,107),(1701,109,218),(244,565,61),(299,565,65),(339,566,65),(218,567,33),(421,568,75),(276,569,69),(347,570,67),(420,570,75),(219,572,33),(220,573,58),(406,574,73),(279,575,69),(618,575,103),(221,576,33),(246,576,61),(222,577,33),(223,579,33),(277,580,69),(598,581,97),(1122,637,156),(1123,637,157),(1120,638,156),(1121,638,157),(1134,722,103),(1504,722,107),(1135,722,124),(1136,722,163),(1138,722,164),(1137,722,165),(1139,722,166),(2687,723,69),(1140,723,91),(1142,723,103),(1505,723,107),(1143,723,124),(1146,723,163),(1144,723,167),(1145,723,168),(2755,723,226),(2696,724,69),(1149,724,75),(2691,724,91),(2694,724,93),(2693,724,96),(2689,724,97),(2695,724,103),(2692,724,107),(2690,724,109),(1150,724,163),(2697,724,165),(1153,725,75),(2698,725,91),(2704,725,93),(2702,725,96),(2703,725,107),(2699,725,109),(1152,725,163),(2705,725,165),(2701,725,168),(1154,726,35),(2711,726,48),(1155,726,69),(2708,726,93),(2709,726,97),(2707,726,103),(2706,726,107),(1158,726,163),(2710,726,165),(1156,726,169),(1157,726,170),(2712,726,171),(2713,726,184),(2719,727,48),(2721,727,75),(2714,727,91),(2716,727,103),(2715,727,107),(1159,727,163),(2717,727,165),(2720,727,167),(2718,727,221),(2756,727,226),(2730,728,48),(2731,728,52),(1160,728,61),(2726,728,91),(2725,728,96),(2722,728,107),(2723,728,109),(1161,728,163),(2732,728,164),(2727,728,165),(2724,728,168),(2729,728,221),(2728,728,222),(2736,729,93),(2734,729,96),(2735,729,107),(1162,729,142),(1163,729,163),(2733,729,180),(2737,729,222),(1164,730,35),(2746,730,48),(2747,730,52),(2742,730,91),(2741,730,96),(2744,730,103),(2740,730,107),(2739,730,109),(1165,730,163),(2748,730,164),(2738,730,168),(1166,730,171),(1167,730,172),(1172,730,174),(2743,730,205),(2745,730,222),(2749,730,225),(2750,731,91),(2752,731,96),(1171,731,105),(2751,731,107),(1170,731,123),(1169,731,163),(1168,731,173),(2753,731,219),(2754,731,226),(1174,732,21),(2028,732,93),(2030,732,96),(2029,732,103),(2026,732,107),(2027,732,109),(2031,732,165),(2032,732,172),(1173,732,175),(2038,733,60),(1175,733,73),(2034,733,93),(2033,733,96),(2035,733,97),(2037,733,107),(2036,733,109),(1176,733,175),(2039,734,103),(1178,734,169),(1177,734,175),(2065,734,214),(2040,734,221),(2046,735,2),(2047,735,48),(2043,735,93),(2041,735,96),(2044,735,97),(2042,735,107),(1180,735,124),(2048,735,164),(2045,735,168),(1181,735,171),(1182,735,172),(1179,735,175),(2058,736,48),(2056,736,61),(2059,736,77),(2054,736,93),(2053,736,96),(2051,736,97),(2049,736,107),(2050,736,109),(2052,736,168),(2055,736,171),(2057,736,172),(1186,736,175),(2060,737,103),(1185,737,169),(2061,737,171),(1184,737,175),(2062,737,214),(2063,737,221),(2064,737,223),(2066,738,75),(1745,738,91),(2067,738,172),(1187,738,176),(2068,738,224),(1191,739,73),(1854,739,93),(1853,739,96),(1189,739,175),(1190,739,178),(1193,740,73),(1857,740,93),(1856,740,96),(1855,740,107),(1192,740,175),(1194,741,73),(1859,741,96),(1858,741,107),(1195,741,175),(1197,742,73),(1862,742,93),(1861,742,96),(1860,742,107),(1196,742,175),(1199,743,73),(1865,743,93),(1863,743,96),(1864,743,107),(1198,743,175),(1201,744,73),(1866,744,96),(1867,744,103),(1868,744,107),(1200,744,175),(1203,745,73),(1869,745,96),(1870,745,103),(1871,745,107),(1202,745,175),(1204,746,73),(1873,746,96),(1872,746,107),(1205,746,175),(1207,747,73),(1875,747,96),(1874,747,107),(1206,747,175),(1208,748,73),(1877,748,96),(1878,748,103),(1876,748,107),(1209,748,175),(1879,749,96),(1881,749,97),(1880,749,107),(1211,749,175),(1882,750,96),(1883,750,97),(1884,750,107),(1212,750,175),(1885,751,93),(1886,751,96),(1213,751,175),(1888,752,93),(1887,752,96),(1214,752,175),(1889,753,91),(1890,753,96),(1891,753,97),(1215,753,175),(1892,754,91),(1893,754,96),(1216,754,175),(1895,755,91),(1894,755,96),(1896,755,107),(1897,755,109),(1217,755,175),(1219,756,62),(1901,756,95),(1898,756,96),(1900,756,97),(1899,756,107),(1903,756,165),(1218,756,175),(1220,756,179),(1904,756,221),(1905,757,96),(1906,757,97),(1222,757,169),(1221,757,175),(1907,758,103),(1282,758,127),(1223,758,175),(1908,758,214),(1226,759,69),(1912,759,93),(1910,759,96),(1911,759,97),(1909,759,107),(1225,759,175),(1228,760,69),(1915,760,96),(1913,760,107),(1914,760,109),(1227,760,175),(1229,760,180),(1916,761,103),(1917,761,107),(1230,761,175),(1919,762,93),(1918,762,96),(1231,762,175),(1922,763,93),(1920,763,96),(1921,763,97),(1923,763,123),(1232,763,175),(1234,764,48),(1942,764,75),(1925,764,91),(1926,764,96),(1927,764,97),(1924,764,107),(1233,764,175),(1236,765,61),(1941,765,75),(1932,765,77),(1929,765,91),(1930,765,96),(1928,765,107),(1931,765,109),(1235,765,175),(1237,765,181),(1940,766,75),(1933,766,91),(1934,766,107),(1935,766,109),(1239,766,123),(1238,766,175),(1939,767,75),(1936,767,91),(1937,767,107),(1938,767,109),(1241,767,123),(1240,767,175),(1243,768,71),(1244,768,74),(1944,768,91),(1945,768,107),(1946,768,109),(1242,768,175),(1249,769,49),(1947,769,91),(1948,769,96),(1949,769,97),(1950,769,107),(1951,769,109),(1246,769,123),(1952,769,165),(1245,769,175),(1247,769,179),(1248,769,182),(1953,769,221),(1251,770,71),(1954,770,91),(1958,770,96),(1955,770,107),(1957,770,109),(1959,770,165),(1956,770,168),(1250,770,175),(1252,770,179),(1253,770,183),(1960,771,77),(1962,771,96),(1963,771,97),(1961,771,107),(1255,771,123),(1254,771,175),(1964,772,91),(1965,772,96),(1966,772,109),(1257,772,123),(1256,772,175),(1967,773,93),(1969,773,95),(1968,773,96),(1970,773,171),(1258,773,175),(1259,773,184),(1262,774,5),(1971,774,96),(1972,774,107),(1973,774,109),(1260,774,175),(1261,774,182),(1977,775,93),(1976,775,96),(1974,775,97),(1975,775,109),(1263,775,175),(1978,775,222),(1981,776,93),(1979,776,96),(1980,776,97),(1264,776,175),(1982,776,222),(1269,777,21),(1268,777,74),(1996,777,77),(1987,777,93),(1983,777,96),(1986,777,97),(1984,777,107),(1985,777,109),(1267,777,123),(1265,777,175),(1988,777,221),(1989,777,222),(1994,778,77),(1990,778,96),(1991,778,107),(1992,778,109),(1995,778,165),(1993,778,168),(1271,778,171),(1270,778,175),(1275,779,49),(2017,779,75),(1371,779,76),(1998,779,91),(1997,779,96),(2000,779,107),(2001,779,109),(2003,779,165),(2002,779,168),(1273,779,175),(1999,779,219),(2004,779,221),(1278,780,62),(1277,780,71),(2007,780,96),(2005,780,103),(2006,780,107),(2009,780,109),(2013,780,164),(2012,780,165),(2008,780,168),(2014,780,171),(1279,780,172),(1276,780,175),(2011,780,221),(2010,780,222),(2021,781,75),(2015,781,91),(2016,781,107),(2019,781,109),(2025,781,164),(2024,781,165),(2020,781,168),(1281,781,172),(1280,781,175),(2018,781,219),(2022,781,221),(2023,781,222),(1284,782,2),(1286,782,61),(1285,782,76),(1283,782,127),(1294,782,186),(1290,783,61),(1291,783,76),(1289,783,179),(1295,783,186),(1288,783,188),(1300,784,62),(1299,784,127),(1298,784,142),(1301,784,172),(1293,784,186),(1297,784,189),(1303,785,3),(1304,785,76),(1302,785,190),(1307,786,69),(1510,786,93),(1509,786,96),(1508,786,107),(1306,786,142),(1305,786,163),(1309,787,69),(1513,787,96),(1512,787,103),(1511,787,107),(1310,787,142),(1514,787,171),(1308,787,191),(1314,788,69),(1517,788,91),(1516,788,93),(1519,788,97),(1515,788,107),(1312,788,142),(1313,788,171),(1311,788,191),(1317,789,69),(1521,789,96),(1522,789,104),(1520,789,107),(1316,789,142),(1315,789,191),(1320,790,33),(1319,790,69),(1525,790,91),(1523,790,96),(1524,790,107),(1318,790,163),(1526,790,205),(1529,791,93),(1528,791,96),(1527,791,107),(1530,791,109),(1532,791,171),(1322,791,184),(1321,791,192),(1531,791,213),(1536,792,93),(1533,792,96),(1537,792,97),(1534,792,107),(1538,792,109),(1324,792,124),(3570,792,164),(1539,792,171),(1323,792,193),(1535,792,213),(1328,793,69),(1541,793,103),(1540,793,107),(1327,793,142),(1326,793,163),(1542,793,171),(1543,793,214),(1331,794,69),(1545,794,95),(1544,794,97),(1548,794,107),(1546,794,109),(1329,794,191),(1330,794,195),(1550,794,213),(1557,795,69),(1554,795,93),(1553,795,96),(1555,795,97),(1552,795,107),(1333,795,124),(1558,795,142),(1556,795,171),(1332,795,191),(1335,795,196),(1551,795,213),(1337,796,3),(1338,796,69),(1560,796,103),(1559,796,107),(1563,796,109),(1339,796,142),(1336,796,163),(1562,796,171),(1561,796,205),(1564,796,214),(1341,797,61),(1570,797,93),(1566,797,96),(1568,797,97),(1565,797,107),(1571,797,109),(1340,797,192),(1567,797,205),(1569,797,213),(1572,798,107),(1574,798,109),(1343,798,197),(1573,798,213),(1575,799,91),(1345,799,105),(1576,799,107),(1344,799,199),(1577,800,96),(1580,800,103),(1578,800,107),(1581,800,109),(1347,800,124),(1582,800,171),(1346,800,191),(1579,800,205),(1583,801,91),(1363,801,92),(1584,801,96),(1586,801,103),(1585,801,107),(1350,801,124),(1348,801,163),(1587,801,171),(1353,802,69),(1590,802,96),(1591,802,103),(1588,802,107),(1592,802,109),(1352,802,171),(1351,802,184),(1354,802,199),(1589,802,205),(1599,803,91),(1600,803,93),(1593,803,95),(1597,803,96),(1594,803,97),(1596,803,107),(1595,803,109),(1355,803,191),(1356,803,200),(1598,803,205),(1358,804,33),(1606,804,91),(1601,804,95),(1605,804,96),(1602,804,97),(1607,804,103),(1609,804,104),(1608,804,105),(1604,804,107),(1603,804,109),(1357,804,163),(1610,804,171),(1360,805,33),(1615,805,91),(1613,805,93),(1612,805,96),(1611,805,97),(1616,805,103),(1614,805,107),(1359,805,163),(1621,806,69),(1618,806,91),(1620,806,96),(1617,806,107),(1361,806,191),(1619,806,205),(1627,807,69),(1622,807,91),(1624,807,93),(1626,807,96),(1623,807,107),(1365,807,124),(1362,807,163),(1364,807,201),(1625,807,205),(1704,809,91),(1703,809,104),(1705,809,171),(1372,809,202),(1373,809,204),(1708,810,91),(1706,810,96),(1707,810,107),(1374,810,163),(1712,811,74),(1710,811,91),(1711,811,96),(1709,811,107),(1375,811,163),(1715,812,91),(1714,812,104),(1713,812,107),(1377,812,191),(1376,812,205),(1716,812,219),(1721,813,74),(1720,813,91),(1718,813,96),(1717,813,107),(1378,813,163),(1719,813,205),(1722,814,91),(1723,814,107),(1725,814,109),(1724,814,171),(1379,814,191),(1726,814,219),(1728,815,96),(1727,815,107),(1730,815,109),(1380,815,191),(1381,815,195),(1729,815,205),(1734,816,74),(1731,816,91),(1733,816,96),(1732,816,107),(1735,816,109),(1382,816,191),(1739,817,74),(1738,817,91),(1737,817,96),(1736,817,107),(1383,817,206),(1740,818,91),(1742,818,104),(1744,818,171),(1741,818,204),(1384,818,206),(1743,818,219),(1506,819,107),(1385,819,206),(1748,820,91),(1747,820,96),(1746,820,107),(1387,820,193),(1750,821,91),(1752,821,96),(1749,821,107),(1751,821,109),(1388,821,191),(1389,822,3),(1393,822,62),(1392,822,71),(1756,822,91),(1754,822,107),(1755,822,109),(1391,822,123),(1390,822,193),(1395,822,195),(1753,822,205),(1763,823,74),(1758,823,96),(1760,823,103),(1757,823,107),(1761,823,109),(1762,823,171),(1394,823,193),(1759,823,205),(1765,824,96),(1766,824,103),(1764,824,107),(1767,824,109),(1774,824,123),(1396,824,163),(1502,825,35),(1772,825,69),(1773,825,74),(1771,825,91),(1769,825,96),(1768,825,107),(1770,825,109),(1397,825,163),(1400,826,33),(1402,826,74),(1775,826,91),(1782,826,93),(1779,826,97),(1780,826,103),(1776,826,107),(1778,826,109),(1399,826,163),(1401,826,167),(1781,826,171),(1777,826,219),(1405,827,27),(1407,827,61),(1404,827,62),(1406,827,77),(1784,827,96),(1783,827,107),(1785,827,109),(1403,827,191),(1786,827,205),(1787,828,96),(1789,828,103),(1788,828,107),(1790,828,109),(1793,828,123),(1791,828,171),(1409,828,184),(1408,828,192),(1792,828,205),(1411,829,74),(1794,829,91),(1796,829,96),(1795,829,107),(1410,829,193),(1797,829,219),(1413,830,3),(1414,830,74),(1798,830,96),(1412,830,193),(1800,830,205),(1799,830,213),(1416,831,74),(1801,831,91),(1802,831,107),(1415,831,191),(1417,831,195),(1803,831,205),(1804,831,219),(1419,832,74),(1805,832,91),(1809,832,96),(1807,832,103),(1808,832,107),(1810,832,171),(1418,832,191),(1806,832,205),(1420,833,27),(1421,833,62),(1813,833,96),(1811,833,103),(1815,833,105),(1812,833,107),(1816,833,171),(1423,833,207),(1424,833,208),(1814,833,220),(1428,834,69),(1817,834,91),(1426,834,107),(1819,834,109),(1425,834,163),(1818,834,219),(1433,835,69),(1432,835,74),(1822,835,96),(1824,835,103),(1820,835,107),(1823,835,109),(1429,835,193),(1821,835,205),(1435,836,7),(1434,836,35),(1825,836,91),(1830,836,96),(1829,836,103),(1826,836,107),(1831,836,109),(1436,836,191),(1827,836,205),(1828,836,219),(1442,837,69),(1834,837,91),(1835,837,96),(1832,837,107),(1836,837,109),(1439,837,191),(1833,837,205),(1447,838,69),(1837,838,91),(1838,838,104),(1448,838,171),(1443,838,191),(1444,838,204),(1839,838,219),(1451,839,74),(1840,839,91),(1841,839,107),(1843,839,109),(1449,839,206),(1842,839,219),(1455,840,69),(1456,840,74),(1845,840,91),(1846,840,96),(1847,840,104),(1844,840,107),(1452,840,193),(1848,840,219),(1497,841,96),(1496,841,211),(2769,841,227),(2943,841,235),(1850,842,96),(1849,842,107),(1498,842,163),(1852,843,96),(1851,843,107),(1500,843,191),(2377,876,91),(2378,876,104),(2379,876,171),(2381,876,204),(2384,877,91),(2385,877,96),(2386,877,107),(2392,878,91),(2393,878,96),(2394,878,107),(2398,879,91),(2399,879,104),(2400,879,107),(2401,879,191),(2402,879,205),(2403,879,219),(2406,880,91),(2407,880,96),(2408,880,107),(2410,880,205),(2412,881,91),(2413,881,107),(2414,881,109),(2415,881,171),(2417,881,219),(2419,882,96),(2420,882,107),(2421,882,109),(2424,882,205),(2427,883,91),(2428,883,96),(2429,883,107),(2430,883,109),(2434,884,91),(2435,884,96),(2436,884,107),(2440,885,91),(2441,885,104),(2442,885,171),(2443,885,204),(2445,885,219),(2447,886,107),(2450,887,91),(2451,887,96),(2452,887,107),(2457,888,91),(2458,888,96),(2459,888,107),(2460,888,109),(2467,889,91),(2686,889,93),(2685,889,96),(2468,889,107),(2469,889,109),(2473,889,205),(2480,890,96),(2481,890,103),(2482,890,107),(2483,890,109),(2484,890,171),(2486,890,205),(2494,891,96),(2495,891,103),(2496,891,107),(2497,891,109),(2504,892,91),(2505,892,96),(2506,892,107),(2507,892,109),(2516,893,33),(2518,893,91),(2519,893,93),(2520,893,97),(2521,893,103),(2522,893,107),(2523,893,109),(2526,893,171),(2527,893,219),(2546,895,96),(2547,895,103),(2548,895,107),(2549,895,109),(2551,895,171),(2554,895,205),(2562,896,91),(2563,896,96),(2564,896,107),(2566,896,219),(2570,897,96),(2572,897,205),(2573,897,213),(2576,898,91),(2577,898,107),(2580,898,205),(2581,898,219),(2583,899,91),(2584,899,96),(2585,899,103),(2586,899,107),(2587,899,171),(2589,899,205),(2597,900,27),(2599,900,96),(2600,900,103),(2601,900,105),(2602,900,107),(2603,900,171),(2606,900,220),(2613,901,91),(2614,901,107),(2615,901,109),(2617,901,219),(2621,902,96),(2622,902,103),(2623,902,107),(2624,902,109),(2626,902,205),(2634,903,7),(2635,903,35),(2636,903,91),(2637,903,96),(2638,903,103),(2639,903,107),(2640,903,109),(2642,903,205),(2643,903,219),(2650,904,91),(2651,904,96),(2652,904,107),(2653,904,109),(2655,904,205),(2657,905,91),(2658,905,104),(2659,905,171),(2661,905,204),(2662,905,219),(2664,906,91),(2665,906,107),(2666,906,109),(2668,906,219),(2672,907,91),(2673,907,96),(2674,907,104),(2675,907,107),(2677,907,219),(2758,908,103),(2757,908,211),(2768,908,227),(2944,908,235),(2760,909,96),(2761,909,103),(2759,909,107),(2762,909,124),(2767,909,163),(2766,910,96),(2765,910,103),(2764,910,107),(2763,910,163),(2772,911,103),(2770,911,211),(2771,911,227),(2781,912,48),(2776,912,91),(2775,912,103),(2773,912,107),(2774,912,109),(2778,912,123),(2782,912,165),(2780,912,223),(2779,912,228),(4842,912,348),(2783,913,91),(2784,913,107),(2785,913,163),(2786,913,229),(2787,913,230),(2939,913,235),(2790,914,91),(2791,914,107),(2792,914,230),(2788,914,231),(2789,914,232),(2940,914,236),(2796,915,96),(2795,915,107),(2797,915,109),(2804,915,123),(2793,915,211),(2794,915,227),(2799,916,96),(2798,916,107),(2800,916,109),(2803,916,123),(2802,916,195),(2801,916,229),(2806,917,27),(2807,917,91),(2809,917,105),(2810,917,107),(2808,917,205),(2805,917,233),(2941,917,237),(2813,918,96),(2812,918,107),(2942,918,227),(2811,918,229),(2816,919,61),(2818,919,91),(2819,919,107),(2820,919,109),(2817,919,123),(2815,919,227),(2814,919,229),(2824,920,96),(2827,920,103),(2823,920,107),(2825,920,109),(2822,920,123),(2821,920,229),(2831,921,91),(2830,921,96),(2829,921,107),(2828,921,229),(2835,922,96),(2834,922,107),(2836,922,109),(2833,922,123),(2832,922,234),(2839,923,91),(2841,923,96),(2840,923,107),(2838,923,123),(2837,923,163),(2842,923,235),(2844,924,91),(2846,924,96),(2845,924,107),(2847,924,123),(2843,924,191),(2852,925,91),(2851,925,107),(2853,925,109),(2850,925,123),(2849,925,163),(2848,925,236),(2857,926,91),(2858,926,107),(2859,926,109),(2856,926,163),(2854,926,228),(4841,926,348),(2864,927,93),(2863,927,96),(2862,927,107),(2861,927,163),(2860,927,236),(2870,928,93),(2869,928,96),(2868,928,107),(2867,928,195),(2866,928,198),(2865,928,237),(2874,929,91),(2875,929,103),(2873,929,107),(2872,929,165),(2871,929,237),(2882,930,91),(2881,930,103),(2880,930,107),(2945,930,197),(2879,930,222),(2876,930,238),(2886,931,96),(2887,931,103),(2885,931,107),(2888,931,124),(2884,931,163),(2889,931,221),(2883,931,237),(2891,932,96),(2892,932,103),(2890,932,107),(2893,932,191),(2895,932,195),(2894,932,221),(2900,933,91),(2899,933,105),(2901,933,107),(2902,933,109),(2903,933,123),(2897,933,163),(2898,933,165),(2896,933,239),(2904,934,33),(2909,934,105),(2906,934,107),(2907,934,109),(2910,934,123),(2905,934,165),(2908,934,168),(2911,934,227),(2915,935,91),(2916,935,105),(2917,935,107),(2913,935,163),(2914,935,222),(2912,935,239),(2919,936,91),(2920,936,105),(2921,936,107),(2922,936,222),(2918,936,236),(2927,937,91),(2925,937,107),(2926,937,109),(2929,937,226),(2923,937,240),(2924,937,241),(2928,937,242),(2934,938,91),(2933,938,97),(2931,938,107),(2932,938,109),(2935,938,123),(2938,938,165),(2937,938,226),(2936,938,242),(2930,938,243),(2946,939,96),(2947,939,211),(2948,939,227),(2949,939,235),(2953,940,96),(2954,940,107),(2955,940,163),(3329,941,91),(3330,941,96),(3332,941,163),(3331,941,227),(2959,942,103),(2960,942,211),(2961,942,227),(2962,942,235),(2966,943,96),(2967,943,103),(2968,943,107),(2969,943,124),(2970,943,163),(2973,944,96),(2974,944,103),(2975,944,107),(2976,944,163),(2980,945,103),(2981,945,211),(2982,945,227),(2983,946,48),(2984,946,91),(2985,946,103),(2986,946,107),(2987,946,109),(2988,946,123),(2989,946,165),(2990,946,223),(2991,946,227),(2992,946,228),(2998,947,91),(2999,947,107),(3000,947,163),(3001,947,229),(3002,947,230),(3003,947,235),(3005,948,91),(3006,948,107),(3007,948,230),(3008,948,231),(3009,948,232),(3010,948,236),(3012,949,96),(3013,949,107),(3014,949,109),(3015,949,123),(3016,949,211),(3017,949,227),(3019,950,96),(3020,950,107),(3021,950,109),(3022,950,123),(3023,950,195),(3024,950,229),(3026,951,27),(3027,951,91),(3028,951,105),(3029,951,107),(3030,951,205),(3031,951,233),(3032,951,237),(3033,952,96),(3034,952,107),(3035,952,227),(3036,952,229),(3040,953,61),(3041,953,91),(3042,953,107),(3043,953,109),(3044,953,123),(3045,953,227),(3046,953,229),(3047,954,96),(3048,954,103),(3049,954,107),(3050,954,109),(3051,954,123),(3052,954,229),(3054,955,91),(3055,955,96),(3056,955,107),(3057,955,229),(3061,956,96),(3062,956,107),(3063,956,109),(3064,956,123),(3065,956,234),(3068,957,91),(3069,957,96),(3070,957,107),(3071,957,123),(3072,957,163),(3073,957,235),(3075,958,91),(3076,958,96),(3333,958,107),(3336,958,227),(3335,958,242),(3334,958,253),(3082,959,91),(3083,959,107),(3084,959,109),(3085,959,123),(3086,959,163),(3087,959,236),(3096,961,93),(3097,961,96),(3098,961,107),(3099,961,163),(3100,961,236),(3103,962,93),(3104,962,96),(3105,962,107),(3106,962,195),(3107,962,198),(3108,962,237),(3110,963,91),(3111,963,103),(3112,963,107),(3113,963,165),(3114,963,237),(3117,964,91),(3118,964,103),(3119,964,107),(3337,964,163),(3121,964,222),(3338,964,254),(3124,965,96),(3125,965,103),(3126,965,107),(3127,965,124),(3128,965,163),(3129,965,221),(3130,965,237),(3131,966,96),(3132,966,103),(3133,966,107),(3134,966,191),(3135,966,195),(3136,966,221),(3138,967,91),(3139,967,105),(3140,967,107),(3141,967,109),(3142,967,123),(3143,967,163),(3144,967,165),(3145,967,239),(3153,968,33),(3154,968,105),(3155,968,107),(3156,968,109),(3157,968,123),(3158,968,165),(3159,968,168),(3160,968,227),(3175,970,91),(3176,970,105),(3177,970,107),(3178,970,222),(3179,970,236),(3182,971,91),(3183,971,107),(3184,971,109),(3185,971,226),(3186,971,240),(3187,971,241),(3188,971,242),(3189,972,91),(3190,972,97),(3191,972,107),(3192,972,109),(3193,972,123),(3194,972,165),(3195,972,226),(3196,972,242),(3197,972,243),(3207,973,3),(3205,973,96),(3204,973,107),(3206,973,109),(3208,973,163),(3211,974,91),(3213,974,96),(3212,974,107),(3209,974,191),(3210,974,244),(3220,975,48),(3216,975,91),(3215,975,92),(3217,975,96),(3214,975,107),(3222,975,163),(3221,975,164),(3218,975,165),(3219,975,222),(3224,976,96),(3225,976,103),(3223,976,107),(3226,976,193),(3227,976,245),(3232,977,91),(3230,977,96),(3231,977,107),(3228,977,193),(3229,977,244),(3238,978,69),(3235,978,91),(3234,978,107),(3237,978,109),(3239,978,123),(3233,978,193),(3236,978,213),(3240,978,244),(3241,978,245),(3242,979,107),(3243,979,193),(3244,979,242),(3264,980,48),(3258,980,69),(3261,980,91),(3260,980,96),(3259,980,107),(3265,980,164),(3262,980,213),(3266,980,221),(3263,980,226),(3255,982,3),(3248,982,91),(3249,982,96),(3250,982,105),(3247,982,107),(3246,982,163),(3257,982,168),(3251,982,171),(3253,982,221),(3252,982,223),(3254,982,242),(3245,982,246),(4304,982,279),(3271,983,69),(3268,983,91),(3269,983,104),(3274,983,123),(3272,983,163),(3267,983,204),(3270,983,248),(3273,983,249),(3275,984,49),(3276,984,50),(3278,984,91),(3280,984,103),(3277,984,107),(3279,984,109),(3287,984,163),(3281,984,168),(3282,984,226),(3285,984,242),(3284,984,244),(3283,984,251),(3286,984,252),(3292,985,7),(3291,985,69),(3290,985,96),(3289,985,107),(3288,985,163),(3293,985,245),(3300,986,69),(3299,986,74),(3296,986,91),(3302,986,103),(3295,986,104),(3297,986,107),(3304,986,163),(3301,986,168),(3298,986,171),(3294,986,204),(3306,986,222),(3305,986,223),(3303,986,246),(3313,987,91),(3309,987,103),(3308,987,104),(3311,987,107),(3307,987,163),(3312,987,171),(3310,987,204),(3314,987,244),(3325,988,48),(3320,988,72),(3317,988,91),(3319,988,96),(3318,988,107),(3321,988,123),(3324,988,164),(3327,988,165),(3315,988,193),(3326,988,221),(3328,988,222),(3316,988,242),(3322,988,244),(3323,988,251),(3340,989,91),(3339,989,105),(3341,989,107),(3342,989,109),(3344,989,123),(3345,989,163),(3346,989,222),(3343,989,254),(3347,990,91),(3349,990,105),(3348,990,107),(3351,990,191),(3352,990,222),(3350,990,245),(3359,991,48),(3353,991,91),(3356,991,96),(3357,991,97),(3354,991,107),(3358,991,109),(3360,991,164),(3362,991,165),(3355,991,213),(3361,991,223),(3363,991,244),(3365,991,245),(3364,991,251),(3366,991,255),(3369,992,69),(3371,992,74),(3367,992,91),(3372,992,163),(3368,992,204),(3376,993,69),(3373,993,96),(3375,993,103),(3374,993,107),(3378,993,191),(3377,993,214),(3387,994,48),(3380,994,91),(3384,994,97),(3383,994,103),(3381,994,104),(3382,994,107),(3385,994,109),(3391,994,193),(3386,994,196),(3389,994,221),(3388,994,222),(3390,994,226),(3392,994,242),(3379,994,256),(3394,995,107),(3395,995,191),(3396,995,242),(3397,995,244),(3393,995,257),(3401,996,69),(3399,996,91),(3400,996,96),(3398,996,107),(3404,996,242),(3403,996,244),(3402,996,245),(3413,997,3),(3405,997,91),(3406,997,104),(3408,997,109),(3409,997,168),(3407,997,219),(3412,997,221),(3411,997,225),(3410,997,258),(3419,998,69),(3417,998,91),(3415,998,96),(3416,998,107),(3420,998,163),(3418,998,205),(3414,998,259),(3427,999,69),(3426,999,74),(3424,999,91),(3423,999,96),(3422,999,107),(3429,999,163),(3425,999,205),(3428,999,244),(3421,999,260),(3434,1000,91),(3437,1000,96),(3435,1000,107),(3438,1000,109),(3431,1000,165),(3436,1000,205),(3432,1000,221),(3439,1000,222),(3433,1000,223),(3441,1000,242),(3430,1000,261),(3440,1000,262),(3571,1001,78),(3461,1001,214),(3460,1001,266),(3462,1002,91),(3463,1002,105),(3464,1002,107),(3466,1002,123),(3472,1002,165),(3467,1002,195),(3465,1002,219),(3469,1002,222),(3470,1002,244),(3468,1002,252),(3471,1002,267),(3475,1003,91),(3474,1003,96),(3473,1003,107),(3479,1003,163),(3476,1003,165),(3477,1003,221),(3478,1003,222),(3484,1004,50),(3483,1004,91),(3481,1004,96),(3482,1004,97),(3480,1004,107),(3486,1004,123),(3485,1004,163),(3496,1005,48),(3488,1005,75),(3489,1005,91),(3490,1005,107),(3491,1005,109),(3493,1005,123),(3497,1005,163),(3494,1005,165),(3492,1005,168),(3495,1005,222),(3487,1005,242),(3506,1006,48),(3498,1006,91),(3500,1006,96),(3501,1006,97),(3499,1006,107),(3502,1006,109),(3509,1006,163),(3507,1006,165),(3503,1006,168),(3510,1006,182),(3504,1006,222),(3505,1006,223),(3518,1007,61),(3512,1007,91),(3516,1007,105),(3513,1007,107),(3514,1007,109),(3517,1007,163),(3519,1007,165),(3515,1007,219),(3520,1007,222),(3521,1007,251),(3643,1007,271),(3531,1008,48),(3526,1008,61),(3524,1008,91),(3523,1008,107),(3525,1008,109),(3527,1008,163),(3532,1008,165),(3558,1008,179),(3528,1008,221),(3530,1008,222),(3529,1008,223),(3538,1009,33),(3535,1009,91),(3537,1009,96),(3536,1009,107),(3534,1009,109),(3644,1009,168),(3542,1009,182),(3559,1009,206),(3544,1009,221),(3543,1009,223),(3541,1009,240),(3540,1009,261),(3645,1009,271),(3551,1010,33),(3548,1010,91),(3550,1010,96),(3547,1010,97),(3549,1010,107),(3546,1010,109),(3553,1010,123),(3552,1010,163),(3560,1010,165),(3557,1010,179),(3554,1010,222),(3555,1010,223),(3646,1010,271),(3564,1011,103),(3561,1011,107),(3565,1011,163),(3569,1011,182),(3568,1011,222),(3567,1011,223),(3563,1011,257),(3566,1011,267),(3647,1011,271),(3580,1012,48),(3582,1012,52),(3572,1012,91),(3574,1012,96),(3573,1012,107),(3575,1012,109),(3583,1012,163),(3581,1012,165),(3577,1012,179),(3578,1012,180),(3579,1012,222),(3648,1012,271),(3587,1013,69),(3584,1013,91),(3585,1013,107),(3588,1013,163),(3586,1013,222),(3590,1013,227),(3589,1013,242),(3594,1014,69),(3600,1014,70),(3592,1014,91),(3591,1014,107),(3601,1014,123),(3598,1014,164),(3599,1014,182),(3597,1014,193),(3593,1014,219),(3596,1014,222),(3595,1014,223),(3610,1015,48),(3605,1015,69),(3606,1015,70),(3603,1015,91),(3604,1015,96),(3602,1015,107),(3607,1015,163),(3611,1015,165),(3608,1015,222),(3609,1015,223),(3612,1015,245),(3623,1016,61),(3615,1016,103),(3613,1016,107),(3616,1016,109),(3624,1016,123),(3621,1016,164),(3620,1016,165),(3649,1016,168),(3622,1016,182),(3625,1016,193),(3619,1016,222),(3618,1016,223),(3614,1016,257),(3626,1016,269),(3634,1017,21),(3638,1017,48),(3640,1017,52),(3631,1017,69),(3630,1017,91),(3628,1017,96),(3629,1017,107),(3639,1017,123),(3642,1017,163),(3635,1017,165),(3632,1017,168),(3637,1017,221),(3636,1017,222),(3627,1017,270),(3633,1017,271),(3641,1017,272),(3668,1018,11),(3707,1018,18),(3661,1018,48),(3662,1018,52),(3663,1018,61),(3666,1018,69),(3653,1018,96),(3655,1018,103),(3651,1018,107),(3657,1018,109),(3658,1018,165),(3664,1018,180),(4314,1018,193),(3665,1018,195),(3656,1018,205),(3660,1018,222),(3659,1018,223),(3669,1018,242),(3654,1018,257),(3650,1018,271),(3670,1018,274),(4315,1018,313),(3685,1019,11),(3681,1019,48),(3683,1019,61),(3684,1019,75),(3675,1019,91),(3676,1019,96),(3677,1019,97),(3673,1019,107),(3678,1019,109),(3688,1019,123),(3682,1019,165),(3672,1019,168),(3687,1019,193),(3674,1019,205),(3679,1019,219),(3680,1019,221),(3686,1019,223),(3671,1019,271),(3689,1019,275),(3705,1020,3),(3692,1020,18),(3701,1020,48),(3697,1020,69),(3693,1020,91),(3695,1020,96),(3691,1020,107),(3698,1020,165),(3702,1020,180),(3704,1020,193),(3696,1020,213),(3700,1020,222),(3699,1020,223),(3703,1020,245),(3706,1020,267),(3690,1020,271),(3719,1021,48),(3721,1021,61),(3714,1021,69),(3713,1021,91),(3712,1021,107),(3711,1021,109),(3722,1021,123),(3720,1021,165),(3708,1021,168),(3723,1021,191),(3715,1021,195),(3710,1021,219),(3717,1021,222),(3718,1021,223),(3726,1021,242),(3725,1021,251),(3716,1021,259),(3724,1021,267),(3709,1021,271),(3727,1022,3),(3738,1022,48),(3739,1022,69),(3732,1022,91),(3734,1022,105),(3731,1022,107),(3736,1022,165),(3740,1022,193),(3733,1022,205),(3737,1022,221),(3735,1022,222),(3730,1022,245),(3729,1022,251),(3728,1022,259),(3754,1023,21),(3741,1023,33),(3752,1023,48),(3742,1023,91),(3745,1023,93),(3744,1023,96),(3748,1023,97),(3743,1023,107),(3756,1023,163),(3753,1023,164),(3755,1023,165),(3746,1023,168),(3749,1023,208),(3750,1023,222),(3751,1023,223),(3757,1023,245),(3747,1023,271),(3792,1024,18),(3769,1024,48),(3763,1024,69),(3761,1024,103),(3759,1024,107),(3760,1024,142),(3770,1024,164),(4780,1024,166),(3764,1024,171),(3765,1024,182),(3772,1024,193),(3766,1024,222),(3767,1024,223),(3771,1024,242),(3762,1024,257),(3758,1024,271),(3781,1025,3),(3791,1025,18),(3778,1025,48),(3779,1025,69),(3774,1025,91),(3775,1025,96),(3776,1025,103),(3773,1025,107),(3784,1025,109),(3787,1025,165),(3777,1025,171),(3782,1025,179),(3785,1025,180),(3789,1025,182),(3790,1025,193),(3786,1025,222),(3788,1025,223),(3780,1025,244),(3783,1025,245),(3803,1026,48),(3798,1026,69),(3796,1026,91),(3795,1026,96),(3797,1026,105),(3794,1026,107),(3799,1026,142),(3800,1026,163),(3804,1026,164),(3805,1026,182),(3806,1026,195),(3801,1026,222),(3802,1026,223),(3793,1026,271),(3809,1027,69),(3808,1027,91),(3813,1027,123),(3807,1027,204),(3810,1027,219),(3812,1027,222),(3811,1027,242),(3814,1027,251),(3815,1027,277),(3826,1028,48),(3819,1028,69),(3816,1028,91),(3818,1028,96),(3817,1028,107),(3820,1028,109),(3823,1028,142),(3827,1028,164),(3828,1028,182),(3821,1028,193),(3829,1028,195),(3825,1028,221),(3824,1028,222),(3830,1028,242),(3831,1028,251),(3822,1028,259),(3841,1029,3),(3843,1029,21),(3832,1029,35),(3849,1029,50),(3837,1029,91),(3838,1029,96),(3835,1029,107),(3839,1029,136),(3846,1029,165),(3834,1029,168),(3844,1029,182),(3840,1029,193),(3836,1029,205),(3848,1029,221),(3845,1029,222),(3842,1029,244),(3833,1029,271),(3865,1030,11),(3850,1030,18),(3851,1030,27),(3862,1030,48),(3864,1030,70),(3859,1030,77),(3854,1030,96),(3856,1030,97),(3855,1030,103),(3852,1030,107),(3853,1030,109),(3863,1030,165),(3858,1030,191),(3861,1030,222),(3860,1030,223),(3857,1030,271),(3866,1031,18),(3876,1031,33),(3881,1031,50),(3873,1031,69),(3874,1031,77),(3869,1031,91),(3871,1031,96),(3870,1031,103),(3875,1031,105),(3868,1031,107),(3872,1031,109),(3877,1031,163),(3878,1031,165),(3880,1031,182),(3867,1031,195),(3879,1031,221),(3882,1031,251),(3894,1032,21),(3884,1032,27),(3886,1032,36),(3899,1032,48),(3891,1032,61),(3892,1032,62),(3888,1032,69),(3887,1032,92),(3885,1032,96),(3890,1032,103),(3883,1032,107),(3889,1032,109),(3896,1032,165),(3893,1032,166),(3895,1032,193),(3897,1032,222),(3898,1032,223),(3900,1032,245),(3901,1032,271),(3918,1033,7),(3908,1033,27),(3916,1033,48),(3912,1033,69),(3917,1033,70),(3911,1033,76),(3906,1033,91),(3904,1033,103),(3903,1033,107),(3905,1033,109),(3910,1033,193),(3913,1033,195),(3902,1033,205),(3907,1033,219),(3915,1033,222),(3914,1033,223),(3909,1033,278),(3926,1034,2),(3919,1034,3),(3920,1034,33),(3921,1034,91),(3922,1034,107),(3927,1034,127),(3929,1034,165),(3924,1034,181),(3925,1034,193),(3923,1034,205),(3928,1034,222),(3936,1035,11),(3939,1035,48),(3935,1035,69),(3932,1035,91),(3934,1035,96),(3933,1035,107),(3937,1035,165),(3943,1035,195),(3944,1035,202),(3940,1035,222),(3938,1035,223),(3941,1035,242),(3930,1035,246),(3945,1035,255),(3931,1035,271),(3942,1035,279),(3969,1036,3),(3961,1036,48),(3956,1036,69),(3948,1036,103),(3951,1036,107),(3950,1036,109),(3955,1036,123),(3946,1036,142),(3962,1036,164),(3965,1036,166),(3952,1036,171),(3953,1036,180),(3966,1036,182),(3957,1036,195),(3959,1036,197),(3954,1036,214),(3963,1036,221),(3964,1036,222),(3960,1036,223),(3968,1036,255),(3949,1036,257),(3947,1036,271),(3958,1036,278),(3967,1036,279),(3979,1037,11),(3974,1037,27),(3985,1037,48),(3975,1037,69),(3971,1037,91),(3976,1037,96),(3970,1037,107),(3978,1037,142),(3986,1037,164),(3981,1037,166),(3983,1037,193),(3982,1037,196),(3972,1037,205),(3973,1037,219),(3987,1037,222),(3984,1037,223),(3977,1037,271),(3980,1037,280),(3988,1038,18),(3993,1038,33),(3997,1038,48),(3994,1038,69),(3991,1038,91),(3989,1038,105),(3990,1038,107),(3999,1038,165),(3995,1038,193),(3992,1038,219),(3996,1038,221),(4000,1038,222),(3998,1038,223),(4018,1039,21),(4008,1039,33),(4014,1039,48),(4001,1039,58),(4010,1039,69),(4005,1039,91),(4007,1039,93),(4006,1039,96),(4004,1039,107),(4019,1039,164),(4016,1039,165),(4009,1039,171),(4015,1039,221),(4013,1039,222),(4017,1039,223),(4020,1039,242),(4003,1039,271),(4002,1039,281),(4012,1039,282),(4021,1039,283),(4034,1040,7),(4028,1040,27),(4038,1040,48),(4030,1040,61),(4023,1040,91),(4026,1040,96),(4031,1040,97),(4024,1040,107),(4025,1040,109),(4039,1040,123),(4037,1040,165),(4029,1040,171),(4042,1040,181),(4027,1040,219),(4035,1040,222),(4036,1040,223),(4041,1040,244),(4022,1040,271),(4033,1040,284),(4040,1040,285),(4043,1041,18),(4053,1041,48),(4050,1041,50),(4047,1041,69),(4060,1041,75),(4044,1041,91),(4046,1041,103),(4045,1041,107),(4051,1041,165),(4049,1041,205),(4055,1041,221),(4054,1041,222),(4052,1041,223),(4056,1041,242),(4059,1041,259),(4058,1041,275),(4057,1041,285),(4048,1041,286),(4069,1042,11),(4066,1042,69),(4061,1042,74),(4065,1042,91),(4063,1042,96),(4064,1042,107),(4073,1042,165),(4062,1042,205),(4072,1042,222),(4074,1042,223),(4070,1042,281),(4068,1042,284),(4067,1042,287),(4071,1042,288),(4077,1043,3),(4076,1043,96),(4075,1043,107),(4078,1043,163),(4087,1044,61),(4082,1044,69),(4086,1044,103),(4084,1044,107),(4081,1044,163),(4080,1044,214),(4083,1044,221),(4079,1044,239),(4085,1044,257),(4094,1045,77),(4091,1045,103),(4088,1045,107),(4089,1045,109),(4092,1045,163),(4093,1045,221),(4090,1045,257),(4095,1045,274),(4099,1046,93),(4098,1046,96),(4097,1046,107),(4096,1046,163),(4100,1046,242),(4101,1046,289),(4105,1047,93),(4103,1047,96),(4102,1047,107),(4107,1047,165),(4104,1047,213),(4106,1047,259),(4110,1048,91),(4112,1048,96),(4111,1048,107),(4109,1048,163),(4108,1048,239),(4117,1049,91),(4115,1049,96),(4114,1049,107),(4128,1049,163),(4116,1049,195),(4113,1049,236),(4118,1049,251),(4119,1050,18),(4120,1050,91),(4122,1050,96),(4124,1050,103),(4121,1050,107),(4123,1050,163),(4125,1050,195),(4127,1050,221),(4126,1050,244),(4129,1051,18),(4132,1051,91),(4130,1051,96),(4131,1051,107),(4133,1051,163),(4134,1051,195),(4135,1051,259),(4145,1052,18),(4140,1052,62),(4143,1052,70),(4139,1052,91),(4138,1052,96),(4136,1052,107),(4141,1052,163),(4142,1052,195),(4137,1052,213),(4144,1052,251),(4146,1052,290),(4147,1053,18),(4148,1053,50),(4153,1053,69),(4152,1053,77),(4151,1053,91),(4149,1053,96),(4150,1053,107),(4154,1053,163),(4156,1054,18),(4173,1054,48),(4159,1054,69),(4164,1054,70),(4170,1054,77),(4155,1054,91),(4157,1054,105),(4158,1054,107),(4162,1054,109),(4175,1054,164),(4174,1054,165),(4168,1054,180),(4203,1054,193),(4160,1054,205),(4161,1054,219),(4172,1054,222),(4171,1054,223),(4169,1054,246),(4166,1054,259),(4177,1054,267),(4178,1054,269),(4163,1054,271),(4176,1054,279),(4167,1054,287),(4165,1054,299),(4199,1055,3),(4184,1055,11),(4180,1055,33),(4186,1055,48),(4198,1055,61),(4201,1055,69),(4193,1055,91),(4196,1055,105),(4194,1055,107),(4195,1055,109),(4190,1055,123),(4188,1055,164),(4187,1055,165),(4179,1055,168),(4197,1055,171),(4192,1055,179),(4191,1055,182),(4182,1055,193),(4185,1055,222),(4189,1055,223),(4181,1055,252),(4202,1055,275),(4183,1055,300),(4200,1055,301),(4211,1056,7),(4206,1056,11),(4208,1056,36),(4215,1056,48),(4212,1056,62),(4217,1056,69),(4205,1056,75),(4210,1056,91),(4216,1056,165),(4207,1056,192),(4214,1056,221),(4213,1056,222),(4204,1056,245),(4209,1056,257),(4222,1057,11),(4236,1057,18),(4232,1057,48),(4219,1057,69),(4228,1057,91),(4227,1057,96),(4237,1057,97),(4226,1057,107),(4229,1057,109),(4220,1057,142),(4233,1057,164),(4230,1057,166),(4218,1057,171),(4235,1057,180),(4221,1057,187),(4224,1057,193),(4234,1057,222),(4231,1057,223),(4240,1057,245),(4241,1057,255),(4239,1057,267),(4238,1057,271),(4225,1057,302),(4261,1057,304),(4262,1057,305),(4313,1057,313),(4244,1058,18),(4253,1058,21),(4247,1058,27),(4257,1058,48),(4249,1058,69),(4245,1058,91),(4248,1058,96),(4246,1058,107),(4251,1058,109),(4256,1058,165),(4250,1058,182),(4242,1058,187),(4243,1058,192),(4255,1058,222),(4254,1058,223),(4258,1058,245),(4252,1058,271),(4259,1058,303),(4260,1058,304),(4274,1059,1),(4263,1059,33),(4279,1059,48),(4280,1059,52),(4285,1059,61),(4267,1059,69),(4265,1059,91),(4264,1059,107),(4266,1059,109),(4284,1059,123),(4311,1059,163),(4278,1059,164),(4277,1059,165),(4270,1059,187),(4282,1059,199),(4275,1059,222),(4276,1059,223),(4281,1059,244),(4283,1059,245),(4310,1059,281),(4268,1059,288),(4271,1059,304),(4269,1059,306),(4272,1059,307),(4309,1059,308),(4301,1060,3),(4286,1060,7),(4288,1060,18),(4291,1060,21),(4293,1060,48),(4298,1060,69),(4287,1060,91),(4290,1060,96),(4308,1060,163),(4295,1060,164),(4297,1060,166),(4300,1060,167),(4289,1060,205),(4296,1060,221),(4294,1060,222),(4292,1060,223),(4303,1060,279),(4299,1060,309),(4305,1060,310),(4306,1060,311),(4307,1060,312),(4312,1060,313),(4328,1063,48),(4362,1063,69),(4317,1063,103),(4318,1063,107),(4316,1063,142),(4329,1063,164),(4333,1063,165),(4325,1063,166),(4321,1063,171),(4324,1063,180),(4332,1063,182),(4326,1063,202),(4319,1063,205),(4327,1063,221),(4331,1063,222),(4330,1063,223),(4322,1063,231),(4320,1063,257),(4363,1063,271),(4323,1063,315),(4341,1064,18),(4352,1064,48),(4356,1064,52),(4349,1064,61),(4344,1064,69),(4334,1064,91),(4338,1064,96),(4342,1064,97),(4336,1064,107),(4340,1064,109),(4345,1064,124),(4355,1064,165),(4361,1064,193),(4337,1064,219),(4351,1064,221),(4354,1064,222),(4353,1064,223),(4346,1064,231),(4350,1064,240),(4358,1064,244),(4343,1064,271),(4348,1064,275),(4347,1064,304),(4360,1064,309),(4339,1064,316),(4357,1064,317),(4364,1065,3),(4383,1065,48),(4377,1065,69),(4369,1065,77),(4373,1065,91),(4376,1065,96),(4372,1065,107),(4375,1065,109),(4382,1065,164),(4381,1065,165),(4385,1065,186),(4370,1065,208),(4374,1065,219),(4378,1065,221),(4380,1065,222),(4379,1065,223),(4384,1065,226),(4366,1065,231),(4368,1065,240),(4371,1065,288),(4367,1065,304),(4365,1065,306),(4398,1066,33),(4404,1066,48),(4410,1066,59),(4394,1066,69),(4388,1066,91),(4399,1066,93),(4387,1066,96),(4393,1066,97),(4395,1066,103),(4389,1066,107),(4391,1066,109),(4405,1066,164),(4400,1066,166),(4396,1066,171),(4401,1066,182),(4406,1066,187),(4409,1066,198),(4392,1066,205),(4397,1066,219),(4402,1066,222),(4403,1066,223),(4413,1066,244),(4411,1066,245),(4412,1066,267),(4386,1066,271),(4408,1066,304),(4407,1066,315),(4390,1066,316),(4445,1067,3),(4438,1067,11),(4427,1067,48),(4434,1067,69),(4416,1067,91),(4422,1067,93),(4415,1067,96),(4419,1067,103),(4420,1067,107),(4421,1067,109),(4436,1067,124),(4440,1067,142),(4428,1067,164),(4425,1067,165),(4429,1067,166),(4418,1067,171),(4444,1067,186),(4431,1067,187),(4430,1067,196),(4417,1067,205),(4423,1067,221),(4424,1067,222),(4426,1067,223),(4439,1067,242),(4441,1067,245),(4446,1067,251),(4414,1067,271),(4437,1067,275),(4435,1067,287),(4432,1067,318),(4433,1067,319),(4447,1067,320),(4450,1068,18),(4458,1068,48),(4456,1068,69),(4454,1068,91),(4452,1068,96),(4453,1068,103),(4451,1068,107),(4449,1068,109),(4466,1068,124),(4464,1068,142),(4460,1068,164),(4462,1068,166),(4455,1068,171),(4467,1068,186),(4465,1068,187),(4463,1068,196),(4457,1068,221),(4459,1068,222),(4461,1068,223),(4469,1068,245),(4470,1068,255),(4448,1068,271),(4468,1068,279),(4477,1069,33),(4478,1069,35),(4487,1069,48),(4480,1069,59),(4479,1069,61),(4481,1069,69),(4471,1069,91),(4473,1069,96),(4475,1069,105),(4472,1069,107),(4474,1069,109),(4483,1069,127),(4486,1069,165),(4476,1069,171),(4521,1069,186),(4485,1069,221),(4484,1069,222),(4488,1069,223),(4482,1069,251),(4489,1069,321),(4490,1069,322),(4491,1069,323),(4499,1070,3),(4519,1070,11),(4493,1070,18),(4505,1070,48),(4501,1070,59),(4511,1070,61),(4503,1070,69),(4495,1070,91),(4497,1070,104),(4496,1070,105),(4494,1070,109),(4510,1070,164),(4507,1070,165),(4500,1070,166),(4498,1070,171),(4514,1070,189),(4506,1070,222),(4504,1070,223),(4492,1070,240),(4515,1070,245),(4502,1070,248),(4517,1070,255),(4512,1070,259),(4516,1070,267),(4513,1070,284),(4518,1070,315),(4508,1070,324),(4520,1070,325),(4535,1071,3),(4550,1071,11),(4531,1071,18),(4528,1071,27),(4546,1071,48),(4532,1071,69),(4536,1071,75),(4523,1071,91),(4526,1071,104),(4522,1071,105),(4524,1071,107),(4529,1071,109),(4545,1071,164),(4543,1071,165),(4530,1071,168),(4549,1071,186),(4534,1071,187),(4548,1071,196),(4541,1071,208),(4527,1071,219),(4547,1071,221),(4544,1071,222),(4542,1071,223),(4533,1071,240),(4537,1071,244),(4538,1071,259),(4539,1071,304),(4540,1071,319),(4525,1071,326),(4563,1072,3),(4576,1072,11),(4560,1072,48),(4559,1072,69),(4566,1072,75),(4551,1072,91),(4554,1072,103),(4568,1072,105),(4552,1072,107),(4555,1072,109),(4577,1072,123),(4556,1072,165),(4579,1072,186),(4567,1072,187),(4553,1072,205),(4557,1072,222),(4561,1072,223),(4564,1072,259),(4581,1072,275),(4569,1072,304),(4570,1072,305),(4562,1072,327),(4575,1072,328),(4580,1072,329),(4732,1072,333),(4597,1073,3),(4601,1073,7),(4600,1073,11),(4589,1073,48),(4595,1073,69),(4583,1073,91),(4586,1073,96),(4585,1073,104),(4584,1073,107),(4592,1073,164),(4590,1073,165),(4594,1073,166),(4587,1073,171),(4593,1073,182),(4602,1073,187),(4588,1073,222),(4591,1073,223),(4599,1073,259),(4603,1073,304),(4604,1073,321),(4582,1073,330),(4596,1073,331),(4624,1074,1),(4630,1074,3),(4628,1074,11),(4613,1074,27),(4617,1074,48),(4614,1074,59),(4632,1074,62),(4615,1074,69),(4609,1074,104),(4610,1074,107),(4612,1074,109),(4619,1074,164),(4620,1074,165),(4623,1074,174),(4608,1074,204),(4607,1074,219),(4616,1074,221),(4618,1074,222),(4621,1074,223),(4622,1074,225),(4629,1074,240),(4611,1074,248),(4631,1074,259),(4605,1074,271),(4633,1074,275),(4625,1074,321),(4627,1074,322),(4606,1074,329),(4626,1074,332),(4641,1075,6),(4647,1075,11),(4685,1075,59),(4648,1075,69),(4637,1075,93),(4634,1075,96),(4638,1075,102),(4636,1075,107),(4645,1075,171),(4646,1075,186),(4635,1075,213),(4643,1075,245),(4644,1075,279),(4642,1075,333),(4668,1076,3),(4659,1076,11),(4649,1076,18),(4654,1076,27),(4684,1076,50),(4663,1076,59),(4652,1076,91),(4653,1076,105),(4655,1076,107),(4650,1076,109),(4656,1076,171),(4664,1076,186),(4651,1076,219),(4669,1076,245),(4666,1076,251),(4667,1076,255),(4661,1076,259),(4665,1076,267),(4662,1076,289),(4660,1076,332),(4657,1076,333),(4676,1077,11),(4683,1077,18),(4677,1077,50),(4675,1077,69),(4670,1077,91),(4672,1077,103),(4678,1077,186),(4671,1077,204),(4673,1077,219),(4682,1077,245),(4681,1077,264),(4674,1077,333),(4679,1077,335),(4680,1077,336),(4698,1078,1),(4701,1078,3),(4696,1078,11),(4700,1078,18),(4689,1078,27),(4754,1078,62),(4688,1078,91),(4695,1078,96),(4692,1078,97),(4694,1078,104),(4693,1078,105),(4690,1078,107),(4686,1078,109),(4699,1078,186),(4691,1078,219),(4687,1078,333),(4741,1079,6),(4716,1079,7),(4714,1079,11),(4703,1079,18),(4712,1079,59),(4755,1079,62),(4713,1079,69),(4702,1079,91),(4706,1079,101),(4708,1079,104),(4707,1079,105),(4705,1079,107),(4719,1079,186),(4709,1079,219),(4717,1079,245),(4715,1079,259),(4720,1079,275),(4718,1079,279),(4710,1079,333),(4704,1079,337),(4711,1079,338),(4744,1080,1),(4740,1080,6),(4730,1080,11),(4726,1080,61),(4756,1080,62),(4725,1080,69),(4743,1080,70),(4722,1080,91),(4724,1080,96),(4721,1080,107),(4731,1080,186),(4723,1080,205),(4742,1080,333),(4729,1080,338),(4745,1081,3),(4753,1081,6),(4751,1081,11),(4748,1081,18),(4757,1081,62),(4760,1081,76),(4746,1081,91),(4749,1081,103),(4747,1081,204),(4750,1081,219),(4758,1081,259),(4752,1081,333),(4759,1081,340),(4778,1081,343),(4779,1081,344),(4765,1082,6),(4775,1082,7),(4770,1082,11),(4762,1082,18),(4769,1082,27),(4774,1082,62),(4768,1082,69),(4761,1082,91),(4773,1082,104),(4767,1082,105),(4772,1082,107),(4763,1082,204),(4771,1082,338),(4764,1082,341),(4766,1082,342),(4776,1082,343),(4815,1085,3),(4793,1085,11),(4788,1085,61),(4814,1085,69),(4789,1085,75),(4787,1085,103),(4786,1085,107),(4794,1085,186),(4792,1085,245),(4782,1085,329),(4791,1085,336),(4781,1085,345),(4784,1085,346),(4785,1085,347),(4790,1085,348),(4795,1085,349),(4805,1086,3),(4813,1086,11),(4804,1086,69),(4809,1086,76),(4797,1086,91),(4798,1086,103),(4796,1086,107),(4799,1086,205),(4808,1086,259),(4811,1086,269),(4806,1086,289),(4801,1086,333),(4810,1086,340),(4800,1086,342),(4802,1086,346),(4803,1086,347),(4807,1086,348),(4812,1086,350),(4833,1087,3),(4823,1087,11),(4816,1087,18),(4827,1087,33),(4826,1087,50),(4835,1087,62),(4822,1087,69),(4825,1087,75),(4817,1087,91),(4820,1087,104),(4818,1087,105),(4819,1087,107),(4832,1087,165),(4836,1087,171),(4824,1087,187),(4821,1087,219),(4831,1087,221),(4837,1087,242),(4840,1087,245),(4839,1087,251),(4834,1087,259),(4838,1087,269),(4830,1087,342),(4829,1087,343),(4828,1087,347),(4856,1088,2),(4855,1088,11),(4869,1088,53),(4867,1088,59),(4864,1088,69),(4845,1088,91),(4850,1088,93),(4847,1088,96),(4849,1088,107),(4846,1088,109),(4857,1088,123),(4852,1088,128),(4875,1088,142),(4861,1088,168),(4862,1088,186),(4865,1088,187),(4854,1088,188),(4844,1088,205),(4848,1088,219),(4870,1088,221),(4858,1088,222),(4859,1088,225),(4906,1088,275),(4843,1088,299),(4873,1088,305),(4874,1088,315),(4872,1088,319),(4851,1088,334),(4863,1088,339),(4871,1088,340),(4866,1088,348),(4860,1088,351),(4868,1088,352),(4886,1089,2),(4890,1089,3),(4888,1089,4),(5017,1089,5),(4901,1089,11),(4909,1089,49),(4907,1089,52),(4896,1089,53),(4904,1089,59),(4887,1089,60),(4885,1089,69),(4893,1089,70),(4891,1089,75),(4880,1089,91),(4881,1089,96),(4882,1089,104),(4879,1089,105),(4876,1089,107),(4883,1089,109),(4908,1089,123),(4895,1089,165),(4878,1089,168),(4902,1089,171),(4889,1089,186),(4884,1089,219),(4894,1089,221),(4897,1089,222),(4898,1089,225),(4892,1089,259),(4903,1089,269),(4877,1089,271),(4905,1089,275),(4900,1089,340),(4899,1089,354),(4910,1089,355),(4927,1090,3),(4920,1090,11),(4913,1090,27),(4917,1090,33),(4923,1090,48),(4922,1090,62),(4921,1090,69),(4928,1090,75),(4912,1090,91),(4915,1090,104),(4911,1090,107),(4916,1090,109),(4926,1090,123),(4924,1090,164),(4919,1090,186),(4914,1090,219),(4925,1090,222),(4929,1090,354),(4918,1090,356),(4931,1091,27),(4937,1091,48),(4944,1091,61),(4945,1091,62),(4935,1091,69),(4933,1091,96),(4932,1091,104),(4930,1091,107),(4934,1091,109),(4942,1091,142),(4938,1091,164),(4946,1091,180),(4943,1091,186),(4941,1091,196),(4940,1091,221),(4939,1091,222),(4936,1091,354),(4970,1092,5),(4968,1092,11),(4962,1092,21),(4957,1092,48),(4967,1092,59),(4963,1092,61),(4965,1092,69),(4951,1092,91),(4955,1092,96),(4953,1092,107),(4954,1092,109),(4958,1092,164),(4959,1092,165),(4961,1092,166),(4949,1092,168),(4966,1092,171),(4950,1092,179),(4952,1092,219),(4960,1092,221),(4956,1092,222),(4947,1092,270),(4948,1092,271),(4969,1092,340),(4964,1092,357),(4971,1092,358),(4993,1093,2),(4990,1093,11),(4973,1093,18),(4984,1093,48),(4982,1093,61),(4981,1093,69),(4974,1093,91),(4977,1093,96),(4978,1093,103),(4976,1093,107),(4975,1093,109),(4994,1093,142),(4985,1093,164),(4987,1093,165),(4979,1093,168),(4980,1093,171),(4992,1093,186),(4991,1093,214),(4986,1093,221),(4989,1093,222),(4988,1093,225),(4997,1093,245),(4972,1093,271),(4996,1093,275),(4995,1093,314),(4983,1093,354),(5007,1094,2),(5010,1094,11),(4998,1094,18),(5014,1094,21),(5006,1094,62),(5013,1094,69),(4999,1094,91),(5001,1094,101),(5002,1094,105),(5000,1094,107),(5004,1094,109),(5009,1094,165),(5005,1094,168),(5012,1094,171),(5016,1094,186),(5003,1094,219),(5008,1094,225),(5011,1094,325),(5015,1094,327);
/*!40000 ALTER TABLE `satz_lookup` ENABLE KEYS */;
UNLOCK TABLES;

--
-- Table structure for table `schwierigkeitsgrad`
--

DROP TABLE IF EXISTS `schwierigkeitsgrad`;
/*!40101 SET @saved_cs_client     = @@character_set_client */;
/*!40101 SET character_set_client = utf8 */;
CREATE TABLE `schwierigkeitsgrad` (
  `ID` int(10) unsigned NOT NULL AUTO_INCREMENT,
  `Name` varchar(100) NOT NULL,
  PRIMARY KEY (`ID`)
) ENGINE=InnoDB AUTO_INCREMENT=19 DEFAULT CHARSET=utf8;
/*!40101 SET character_set_client = @saved_cs_client */;

--
-- Dumping data for table `schwierigkeitsgrad`
--

LOCK TABLES `schwierigkeitsgrad` WRITE;
/*!40000 ALTER TABLE `schwierigkeitsgrad` DISABLE KEYS */;
INSERT INTO `schwierigkeitsgrad` VALUES (1,'1'),(2,'1/2'),(3,'2'),(5,'2/3'),(6,'3'),(7,'3/4'),(8,'4'),(9,'4/5'),(11,'5'),(12,'99 - unbekannt'),(16,'5/6'),(17,'6'),(18,'0/1');
/*!40000 ALTER TABLE `schwierigkeitsgrad` ENABLE KEYS */;
UNLOCK TABLES;

--
--
-- Table structure for table `satz_schwierigkeitsgrad`
--

DROP TABLE IF EXISTS `satz_schwierigkeitsgrad`;
/*!40101 SET @saved_cs_client     = @@character_set_client */;
/*!40101 SET character_set_client = utf8 */;
CREATE TABLE `satz_schwierigkeitsgrad` (
  `ID` int(11) NOT NULL AUTO_INCREMENT,
  `SatzID` int(10) unsigned NOT NULL,
  `SchwierigkeitsgradID` int(10) unsigned NOT NULL,
  `InstrumentID` int(11) NOT NULL,
  PRIMARY KEY (`ID`),
  UNIQUE KEY `uc_satz_schwierigkeitsgrad` (`SatzID`,`InstrumentID`),
  KEY `InstrumentID` (`InstrumentID`),
  KEY `SchwierigkeitsgradID` (`SchwierigkeitsgradID`),
  CONSTRAINT `satz_schwierigkeitsgrad_ibfk_1` FOREIGN KEY (`InstrumentID`) REFERENCES `instrument` (`ID`),
  CONSTRAINT `satz_schwierigkeitsgrad_ibfk_2` FOREIGN KEY (`InstrumentID`) REFERENCES `instrument` (`ID`),
  CONSTRAINT `satz_schwierigkeitsgrad_ibfk_3` FOREIGN KEY (`SchwierigkeitsgradID`) REFERENCES `schwierigkeitsgrad` (`ID`)
) ENGINE=InnoDB AUTO_INCREMENT=1818 DEFAULT CHARSET=utf8;
/*!40101 SET character_set_client = @saved_cs_client */;

--
-- Dumping data for table `satz_schwierigkeitsgrad`
--

LOCK TABLES `satz_schwierigkeitsgrad` WRITE;
/*!40000 ALTER TABLE `satz_schwierigkeitsgrad` DISABLE KEYS */;
INSERT INTO `satz_schwierigkeitsgrad` VALUES (5,73,1,12),(7,128,2,2),(9,444,2,2),(10,447,2,2),(11,461,2,2),(12,462,2,2),(13,463,2,2),(14,464,2,2),(15,465,2,2),(16,466,2,18),(17,467,2,18),(18,468,2,18),(19,471,2,2),(20,472,2,2),(21,473,2,2),(22,476,2,2),(23,482,2,2),(24,493,2,18),(25,494,2,18),(26,495,2,18),(27,497,2,18),(28,510,2,2),(29,511,2,2),(30,512,2,2),(31,513,2,2),(32,514,2,2),(33,69,3,12),(34,72,3,12),(35,75,3,12),(36,78,3,12),(37,97,3,2),(38,101,3,2),(39,109,3,12),(40,114,3,2),(41,117,3,2),(42,118,3,2),(43,119,3,2),(44,127,3,2),(45,131,3,2),(46,132,3,2),(47,133,3,2),(48,134,3,2),(49,157,3,2),(50,161,3,2),(51,162,3,2),(52,218,3,2),(53,237,3,18),(54,239,3,18),(55,281,3,2),(56,284,3,2),(57,323,3,2),(58,324,3,2),(59,337,3,2),(60,338,3,2),(61,339,3,2),(62,340,3,2),(63,341,3,2),(64,342,3,2),(65,343,3,2),(66,344,3,2),(67,345,3,2),(68,346,3,2),(69,347,3,2),(70,358,3,18),(71,400,3,2),(72,401,3,2),(73,402,3,2),(74,403,3,2),(75,404,3,2),(76,405,3,2),(77,406,3,2),(78,407,3,2),(79,408,3,2),(80,409,3,2),(81,410,3,2),(82,411,3,2),(83,412,3,2),(84,413,3,2),(85,414,3,2),(86,415,3,2),(87,416,3,2),(88,417,3,2),(89,418,3,2),(90,440,3,2),(91,446,3,2),(92,448,3,2),(93,451,3,2),(94,452,3,2),(95,454,3,2),(96,457,3,2),(97,459,3,18),(98,469,3,18),(99,470,3,2),(100,474,3,2),(101,475,3,2),(102,477,3,2),(103,478,3,2),(104,479,3,2),(105,480,3,2),(106,481,3,2),(107,483,3,2),(108,484,3,2),(109,485,3,2),(110,491,3,2),(111,496,3,18),(112,498,3,18),(113,499,3,18),(114,500,3,18),(115,501,3,18),(116,502,3,18),(117,503,3,18),(118,504,3,18),(119,507,3,18),(122,534,3,18),(123,535,3,18),(124,536,3,18),(125,537,3,18),(126,81,5,2),(127,91,5,2),(128,93,5,2),(129,94,5,2),(130,95,5,2),(131,96,5,2),(132,98,5,2),(133,99,5,2),(134,102,5,2),(135,115,5,2),(136,116,5,2),(137,122,5,2),(138,124,5,2),(139,126,5,2),(140,139,5,2),(141,140,5,2),(142,141,5,2),(143,144,5,2),(144,149,5,2),(145,153,5,18),(146,154,5,18),(147,155,5,18),(148,156,5,18),(149,159,5,18),(150,160,5,2),(151,170,5,2),(152,178,5,2),(153,208,5,18),(154,219,5,2),(155,220,5,2),(156,221,5,2),(157,234,5,18),(158,249,5,2),(159,250,5,2),(160,251,5,2),(161,253,5,2),(162,254,5,2),(163,258,5,2),(164,260,5,2),(165,264,5,2),(166,266,5,2),(167,268,5,2),(168,308,5,2),(169,316,5,2),(170,319,5,2),(171,321,5,2),(172,325,5,2),(173,326,5,2),(174,329,5,2),(175,331,5,2),(178,391,5,2),(179,439,5,2),(180,449,5,2),(181,450,5,2),(182,453,5,2),(183,455,5,2),(184,456,5,2),(185,458,5,2),(186,486,5,2),(187,487,5,2),(188,489,5,2),(189,490,5,2),(190,492,5,18),(191,505,5,18),(192,506,5,18),(193,509,5,18),(194,517,5,18),(195,518,5,18),(196,519,5,18),(197,520,5,18),(198,524,5,2),(199,544,5,18),(200,545,5,18),(201,560,5,2),(202,40,6,2),(208,70,6,12),(209,71,6,12),(210,74,6,12),(211,76,6,12),(212,77,6,12),(213,79,6,12),(214,80,6,12),(215,92,6,2),(216,100,6,2),(217,103,6,2),(218,106,6,2),(219,107,6,2),(221,121,6,2),(222,130,6,2),(223,135,6,2),(224,136,6,2),(225,137,6,2),(226,142,6,2),(227,143,6,2),(228,145,6,2),(229,146,6,2),(230,150,6,2),(231,151,6,2),(232,152,6,2),(233,158,6,18),(234,179,6,2),(235,182,6,2),(236,187,6,2),(237,188,6,2),(238,189,6,2),(239,190,6,2),(240,194,6,2),(241,197,6,2),(242,198,6,2),(243,199,6,2),(244,202,6,18),(245,203,6,18),(246,207,6,18),(247,209,6,18),(248,212,6,18),(249,216,6,18),(250,222,6,2),(251,233,6,18),(252,235,6,18),(253,236,6,18),(254,238,6,18),(255,240,6,18),(256,241,6,18),(257,242,6,18),(258,243,6,2),(259,244,6,2),(260,252,6,2),(261,255,6,2),(262,259,6,2),(263,261,6,2),(264,267,6,2),(265,269,6,2),(266,274,6,2),(267,283,6,2),(268,289,6,2),(269,290,6,2),(270,291,6,2),(271,293,6,2),(272,295,6,2),(273,296,6,2),(274,297,6,2),(275,298,6,2),(276,299,6,2),(277,300,6,2),(278,301,6,2),(279,306,6,2),(280,307,6,2),(281,309,6,2),(282,312,6,2),(283,313,6,2),(284,314,6,2),(285,315,6,2),(286,320,6,2),(287,322,6,2),(288,327,6,2),(289,328,6,2),(290,330,6,2),(291,332,6,2),(292,335,6,2),(293,336,6,2),(294,350,6,18),(295,351,6,18),(296,355,6,18),(297,357,6,18),(298,363,6,2),(299,365,6,2),(300,373,6,2),(301,375,6,2),(302,379,6,2),(303,380,6,2),(304,381,6,2),(305,383,6,2),(306,384,6,2),(307,385,6,2),(308,386,6,2),(309,388,6,2),(310,392,6,2),(311,393,6,2),(312,394,6,2),(313,399,6,2),(314,419,6,2),(315,420,6,2),(316,421,6,2),(317,424,6,2),(318,427,6,2),(319,428,6,2),(320,431,6,2),(321,433,6,2),(322,434,6,2),(323,437,6,2),(324,438,6,2),(325,443,6,2),(326,445,6,2),(327,521,6,2),(335,538,6,18),(336,540,6,18),(337,541,6,18),(338,542,6,18),(339,543,6,18),(340,546,6,18),(341,547,6,18),(342,548,6,18),(343,554,6,2),(344,555,6,2),(345,557,6,2),(346,113,7,2),(347,129,7,2),(348,138,7,2),(349,148,7,2),(350,165,7,2),(351,166,7,2),(352,169,7,2),(353,172,7,2),(354,173,7,2),(355,180,7,2),(356,185,7,18),(357,193,7,2),(358,195,7,2),(359,201,7,18),(360,205,7,18),(361,211,7,2),(362,213,7,18),(363,214,7,18),(364,215,7,18),(365,217,7,2),(366,224,7,18),(367,225,7,18),(368,226,7,18),(369,227,7,18),(370,228,7,18),(371,229,7,2),(372,230,7,2),(373,231,7,2),(374,232,7,2),(375,245,7,2),(376,247,7,2),(377,257,7,2),(378,262,7,2),(379,263,7,2),(380,265,7,2),(381,272,7,2),(382,278,7,2),(383,282,7,2),(384,285,7,2),(385,287,7,2),(386,288,7,2),(387,305,7,2),(388,317,7,2),(389,318,7,2),(390,348,7,18),(391,349,7,18),(392,352,7,18),(393,353,7,18),(394,354,7,18),(395,356,7,18),(396,361,7,2),(397,364,7,2),(398,366,7,2),(399,368,7,2),(400,369,7,2),(401,372,7,2),(402,376,7,2),(403,382,7,2),(404,395,7,2),(405,396,7,2),(406,397,7,2),(407,398,7,2),(408,422,7,2),(409,423,7,2),(410,429,7,2),(411,430,7,2),(412,432,7,2),(413,435,7,2),(415,441,7,2),(416,549,7,18),(417,551,7,2),(418,553,7,2),(419,559,7,2),(420,561,7,2),(421,562,7,2),(422,563,7,2),(423,564,7,2),(424,1,8,12),(425,5,8,12),(426,6,8,12),(427,7,8,12),(428,38,8,12),(429,123,8,2),(430,125,8,2),(431,171,8,2),(432,174,8,2),(433,175,8,2),(434,176,8,2),(435,192,8,2),(436,200,8,18),(437,204,8,18),(438,206,8,18),(439,223,8,18),(440,246,8,2),(441,248,8,2),(442,275,8,2),(443,276,8,2),(444,280,8,2),(445,286,8,2),(446,292,8,2),(447,294,8,2),(448,304,8,2),(449,311,8,2),(450,359,8,2),(451,360,8,2),(452,362,8,2),(453,367,8,2),(454,378,8,2),(455,387,8,2),(456,550,8,2),(457,552,8,2),(458,556,8,2),(459,558,8,2),(460,8,9,12),(461,39,9,12),(462,58,9,12),(463,168,9,2),(464,177,9,2),(465,183,9,18),(466,184,9,18),(467,186,9,18),(468,191,9,2),(469,210,9,2),(470,271,9,2),(471,273,9,2),(472,277,9,2),(473,279,9,2),(474,302,9,2),(475,303,9,2),(476,90,11,2),(477,181,11,2),(528,110,12,4),(529,525,6,2),(530,525,5,3),(531,526,6,2),(532,526,7,3),(533,527,6,2),(534,527,8,3),(535,528,6,2),(536,528,8,3),(537,529,6,2),(538,529,8,3),(539,530,6,2),(540,530,11,3),(541,531,6,2),(542,531,8,3),(544,565,1,2),(545,565,3,5),(546,566,1,2),(547,566,3,5),(548,567,2,2),(549,567,3,5),(551,568,3,5),(552,568,2,2),(553,569,2,2),(554,569,3,5),(555,570,2,2),(556,570,3,5),(558,571,2,5),(559,571,2,2),(561,572,2,2),(562,572,3,5),(563,573,2,2),(564,573,2,5),(565,574,1,2),(566,574,2,5),(567,575,2,2),(568,575,3,5),(569,576,2,2),(570,576,2,5),(572,577,2,2),(573,577,2,5),(574,578,1,2),(575,578,2,5),(576,579,2,2),(577,580,2,2),(578,581,1,2),(579,582,5,2),(580,583,2,2),(581,583,3,5),(582,584,2,2),(583,584,3,5),(584,585,3,2),(585,585,3,5),(586,586,3,2),(587,586,3,5),(588,587,8,2),(589,588,3,2),(590,589,7,2),(591,591,7,2),(592,593,5,2),(593,593,5,6),(594,594,6,2),(595,595,8,2),(596,597,8,2),(597,598,8,2),(598,600,6,2),(599,601,5,2),(600,601,2,7),(601,602,6,2),(602,603,5,2),(603,605,5,2),(604,606,3,2),(605,606,2,7),(606,607,5,2),(607,607,3,7),(608,608,5,2),(609,609,6,2),(610,610,6,2),(611,611,5,8),(612,612,8,2),(613,613,7,2),(614,614,8,2),(615,615,8,2),(616,616,8,2),(617,617,9,2),(618,618,9,2),(619,619,5,2),(620,620,8,2),(621,621,8,2),(622,622,9,2),(623,623,9,2),(624,624,8,2),(625,625,8,2),(626,626,8,2),(627,627,9,2),(628,628,16,2),(629,629,9,2),(630,630,11,2),(631,631,11,2),(632,632,7,2),(633,633,9,2),(634,634,7,2),(635,635,8,2),(636,636,9,2),(637,637,6,2),(638,638,7,5),(639,639,11,2),(640,640,9,2),(641,641,11,2),(642,642,11,2),(643,643,8,2),(644,644,11,2),(645,645,9,2),(647,646,8,2),(648,647,6,2),(649,648,8,2),(650,649,8,2),(651,650,9,2),(652,651,8,2),(653,653,9,2),(654,654,11,2),(655,655,8,2),(656,656,7,2),(657,657,8,2),(658,658,8,2),(659,659,8,2),(660,660,9,2),(661,661,9,2),(662,662,7,2),(663,663,7,2),(664,664,7,2),(665,665,8,2),(666,666,9,2),(667,667,8,2),(668,668,7,2),(669,669,7,2),(670,670,8,2),(671,671,8,2),(672,672,8,2),(673,672,8,5),(674,673,6,2),(675,673,7,5),(676,674,6,2),(677,674,7,5),(678,675,7,2),(679,675,8,5),(680,676,6,2),(681,676,7,5),(682,677,7,2),(683,677,8,5),(684,678,6,2),(685,678,7,5),(686,679,6,2),(687,679,7,5),(688,680,7,2),(689,680,7,5),(690,681,5,2),(691,682,3,9),(692,682,6,7),(693,683,2,2),(694,683,3,7),(695,684,3,9),(696,684,6,7),(697,685,2,2),(698,685,3,7),(700,686,8,7),(701,686,5,2),(704,686,7,10),(705,687,3,2),(707,687,3,7),(708,688,8,2),(709,689,8,2),(710,690,8,2),(711,691,9,2),(712,691,11,5),(713,692,8,2),(714,692,9,5),(715,693,6,2),(717,693,8,5),(718,694,7,2),(719,694,8,5),(720,695,9,2),(721,695,16,5),(722,696,6,2),(723,696,11,5),(724,697,8,2),(725,697,16,5),(727,698,9,2),(728,699,8,2),(729,700,8,2),(730,701,8,2),(732,704,8,2),(733,703,8,2),(734,705,8,2),(735,706,8,2),(736,707,8,2),(737,708,9,2),(738,709,5,2),(739,709,6,5),(740,710,6,2),(741,710,8,5),(742,711,6,2),(743,711,8,5),(744,712,8,2),(745,712,8,5),(746,713,6,2),(747,713,7,5),(748,714,6,2),(749,714,8,5),(750,715,6,2),(751,715,8,5),(753,716,8,5),(754,716,8,2),(755,717,7,2),(756,717,7,5),(757,718,8,2),(758,718,8,5),(760,719,8,5),(761,719,8,2),(762,720,7,2),(763,720,7,5),(764,721,8,2),(765,721,8,5),(767,722,18,12),(768,722,1,5),(769,723,1,12),(770,723,1,5),(771,724,1,12),(772,724,1,5),(773,725,1,12),(774,725,1,5),(775,726,1,12),(776,726,1,5),(777,727,1,12),(778,727,1,5),(779,728,1,12),(780,728,1,5),(781,729,1,12),(782,729,1,5),(783,730,1,12),(784,730,1,5),(785,732,18,12),(786,732,1,5),(787,733,18,12),(788,733,1,5),(789,734,18,12),(790,734,1,5),(791,735,18,12),(792,735,1,5),(793,736,18,12),(794,736,1,5),(795,737,18,12),(796,737,1,5),(797,738,18,12),(798,738,1,5),(799,739,18,12),(800,739,18,5),(801,740,18,12),(802,740,1,5),(803,741,18,12),(804,741,1,5),(805,742,18,12),(806,742,1,5),(807,743,18,12),(808,743,1,13),(809,743,1,5),(810,740,1,13),(811,744,18,12),(812,744,1,5),(813,745,18,12),(814,745,1,5),(815,746,18,12),(817,746,1,5),(818,747,18,12),(819,747,1,5),(820,748,18,12),(821,748,1,13),(822,748,1,5),(823,749,18,12),(824,749,1,5),(825,750,18,12),(826,750,1,5),(827,751,18,12),(828,751,1,5),(829,752,18,12),(830,752,1,5),(831,753,18,12),(832,753,1,5),(833,754,18,12),(834,754,1,5),(835,755,18,12),(836,755,1,5),(837,756,18,12),(838,756,1,5),(839,757,18,12),(840,757,1,5),(841,757,1,13),(842,758,18,12),(843,758,1,5),(844,759,18,12),(845,759,1,5),(846,760,18,12),(847,760,1,5),(848,761,18,12),(849,761,1,5),(850,762,18,12),(851,762,1,5),(852,763,18,12),(853,763,1,5),(854,764,18,12),(855,764,1,5),(856,765,18,12),(857,765,1,5),(858,766,18,12),(859,766,1,5),(860,767,18,12),(861,767,1,5),(862,768,18,12),(863,768,1,5),(864,769,18,12),(865,769,1,5),(866,770,18,12),(867,770,1,5),(868,771,18,12),(869,771,3,13),(870,771,1,5),(871,772,18,12),(872,772,1,5),(873,773,18,12),(874,773,5,13),(875,773,1,5),(876,774,6,12),(877,774,5,13),(878,774,3,14),(879,774,18,15),(880,774,18,16),(881,775,18,12),(882,775,1,5),(883,776,18,12),(884,776,1,5),(885,777,3,5),(886,777,18,12),(887,778,18,12),(888,778,3,5),(889,779,2,12),(890,779,3,5),(891,780,3,5),(892,780,18,12),(893,781,3,5),(894,781,18,12),(905,784,6,12),(906,784,6,5),(907,783,6,5),(908,782,6,5),(910,785,8,5),(912,785,7,12),(913,786,1,12),(914,786,1,5),(915,787,1,12),(916,787,1,5),(917,788,1,12),(918,788,1,5),(919,789,1,12),(920,789,1,5),(921,790,1,12),(922,790,1,5),(923,791,1,12),(924,791,1,5),(925,792,1,12),(926,792,1,5),(927,793,1,12),(928,793,1,5),(929,794,1,12),(930,794,1,5),(931,795,1,12),(932,795,1,5),(933,796,1,12),(934,796,1,5),(935,797,1,12),(936,797,1,5),(937,798,1,12),(938,798,1,5),(939,799,1,12),(940,799,1,5),(941,800,1,12),(942,800,1,5),(943,801,1,12),(944,801,1,5),(945,802,1,12),(946,802,1,5),(947,803,1,12),(948,803,1,5),(949,804,2,12),(950,804,1,5),(951,805,1,12),(952,805,1,5),(953,806,1,12),(954,806,1,5),(958,807,2,12),(959,807,1,5),(960,809,2,12),(961,809,2,13),(962,810,18,12),(963,810,18,13),(964,810,18,14),(965,811,18,12),(966,811,18,13),(967,811,18,14),(968,812,1,12),(969,812,1,13),(970,813,1,12),(971,813,1,13),(972,814,1,12),(973,814,1,13),(974,815,1,12),(975,815,1,13),(976,816,1,12),(977,816,2,13),(978,817,1,12),(979,817,1,13),(980,818,1,12),(981,818,1,13),(982,819,18,12),(983,819,1,13),(984,820,1,12),(985,820,1,13),(986,821,1,12),(987,821,1,13),(988,822,2,12),(989,822,2,13),(990,823,1,12),(991,823,1,13),(993,824,18,12),(994,824,1,13),(995,825,1,12),(996,825,1,13),(997,826,2,12),(998,826,2,13),(999,827,2,12),(1000,827,2,13),(1001,828,1,12),(1002,828,1,13),(1003,829,1,12),(1004,829,1,13),(1005,830,1,12),(1006,830,1,13),(1007,831,2,12),(1008,831,2,13),(1009,832,2,12),(1010,832,2,13),(1011,833,3,12),(1012,833,3,13),(1013,834,1,12),(1014,834,1,13),(1015,835,1,12),(1016,835,1,13),(1017,836,1,12),(1018,836,1,13),(1019,837,1,12),(1020,837,1,13),(1021,838,1,12),(1022,838,1,13),(1023,839,1,12),(1024,839,1,13),(1025,840,1,12),(1026,840,1,13),(1027,841,18,12),(1028,841,1,5),(1029,842,18,12),(1030,842,1,5),(1031,843,18,12),(1032,843,1,5),(1033,782,5,12),(1034,783,5,12),(1227,876,2,5),(1228,877,1,5),(1229,878,2,5),(1230,879,2,5),(1231,880,2,5),(1232,882,1,5),(1233,883,2,5),(1234,884,2,5),(1235,885,2,5),(1236,886,1,5),(1237,887,2,5),(1238,888,1,5),(1239,889,2,5),(1240,890,1,5),(1241,891,1,5),(1242,892,1,5),(1243,893,2,5),(1244,895,2,5),(1245,896,2,5),(1246,897,2,5),(1247,898,2,5),(1248,899,1,5),(1249,900,2,5),(1250,901,2,5),(1251,902,1,5),(1252,903,1,5),(1253,904,2,5),(1254,905,2,5),(1255,906,1,5),(1256,907,2,5),(1257,731,1,12),(1258,731,1,5),(1259,908,18,12),(1260,908,1,5),(1261,909,1,12),(1262,909,1,5),(1263,910,1,12),(1264,910,1,5),(1265,911,1,12),(1266,911,1,5),(1267,912,2,12),(1268,912,1,5),(1269,913,18,12),(1270,913,1,5),(1271,914,2,12),(1272,914,1,5),(1273,915,18,12),(1274,915,1,5),(1275,916,1,12),(1276,916,1,5),(1277,917,3,12),(1278,917,1,5),(1279,918,18,12),(1280,918,1,5),(1281,919,1,12),(1282,919,1,5),(1283,920,1,12),(1284,920,1,5),(1285,921,1,12),(1286,921,18,5),(1287,922,18,12),(1288,922,1,5),(1289,923,18,12),(1290,923,1,5),(1291,924,1,12),(1292,924,1,5),(1293,925,18,12),(1294,925,1,5),(1296,926,1,5),(1297,926,3,12),(1298,927,18,12),(1299,927,1,5),(1300,928,2,12),(1301,928,1,5),(1302,929,1,12),(1303,929,1,5),(1304,930,2,12),(1305,930,1,5),(1306,931,1,12),(1307,931,1,5),(1308,932,1,12),(1309,932,1,5),(1310,933,2,12),(1311,933,1,5),(1312,934,3,12),(1313,934,1,5),(1314,935,2,12),(1315,935,1,5),(1316,936,2,12),(1317,936,1,5),(1318,937,3,12),(1319,937,1,5),(1320,938,1,12),(1321,938,1,5),(1322,939,1,5),(1323,939,18,17),(1325,940,1,5),(1326,940,18,17),(1328,941,1,5),(1329,941,18,17),(1331,942,1,5),(1332,942,18,17),(1334,943,1,5),(1335,943,1,17),(1337,944,1,5),(1338,944,1,17),(1340,945,1,5),(1341,945,1,17),(1343,946,1,5),(1344,946,2,17),(1346,947,1,5),(1347,947,18,17),(1349,948,1,5),(1350,948,2,17),(1352,949,1,5),(1353,949,18,17),(1355,950,1,5),(1356,950,1,17),(1358,951,1,5),(1359,951,3,17),(1361,952,1,5),(1362,952,18,17),(1364,953,1,5),(1365,953,1,17),(1367,954,1,5),(1368,954,1,17),(1370,955,1,17),(1371,955,18,5),(1373,956,1,5),(1374,956,18,17),(1376,957,1,5),(1377,957,18,17),(1379,958,1,5),(1382,959,1,5),(1383,959,18,17),(1388,961,1,5),(1389,961,18,17),(1391,962,1,5),(1392,962,2,17),(1394,963,1,5),(1395,963,1,17),(1397,964,1,5),(1398,964,2,17),(1400,965,1,5),(1401,965,1,17),(1403,966,1,5),(1404,966,1,17),(1406,967,1,5),(1407,967,2,17),(1409,968,1,5),(1410,968,3,17),(1415,970,1,5),(1416,970,2,17),(1418,971,1,5),(1419,971,3,17),(1421,972,1,5),(1422,972,1,17),(1424,973,18,12),(1425,973,1,5),(1426,974,18,12),(1427,974,1,5),(1428,975,1,12),(1429,975,1,5),(1430,976,18,12),(1431,976,1,5),(1432,977,1,12),(1433,977,1,5),(1434,978,1,12),(1435,978,1,5),(1436,979,18,12),(1437,979,1,5),(1438,982,1,12),(1439,982,2,13),(1440,982,1,5),(1443,980,1,12),(1445,980,1,5),(1446,980,2,13),(1447,983,2,12),(1449,983,1,14),(1450,983,1,13),(1451,983,1,5),(1452,984,1,12),(1453,984,1,13),(1454,984,1,5),(1455,985,1,12),(1456,985,1,5),(1457,986,2,12),(1458,986,2,13),(1459,986,1,5),(1460,987,2,12),(1461,987,1,5),(1462,988,2,12),(1463,988,2,13),(1464,988,1,5),(1465,958,3,17),(1467,989,1,5),(1468,989,2,17),(1469,990,2,17),(1470,990,1,5),(1471,991,2,12),(1472,991,2,13),(1473,991,1,5),(1474,992,1,12),(1475,992,1,5),(1476,993,1,12),(1477,993,1,5),(1478,994,2,12),(1479,994,2,13),(1480,994,1,5),(1481,995,1,12),(1482,995,1,5),(1483,996,2,12),(1484,996,1,5),(1485,997,2,12),(1486,997,1,5),(1487,998,2,12),(1488,998,1,5),(1489,999,1,12),(1490,999,1,5),(1491,1000,2,12),(1492,1000,1,5),(1494,1001,1,5),(1495,1001,5,12),(1496,1002,2,12),(1497,1002,1,5),(1498,1003,18,12),(1499,1003,18,13),(1500,1003,1,5),(1501,1004,18,12),(1502,1004,1,13),(1503,1004,1,5),(1504,1005,1,12),(1505,1005,1,5),(1506,1006,18,12),(1507,1006,3,13),(1508,1006,1,5),(1509,1007,2,12),(1510,1007,1,5),(1511,1008,1,12),(1512,1008,1,5),(1513,1009,1,12),(1514,1009,1,5),(1515,1009,3,13),(1516,1010,1,12),(1517,1010,1,5),(1518,1011,1,12),(1519,1011,2,13),(1520,1011,1,5),(1522,974,18,2),(1523,973,18,2),(1524,975,1,2),(1525,976,18,2),(1526,977,1,2),(1527,978,1,2),(1528,979,18,2),(1529,980,1,2),(1530,982,1,2),(1531,983,2,2),(1532,984,1,2),(1533,985,1,2),(1534,986,2,2),(1535,987,2,2),(1536,988,2,2),(1537,991,2,2),(1538,992,1,2),(1539,993,1,2),(1540,994,2,2),(1541,995,1,2),(1542,996,2,2),(1543,997,2,2),(1544,998,2,2),(1545,999,1,2),(1546,1000,2,2),(1547,1001,5,2),(1548,1002,2,2),(1554,939,18,2),(1555,940,18,2),(1556,941,18,2),(1557,942,18,2),(1558,943,1,2),(1559,944,1,2),(1560,945,1,2),(1561,946,2,2),(1562,947,18,2),(1563,948,2,2),(1564,949,18,2),(1565,950,1,2),(1566,951,3,2),(1567,952,18,2),(1568,953,1,2),(1569,954,1,2),(1570,955,1,2),(1571,956,18,2),(1572,957,18,2),(1573,958,3,2),(1574,959,18,2),(1575,961,18,2),(1576,962,2,2),(1577,963,1,2),(1578,964,2,2),(1579,965,1,2),(1580,966,1,2),(1581,967,2,2),(1582,968,3,2),(1583,970,2,2),(1584,971,3,2),(1585,972,1,2),(1586,989,2,2),(1587,990,2,2),(1617,108,6,2),(1618,389,6,2),(1620,390,5,2),(1621,426,12,4),(1622,111,12,4),(1623,112,18,4),(1625,1012,1,12),(1626,1012,1,5),(1627,1013,1,12),(1628,1013,1,5),(1629,1014,2,12),(1630,1014,1,5),(1631,1015,2,12),(1632,1015,1,5),(1633,1015,3,13),(1634,1016,2,12),(1635,1016,1,5),(1636,1017,2,12),(1637,1017,1,5),(1638,1018,2,12),(1639,1018,1,5),(1640,1019,2,12),(1641,1019,1,5),(1642,1020,2,12),(1643,1020,2,13),(1644,1020,1,5),(1645,1021,2,12),(1646,1021,3,13),(1647,1021,1,5),(1648,1022,3,12),(1649,1022,3,13),(1650,1022,1,5),(1651,1023,2,12),(1652,1024,2,12),(1653,1024,1,5),(1654,1023,1,5),(1655,1025,2,12),(1656,1025,1,5),(1657,1026,3,12),(1658,1026,3,13),(1659,1026,2,5),(1660,1027,2,12),(1661,1027,1,5),(1662,1027,2,13),(1663,1028,3,12),(1664,1028,1,5),(1665,1029,1,5),(1666,1029,3,13),(1667,1030,3,12),(1668,1030,3,13),(1669,1030,1,5),(1670,1031,3,12),(1671,1031,1,5),(1672,1032,5,12),(1673,1032,1,5),(1674,1033,5,12),(1675,1033,5,13),(1677,1034,5,13),(1678,1034,3,12),(1680,1035,3,12),(1682,1036,2,5),(1683,1035,2,5),(1684,1034,2,5),(1685,1033,2,5),(1686,1036,3,12),(1687,1037,5,12),(1689,1037,2,5),(1690,1038,5,12),(1691,1038,3,5),(1692,1039,5,12),(1693,1039,3,5),(1694,1040,5,12),(1695,1040,6,13),(1696,1040,3,5),(1697,1041,3,12),(1698,1041,3,13),(1701,1041,3,5),(1702,1042,3,12),(1703,1042,3,13),(1704,1042,3,5),(1705,1043,1,12),(1706,1043,1,5),(1707,1044,1,12),(1708,1044,2,5),(1709,1045,1,12),(1710,1045,1,5),(1711,1046,1,12),(1712,1046,2,5),(1713,1047,1,12),(1715,1047,2,5),(1716,1048,1,12),(1717,1048,1,5),(1718,1049,1,12),(1720,1049,1,5),(1721,1050,1,12),(1722,1050,2,5),(1723,1051,1,12),(1724,1051,2,5),(1725,1052,1,12),(1726,1052,3,5),(1727,1053,1,12),(1728,1053,2,5),(1729,1054,3,12),(1730,1054,2,5),(1731,1055,3,12),(1732,1055,2,5),(1733,1056,3,12),(1734,1056,2,13),(1735,1056,1,5),(1737,1057,3,5),(1738,1057,3,12),(1739,1058,3,12),(1740,1058,3,5),(1741,1059,3,12),(1742,1059,3,13),(1743,1059,2,5),(1744,1060,5,12),(1745,1060,3,5),(1746,1063,3,12),(1747,1063,2,5),(1748,1064,3,12),(1749,1064,2,5),(1750,1065,3,12),(1751,1065,2,5),(1752,1064,3,13),(1753,1066,3,12),(1754,1066,3,5),(1755,1067,3,12),(1756,1067,5,5),(1757,1068,3,12),(1758,1068,5,5),(1759,1069,3,12),(1760,1069,3,5),(1761,1069,3,13),(1762,1070,5,12),(1763,1070,2,5),(1764,1071,3,12),(1765,1071,2,5),(1766,1072,3,12),(1767,1072,2,5),(1768,1073,5,12),(1769,1073,3,5),(1770,1074,3,12),(1771,1074,2,5),(1772,1075,2,12),(1773,1075,3,5),(1774,1076,3,12),(1775,1076,3,5),(1776,1077,3,12),(1777,1077,3,5),(1778,1078,3,12),(1779,1078,3,5),(1780,1079,3,12),(1781,1079,5,5),(1782,1080,3,12),(1783,1080,3,5),(1784,1081,3,12),(1785,1081,3,5),(1786,1082,5,12),(1787,1082,3,5),(1788,1085,3,12),(1789,1085,1,5),(1790,1086,3,12),(1791,1086,2,5),(1792,1087,3,12),(1793,1087,2,5),(1794,1088,3,12),(1795,1088,3,5),(1796,1089,3,12),(1797,1089,3,5),(1798,1090,3,12),(1799,1090,3,5),(1800,1091,2,12),(1801,1091,2,5),(1802,1092,2,12),(1803,1092,3,5),(1804,1093,3,12),(1805,1093,3,5),(1806,1094,2,12),(1807,1094,2,5),(1808,64,2,12),(1809,64,3,5),(1810,65,2,12),(1811,65,3,5),(1812,66,2,12),(1813,66,2,5),(1814,67,2,12),(1815,67,3,5),(1816,68,3,12),(1817,68,5,5);
/*!40000 ALTER TABLE `satz_schwierigkeitsgrad` ENABLE KEYS */;
UNLOCK TABLES;


-- Table structure for table `standort`
--

DROP TABLE IF EXISTS `standort`;
/*!40101 SET @saved_cs_client     = @@character_set_client */;
/*!40101 SET character_set_client = utf8 */;
CREATE TABLE `standort` (
  `ID` int(10) unsigned NOT NULL AUTO_INCREMENT,
  `Name` varchar(100) NOT NULL,
  PRIMARY KEY (`ID`)
) ENGINE=InnoDB AUTO_INCREMENT=27 DEFAULT CHARSET=utf8;
/*!40101 SET character_set_client = @saved_cs_client */;

--
-- Dumping data for table `standort`
--

LOCK TABLES `standort` WRITE;
/*!40000 ALTER TABLE `standort` DISABLE KEYS */;
INSERT INTO `standort` VALUES (1,'O 05 - Filmmusik'),(2,'O 03 - Schulorchester 1'),(5,'Z Sammler Beuchofonstücke'),(6,'XXX noch erfassen'),(9,'Klaviertrios'),(10,'O 07 - Solo'),(11,'O 10 - Solovioline'),(12,'O 06 - Streichorchester'),(13,'O 04 - Schulorchester 2'),(14,'Violine +'),(15,'O 09 - Soloklavier 2'),(16,'O 11 - Elementar 1'),(18,'O 01 - Originalwerke 1'),(19,'O 02 - Originalwerke 2'),(20,'TEST'),(21,'O 08 - Soloklavier 1'),(22,'Digital NOTEN - O_PiPo'),(23,'O 12 - Elementar 2'),(24,'VL 01'),(25,'VLA 01'),(26,'VL 02');
/*!40000 ALTER TABLE `standort` ENABLE KEYS */;
UNLOCK TABLES;

-- XXX 
-- Temporary table structure for view `v_abfrage`
--

DROP TABLE IF EXISTS `v_abfrage`;
/*!50001 DROP VIEW IF EXISTS `v_abfrage`*/;
SET @saved_cs_client     = @@character_set_client;
SET character_set_client = utf8;
/*!50001 CREATE VIEW `v_abfrage` AS SELECT
 1 AS `ID`,
  1 AS `Name`,
  1 AS `Beschreibung`,
  1 AS `Abfragetyp`,
  1 AS `AbfragetypID` */;
SET character_set_client = @saved_cs_client;

--
-- Temporary table structure for view `v_komponist`
--

DROP TABLE IF EXISTS `v_komponist`;
/*!50001 DROP VIEW IF EXISTS `v_komponist`*/;
SET @saved_cs_client     = @@character_set_client;
SET character_set_client = utf8;
/*!50001 CREATE VIEW `v_komponist` AS SELECT
 1 AS `ID`,
  1 AS `Name`,
  1 AS `Vorname`,
  1 AS `Nachname`,
  1 AS `Geburtsjahr`,
  1 AS `Sterbejahr`,
  1 AS `Bemerkung` */;
SET character_set_client = @saved_cs_client;

--
-- Temporary table structure for view `v_lookup`
--

DROP TABLE IF EXISTS `v_lookup`;
/*!50001 DROP VIEW IF EXISTS `v_lookup`*/;
SET @saved_cs_client     = @@character_set_client;
SET character_set_client = utf8;
/*!50001 CREATE VIEW `v_lookup` AS SELECT
 1 AS `ID`,
  1 AS `Name`,
  1 AS `LookupTypeName`,
  1 AS `LookupTypeKey`,
  1 AS `LookupTypeID`,
  1 AS `Relation` */;
SET character_set_client = @saved_cs_client;

--
-- Temporary table structure for view `v_lookup_groups`
--

DROP TABLE IF EXISTS `v_lookup_groups`;
/*!50001 DROP VIEW IF EXISTS `v_lookup_groups`*/;
SET @saved_cs_client     = @@character_set_client;
SET character_set_client = utf8;
/*!50001 CREATE VIEW `v_lookup_groups` AS SELECT
 1 AS `ID`,
  1 AS `Name`,
  1 AS `Typ`,
  1 AS `LookupTypeID` */;
SET character_set_client = @saved_cs_client;

--
-- Temporary table structure for view `v_musikstueck`
--

DROP TABLE IF EXISTS `v_musikstueck`;
/*!50001 DROP VIEW IF EXISTS `v_musikstueck`*/;
SET @saved_cs_client     = @@character_set_client;
SET character_set_client = utf8;
/*!50001 CREATE VIEW `v_musikstueck` AS SELECT
 1 AS `Sammlung`,
  1 AS `Verlag`,
  1 AS `Standort`,
  1 AS `Bestellnummer`,
  1 AS `Sammlung_Bemerkung`,
  1 AS `Musikstueck_Nr`,
  1 AS `Name`,
  1 AS `Opus`,
  1 AS `Komponist`,
  1 AS `Bearbeiter`,
  1 AS `Epoche`,
  1 AS `Gattung`,
  1 AS `Besetzungen`,
  1 AS `Verwendungszwecke`,
  1 AS `Saetze`,
  1 AS `ID` */;
SET character_set_client = @saved_cs_client;

--
-- Temporary table structure for view `v_sammlung`
--

DROP TABLE IF EXISTS `v_sammlung`;
/*!50001 DROP VIEW IF EXISTS `v_sammlung`*/;
SET @saved_cs_client     = @@character_set_client;
SET character_set_client = utf8;
/*!50001 CREATE VIEW `v_sammlung` AS SELECT
 1 AS `ID`,
  1 AS `Name`,
  1 AS `Verlag`,
  1 AS `Standort`,
  1 AS `Bemerkung`,
  1 AS `Besonderheiten`,
  1 AS `StandortID` */;
SET character_set_client = @saved_cs_client;

--
-- Temporary table structure for view `v_sammlung_lookuptypes`
--

DROP TABLE IF EXISTS `v_sammlung_lookuptypes`;
/*!50001 DROP VIEW IF EXISTS `v_sammlung_lookuptypes`*/;
SET @saved_cs_client     = @@character_set_client;
SET character_set_client = utf8;
/*!50001 CREATE VIEW `v_sammlung_lookuptypes` AS SELECT
 1 AS `SammlungID`,
  1 AS `LookupList` */;
SET character_set_client = @saved_cs_client;

--
-- Temporary table structure for view `v_satz`
--

DROP TABLE IF EXISTS `v_satz`;
/*!50001 DROP VIEW IF EXISTS `v_satz`*/;
SET @saved_cs_client     = @@character_set_client;
SET character_set_client = utf8;
/*!50001 CREATE VIEW `v_satz` AS SELECT
 1 AS `Sammlung`,
  1 AS `Musikstueck`,
  1 AS `Komponist`,
  1 AS `Nr`,
  1 AS `Name`,
  1 AS `Taktart`,
  1 AS `Tempobezeichnung`,
  1 AS `Spieldauer`,
  1 AS `Erprobt`,
  1 AS `Besonderheiten`,
  1 AS `Schwierigkeitsgrade`,
  1 AS `Orchesterbesetzung`,
  1 AS `Bemerkung`,
  1 AS `ID`,
  1 AS `SammlungID`,
  1 AS `MusikstueckID` */;
SET character_set_client = @saved_cs_client;

--
-- Temporary table structure for view `v_satz_instrumente`
--

DROP TABLE IF EXISTS `v_satz_instrumente`;
/*!50001 DROP VIEW IF EXISTS `v_satz_instrumente`*/;
SET @saved_cs_client     = @@character_set_client;
SET character_set_client = utf8;
/*!50001 CREATE VIEW `v_satz_instrumente` AS SELECT
 1 AS `SatzID`,
  1 AS `InstrumentList` */;
SET character_set_client = @saved_cs_client;

--
-- Temporary table structure for view `v_satz_lookuptypes`
--

DROP TABLE IF EXISTS `v_satz_lookuptypes`;
/*!50001 DROP VIEW IF EXISTS `v_satz_lookuptypes`*/;
SET @saved_cs_client     = @@character_set_client;
SET character_set_client = utf8;
/*!50001 CREATE VIEW `v_satz_lookuptypes` AS SELECT
 1 AS `SatzID`,
  1 AS `LookupList` */;
SET character_set_client = @saved_cs_client;

--
-- Temporary table structure for view `v_test_musikstueck_ohne_besetzung`
--

DROP TABLE IF EXISTS `v_test_musikstueck_ohne_besetzung`;
/*!50001 DROP VIEW IF EXISTS `v_test_musikstueck_ohne_besetzung`*/;
SET @saved_cs_client     = @@character_set_client;
SET character_set_client = utf8;
/*!50001 CREATE VIEW `v_test_musikstueck_ohne_besetzung` AS SELECT
 1 AS `Sammlung_Name`,
  1 AS `ID`,
  1 AS `Musikstueck_Name` */;
SET character_set_client = @saved_cs_client;

--
-- Temporary table structure for view `v_test_musikstueck_ohne_komponist`
--

DROP TABLE IF EXISTS `v_test_musikstueck_ohne_komponist`;
/*!50001 DROP VIEW IF EXISTS `v_test_musikstueck_ohne_komponist`*/;
SET @saved_cs_client     = @@character_set_client;
SET character_set_client = utf8;
/*!50001 CREATE VIEW `v_test_musikstueck_ohne_komponist` AS SELECT
 1 AS `Sammlung_Name`,
  1 AS `ID`,
  1 AS `Musikstueck_Name` */;
SET character_set_client = @saved_cs_client;

--
-- Temporary table structure for view `v_test_musikstueck_ohne_satz`
--

DROP TABLE IF EXISTS `v_test_musikstueck_ohne_satz`;
/*!50001 DROP VIEW IF EXISTS `v_test_musikstueck_ohne_satz`*/;
SET @saved_cs_client     = @@character_set_client;
SET character_set_client = utf8;
/*!50001 CREATE VIEW `v_test_musikstueck_ohne_satz` AS SELECT
 1 AS `Sammlung_Name`,
  1 AS `ID`,
  1 AS `Musikstueck_Name` */;
SET character_set_client = @saved_cs_client;

--
-- Temporary table structure for view `v_test_sammlung_ohne_musikstueck`
--

DROP TABLE IF EXISTS `v_test_sammlung_ohne_musikstueck`;
/*!50001 DROP VIEW IF EXISTS `v_test_sammlung_ohne_musikstueck`*/;
SET @saved_cs_client     = @@character_set_client;
SET character_set_client = utf8;
/*!50001 CREATE VIEW `v_test_sammlung_ohne_musikstueck` AS SELECT
 1 AS `ID`,
  1 AS `Name` */;
SET character_set_client = @saved_cs_client;

--
-- Temporary table structure for view `v_test_sammlung_ohne_verlag`
--

DROP TABLE IF EXISTS `v_test_sammlung_ohne_verlag`;
/*!50001 DROP VIEW IF EXISTS `v_test_sammlung_ohne_verlag`*/;
SET @saved_cs_client     = @@character_set_client;
SET character_set_client = utf8;
/*!50001 CREATE VIEW `v_test_sammlung_ohne_verlag` AS SELECT
 1 AS `ID`,
  1 AS `Name` */;
SET character_set_client = @saved_cs_client;

--
-- Temporary table structure for view `v_test_satz_ohne_erprobt`
--

DROP TABLE IF EXISTS `v_test_satz_ohne_erprobt`;
/*!50001 DROP VIEW IF EXISTS `v_test_satz_ohne_erprobt`*/;
SET @saved_cs_client     = @@character_set_client;
SET character_set_client = utf8;
/*!50001 CREATE VIEW `v_test_satz_ohne_erprobt` AS SELECT
 1 AS `Sammlung_Name`,
  1 AS `Musikstueck_Name`,
  1 AS `Nr`,
  1 AS `Satz_Name`,
  1 AS `ID` */;
SET character_set_client = @saved_cs_client;

--
-- Temporary table structure for view `v_test_satz_ohne_spieldauer`
--

DROP TABLE IF EXISTS `v_test_satz_ohne_spieldauer`;
/*!50001 DROP VIEW IF EXISTS `v_test_satz_ohne_spieldauer`*/;
SET @saved_cs_client     = @@character_set_client;
SET character_set_client = utf8;
/*!50001 CREATE VIEW `v_test_satz_ohne_spieldauer` AS SELECT
 1 AS `Sammlung_Name`,
  1 AS `ID`,
  1 AS `Musikstueck_Name`,
  1 AS `Nr`,
  1 AS `Name`,
  1 AS `Spieldauer` */;
SET character_set_client = @saved_cs_client;

--
-- Temporary table structure for view `v_tmp_Spieldauer`
--

DROP TABLE IF EXISTS `v_tmp_Spieldauer`;
/*!50001 DROP VIEW IF EXISTS `v_tmp_Spieldauer`*/;
SET @saved_cs_client     = @@character_set_client;
SET character_set_client = utf8;
/*!50001 CREATE VIEW `v_tmp_Spieldauer` AS SELECT
 1 AS `ID`,
  1 AS `Spieldauer`,
  1 AS `Spieldauer_1`,
  1 AS `Spieldauer_2` */;
SET character_set_client = @saved_cs_client;

--
-- Temporary table structure for view `v_tmp_Taktart`
--

DROP TABLE IF EXISTS `v_tmp_Taktart`;
/*!50001 DROP VIEW IF EXISTS `v_tmp_Taktart`*/;
SET @saved_cs_client     = @@character_set_client;
SET character_set_client = utf8;
/*!50001 CREATE VIEW `v_tmp_Taktart` AS SELECT
 1 AS `ID`,
  1 AS `Taktart` */;
SET character_set_client = @saved_cs_client;

--
-- Temporary table structure for view `v_tmp_Tempobezeichnung`
--

DROP TABLE IF EXISTS `v_tmp_Tempobezeichnung`;
/*!50001 DROP VIEW IF EXISTS `v_tmp_Tempobezeichnung`*/;
SET @saved_cs_client     = @@character_set_client;
SET character_set_client = utf8;
/*!50001 CREATE VIEW `v_tmp_Tempobezeichnung` AS SELECT
 1 AS `ID`,
  1 AS `Tempobezeichnung` */;
SET character_set_client = @saved_cs_client;

--
-- Temporary table structure for view `v_tmp_Tonart`
--

DROP TABLE IF EXISTS `v_tmp_Tonart`;
/*!50001 DROP VIEW IF EXISTS `v_tmp_Tonart`*/;
SET @saved_cs_client     = @@character_set_client;
SET character_set_client = utf8;
/*!50001 CREATE VIEW `v_tmp_Tonart` AS SELECT
 1 AS `ID`,
  1 AS `Tonart` */;
SET character_set_client = @saved_cs_client;

--
-- Table structure for table `verlag`
--

DROP TABLE IF EXISTS `verlag`;
/*!40101 SET @saved_cs_client     = @@character_set_client */;
/*!40101 SET character_set_client = utf8 */;
CREATE TABLE `verlag` (
  `ID` int(10) unsigned NOT NULL AUTO_INCREMENT,
  `Name` varchar(100) DEFAULT NULL,
  `Bemerkung` varchar(100) DEFAULT NULL,
  PRIMARY KEY (`ID`)
) ENGINE=InnoDB AUTO_INCREMENT=82 DEFAULT CHARSET=utf8;
/*!40101 SET character_set_client = @saved_cs_client */;

--
-- Dumping data for table `verlag`
--

LOCK TABLES `verlag` WRITE;
/*!40000 ALTER TABLE `verlag` DISABLE KEYS */;
INSERT INTO `verlag` VALUES (1,'Musikverlag Wilhelm Halter','Karlsruhe West'),(7,'Schott Verlag',''),(8,'Bärenreiter',''),(9,'Boosey & Hawkes',''),(10,'Möseler Verlag Wolfenbüttel',''),(11,'Bosworth Edition',''),(13,'Edition Peters',''),(14,'Eulenburg',''),(19,'HAL LEONARD CORPORATION',''),(20,'Musikverlag Andrea Wiegand',NULL),(21,'Goodmusic Publishing',NULL),(22,'Dr. J. Butz - Musikverlag',NULL),(23,'Editions Marc Reift',NULL),(24,'Beuchofon Verlag','Neuer Verlag exklusiv für Beuchofonstücke'),(25,'Highland / Etling','A division of Alfred'),(26,'Belwin Orchestra','(Alfred Belwin)'),(27,'Muzika',NULL),(28,'Cherry Lane Music Company',NULL),(29,'peermusic',NULL),(30,'Zen-On Music',''),(31,'Breitkopf & Härtel',NULL),(32,'Norsk Musikforlag',NULL),(33,'Edition Kunzelmann',NULL),(34,'(unbekannt)',NULL),(35,'Doblinger',NULL),(36,'Antes Edition',''),(37,'Deutscher Verlag für Musik',NULL),(38,'Musikverlag Hans Sikorski',NULL),(39,'Heinrichshofen (Peters) ',NULL),(40,'Éditions Musicales Transatlantiques',NULL),(41,'Amadeus Verlag',NULL),(42,'Hänssler-Verlag',NULL),(43,'Stainer & Bell Ltd.',NULL),(44,'Bärenreiter Urtext',NULL),(45,'Edition Dohr',NULL),(46,'Edwin F. Kalmus & Co., Inc.',NULL),(47,'Edition Butorac',NULL),(48,'Albersen verhuur',''),(49,'Nova Music',NULL),(50,'Chr. Friedrich Vieweg Musikverlag',''),(51,'Rubank, Inc.',''),(52,'G. Schirmer, Inc.',''),(53,'Edition Walhall',NULL),(54,'Tonos',NULL),(55,'Astoria Verlag',NULL),(56,'Universal Edition',''),(57,'Schirmer',NULL),(58,'Faber Music',NULL),(59,'Chester Music',NULL),(60,'Joh. Siebenhüner Musikverlag',NULL),(61,'Phoenix Music',''),(62,'Philippos Nakas The Music House',NULL),(63,'divers',NULL),(64,'Robert Linau Musikverlag',NULL),(65,'Oxford University Press',''),(66,'Neue Musik',NULL),(68,'Dover Publications',''),(69,'Foundation for the Publication of the Works of Nils W. Gade',''),(70,'Henle',''),(71,'Nagels Musikarchiv',''),(72,'Verlag Walter Wollenweber',''),(73,'Bisel Classics',''),(74,'A. Durand & Fils',''),(77,'ABRSM','The Associated Board Of The Royal School of Music'),(78,'Spartan Press',''),(79,'hug',''),(80,'Fentone',''),(81,'Verlag neue Musik','');
/*!40000 ALTER TABLE `verlag` ENABLE KEYS */;
UNLOCK TABLES;

--
-- Table structure for table `verwendungszweck`
--

DROP TABLE IF EXISTS `verwendungszweck`;
/*!40101 SET @saved_cs_client     = @@character_set_client */;
/*!40101 SET character_set_client = utf8 */;
CREATE TABLE `verwendungszweck` (
  `ID` int(10) unsigned NOT NULL AUTO_INCREMENT,
  `Name` varchar(100) NOT NULL,
  PRIMARY KEY (`ID`)
) ENGINE=InnoDB AUTO_INCREMENT=92 DEFAULT CHARSET=utf8;
/*!40101 SET character_set_client = @saved_cs_client */;

--
-- Dumping data for table `verwendungszweck`
--

LOCK TABLES `verwendungszweck` WRITE;
/*!40000 ALTER TABLE `verwendungszweck` DISABLE KEYS */;
INSERT INTO `verwendungszweck` VALUES (1,'Beerdigung'),(2,'Erahnen'),(3,'Fest'),(4,'Gottesdienst'),(5,'Hochzeit'),(7,'Kinderkonzert'),(8,'Neujahr'),(9,'Nikolaus'),(10,'Umrahmung'),(11,'Weihnachten'),(16,'Sommerkonzert'),(17,'Ballett'),(18,'Planung/SO: Weihnachts-Konzert 2024'),(19,'Eröffnungsstück'),(20,'Schlußstück'),(21,'Planung/SO: Jahreskonzert 2025'),(22,'Planung/SO: Kommt zeitnah in Frage (Stand 2024)'),(23,'Umrahmung in der Bank'),(24,'Planung/SO: Weihnachts-Konzert 2025'),(25,'Jubiläum'),(26,'Seniorenkonzert'),(28,'Planung: Watchlist'),(30,'Planung/SO: Sommerkonzert 2025'),(31,'Verabschiedung'),(32,'Zugabe'),(33,'Planung/SO: Kommt ev. infrage'),(34,'Vorspiel'),(35,'VL Unterricht'),(36,'VL Gruppenunterricht'),(37,'Ensemble'),(38,'Herbst'),(39,'St. Martin'),(40,'Advent'),(42,'Thema: Winter'),(44,'Schlaflied'),(45,'Essen'),(46,'Thema: Tiere'),(47,'Jahreszeiten'),(48,'Jahreswechsel (Silvester) '),(49,'Dreikönigstag'),(50,'Thema: Pflanzen'),(51,'Thema: Wetter'),(52,'Thema: Instrumente'),(53,'Thema: Gefühle'),(54,'Thema: Amerika'),(55,'Thema: Reise'),(56,'Thema: Geburtstag'),(57,'Thema: Sport und Spiel'),(58,'Thema: Tanz'),(59,'Thema: Märchen'),(60,'Thema: Familie'),(61,'Thema: Religion'),(62,'Thema: Länder und Menschen'),(63,'Thema: Sprache'),(64,'Thema: Zeit'),(65,'Thema: Arbeitswelt'),(66,'Thema: Farben'),(68,'Planung/VO: 24/25'),(69,'Thema: Küche'),(70,'Thema: Fortbewegung'),(71,'Thema: Sommer'),(72,'Planung: Unterricht Sara und Franca'),(73,'VLA Unterricht'),(74,'Zwischenmusik'),(75,'Thema: Tageszeiten'),(76,'Thema: Wasser'),(77,'Planung: Unterricht Franz'),(78,'Planung: Unterricht Tobias'),(80,'Frühling'),(81,'Thema: Zirkus'),(82,'Thema: Kinder'),(84,'Planung: Unterricht Finia'),(85,'Thema: Landleben'),(86,'Thema: Jagd'),(88,'Thema: Weltraum'),(89,'Thema: Familie'),(90,'Planung: Unterricht Simeon'),(91,'Planung: Unterricht Nicole');
/*!40000 ALTER TABLE `verwendungszweck` ENABLE KEYS */;
UNLOCK TABLES;

--
-- Final view structure for view `v_abfrage`
--

/*!50001 DROP VIEW IF EXISTS `v_abfrage`*/;
/*!50001 SET @saved_cs_client          = @@character_set_client */;
/*!50001 SET @saved_cs_results         = @@character_set_results */;
/*!50001 SET @saved_col_connection     = @@collation_connection */;
/*!50001 SET character_set_client      = utf8mb4 */;
/*!50001 SET character_set_results     = utf8mb4 */;
/*!50001 SET collation_connection      = utf8mb4_general_ci */;
/*!50001 CREATE ALGORITHM=UNDEFINED */
/*!50013 DEFINER=`root`@`localhost` SQL SECURITY DEFINER */
/*!50001 VIEW `v_abfrage` AS select `abfrage`.`ID` AS `ID`,`abfrage`.`Name` AS `Name`,`abfrage`.`Beschreibung` AS `Beschreibung`,`abfragetyp`.`Name` AS `Abfragetyp`,`abfragetyp`.`ID` AS `AbfragetypID` from (`abfrage` left join `abfragetyp` on((`abfrage`.`AbfragetypID` = `abfragetyp`.`ID`))) */;
/*!50001 SET character_set_client      = @saved_cs_client */;
/*!50001 SET character_set_results     = @saved_cs_results */;
/*!50001 SET collation_connection      = @saved_col_connection */;

--
-- Final view structure for view `v_komponist`
--

/*!50001 DROP VIEW IF EXISTS `v_komponist`*/;
/*!50001 SET @saved_cs_client          = @@character_set_client */;
/*!50001 SET @saved_cs_results         = @@character_set_results */;
/*!50001 SET @saved_col_connection     = @@collation_connection */;
/*!50001 SET character_set_client      = utf8mb4 */;
/*!50001 SET character_set_results     = utf8mb4 */;
/*!50001 SET collation_connection      = utf8mb4_general_ci */;
/*!50001 CREATE ALGORITHM=UNDEFINED */
/*!50013 DEFINER=`root`@`localhost` SQL SECURITY DEFINER */
/*!50001 VIEW `v_komponist` AS select `komponist`.`ID` AS `ID`,(case when ((`komponist`.`Vorname` <> '') and (`komponist`.`Nachname` <> '')) then concat(coalesce(`komponist`.`Nachname`,''),', ',coalesce(`komponist`.`Vorname`,'')) when ((coalesce(`komponist`.`Vorname`,'') = '') and (coalesce(`komponist`.`Nachname`,'') <> '')) then `komponist`.`Nachname` when ((coalesce(`komponist`.`Vorname`,'') <> '') and (coalesce(`komponist`.`Nachname`,'') = '')) then `komponist`.`Vorname` end) AS `Name`,`komponist`.`Vorname` AS `Vorname`,`komponist`.`Nachname` AS `Nachname`,`komponist`.`Geburtsjahr` AS `Geburtsjahr`,`komponist`.`Sterbejahr` AS `Sterbejahr`,`komponist`.`Bemerkung` AS `Bemerkung` from `komponist` */;
/*!50001 SET character_set_client      = @saved_cs_client */;
/*!50001 SET character_set_results     = @saved_cs_results */;
/*!50001 SET collation_connection      = @saved_col_connection */;

--
-- Final view structure for view `v_lookup`
--

/*!50001 DROP VIEW IF EXISTS `v_lookup`*/;
/*!50001 SET @saved_cs_client          = @@character_set_client */;
/*!50001 SET @saved_cs_results         = @@character_set_results */;
/*!50001 SET @saved_col_connection     = @@collation_connection */;
/*!50001 SET character_set_client      = utf8mb4 */;
/*!50001 SET character_set_results     = utf8mb4 */;
/*!50001 SET collation_connection      = utf8mb4_general_ci */;
/*!50001 CREATE ALGORITHM=UNDEFINED */
/*!50013 DEFINER=`root`@`localhost` SQL SECURITY DEFINER */
/*!50001 VIEW `v_lookup` AS select `lookup`.`ID` AS `ID`,`lookup`.`Name` AS `Name`,`lookup_type`.`Name` AS `LookupTypeName`,`lookup_type`.`type_key` AS `LookupTypeKey`,`lookup`.`LookupTypeID` AS `LookupTypeID`,`lookup_type`.`Relation` AS `Relation` from (`lookup` left join `lookup_type` on((`lookup_type`.`ID` = `lookup`.`LookupTypeID`))) order by `lookup`.`Name` */;
/*!50001 SET character_set_client      = @saved_cs_client */;
/*!50001 SET character_set_results     = @saved_cs_results */;
/*!50001 SET collation_connection      = @saved_col_connection */;

--
-- Final view structure for view `v_lookup_groups`
--

/*!50001 DROP VIEW IF EXISTS `v_lookup_groups`*/;
/*!50001 SET @saved_cs_client          = @@character_set_client */;
/*!50001 SET @saved_cs_results         = @@character_set_results */;
/*!50001 SET @saved_col_connection     = @@collation_connection */;
/*!50001 SET character_set_client      = utf8mb4 */;
/*!50001 SET character_set_results     = utf8mb4 */;
/*!50001 SET collation_connection      = utf8mb4_general_ci */;
/*!50001 CREATE ALGORITHM=UNDEFINED */
/*!50013 DEFINER=`root`@`localhost` SQL SECURITY DEFINER */
/*!50001 VIEW `v_lookup_groups` AS select `lookup`.`ID` AS `ID`,`lookup`.`Name` AS `Name`,`lookup_type`.`Name` AS `Typ`,`lookup`.`LookupTypeID` AS `LookupTypeID` from (`lookup` left join `lookup_type` on((`lookup_type`.`ID` = `lookup`.`LookupTypeID`))) order by `lookup`.`Name` */;
/*!50001 SET character_set_client      = @saved_cs_client */;
/*!50001 SET character_set_results     = @saved_cs_results */;
/*!50001 SET collation_connection      = @saved_col_connection */;

--
-- Final view structure for view `v_musikstueck`
--

/*!50001 DROP VIEW IF EXISTS `v_musikstueck`*/;
/*!50001 SET @saved_cs_client          = @@character_set_client */;
/*!50001 SET @saved_cs_results         = @@character_set_results */;
/*!50001 SET @saved_col_connection     = @@collation_connection */;
/*!50001 SET character_set_client      = utf8mb4 */;
/*!50001 SET character_set_results     = utf8mb4 */;
/*!50001 SET collation_connection      = utf8mb4_general_ci */;
/*!50001 CREATE ALGORITHM=UNDEFINED */
/*!50013 DEFINER=`root`@`localhost` SQL SECURITY DEFINER */
/*!50001 VIEW `v_musikstueck` AS select `sammlung`.`Name` AS `Sammlung`,`verlag`.`Name` AS `Verlag`,`standort`.`Name` AS `Standort`,`sammlung`.`Bestellnummer` AS `Bestellnummer`,`sammlung`.`Bemerkung` AS `Sammlung_Bemerkung`,`musikstueck`.`Nummer` AS `Musikstueck_Nr`,`musikstueck`.`Name` AS `Name`,`musikstueck`.`Opus` AS `Opus`,`komponist`.`Name` AS `Komponist`,`musikstueck`.`Bearbeiter` AS `Bearbeiter`,`epoche`.`Name` AS `Epoche`,`gattung`.`Name` AS `Gattung`,group_concat(distinct `besetzung`.`Name` order by `besetzung`.`Name` ASC separator ', ') AS `Besetzungen`,group_concat(distinct `verwendungszweck`.`Name` order by `verwendungszweck`.`Name` ASC separator ', ') AS `Verwendungszwecke`,group_concat(distinct `satz`.`Nr` order by `satz`.`Nr` ASC separator ', ') AS `Saetze`,`musikstueck`.`ID` AS `ID` from (((((((((((`sammlung` join `musikstueck` on((`musikstueck`.`SammlungID` = `sammlung`.`ID`))) left join `verlag` on((`sammlung`.`VerlagID` = `verlag`.`ID`))) left join `standort` on((`sammlung`.`StandortID` = `standort`.`ID`))) left join `v_komponist` `komponist` on((`musikstueck`.`KomponistID` = `komponist`.`ID`))) left join `gattung` on((`gattung`.`ID` = `musikstueck`.`GattungID`))) left join `epoche` on((`epoche`.`ID` = `musikstueck`.`EpocheID`))) left join `musikstueck_besetzung` on((`musikstueck_besetzung`.`MusikstueckID` = `musikstueck`.`ID`))) left join `besetzung` on((`besetzung`.`ID` = `musikstueck_besetzung`.`BesetzungID`))) left join `musikstueck_verwendungszweck` on((`musikstueck_verwendungszweck`.`MusikstueckID` = `musikstueck`.`ID`))) left join `verwendungszweck` on((`verwendungszweck`.`ID` = `musikstueck_verwendungszweck`.`VerwendungszweckID`))) left join `satz` on((`musikstueck`.`ID` = `satz`.`MusikstueckID`))) group by `musikstueck`.`ID` order by `sammlung`.`Name`,`musikstueck`.`Nummer` */;
/*!50001 SET character_set_client      = @saved_cs_client */;
/*!50001 SET character_set_results     = @saved_cs_results */;
/*!50001 SET collation_connection      = @saved_col_connection */;

--
-- Final view structure for view `v_sammlung`
--

/*!50001 DROP VIEW IF EXISTS `v_sammlung`*/;
/*!50001 SET @saved_cs_client          = @@character_set_client */;
/*!50001 SET @saved_cs_results         = @@character_set_results */;
/*!50001 SET @saved_col_connection     = @@collation_connection */;
/*!50001 SET character_set_client      = utf8mb4 */;
/*!50001 SET character_set_results     = utf8mb4 */;
/*!50001 SET collation_connection      = utf8mb4_general_ci */;
/*!50001 CREATE ALGORITHM=UNDEFINED */
/*!50013 DEFINER=`root`@`localhost` SQL SECURITY DEFINER */
/*!50001 VIEW `v_sammlung` AS select `test`.`sammlung`.`ID` AS `ID`,`test`.`sammlung`.`Name` AS `Name`,`test`.`verlag`.`Name` AS `Verlag`,`test`.`standort`.`Name` AS `Standort`,`test`.`sammlung`.`Bemerkung` AS `Bemerkung`,`v_sammlung_lookuptypes`.`LookupList` AS `Besonderheiten`,`test`.`sammlung`.`StandortID` AS `StandortID` from ((((`test`.`sammlung` left join `test`.`verlag` on((`test`.`sammlung`.`VerlagID` = `test`.`verlag`.`ID`))) left join `test`.`standort` on((`test`.`sammlung`.`StandortID` = `test`.`standort`.`ID`))) left join `test`.`sammlung_lookup` on((`test`.`sammlung_lookup`.`SammlungID` = `test`.`sammlung`.`ID`))) left join `test`.`v_sammlung_lookuptypes` on((`v_sammlung_lookuptypes`.`SammlungID` = `test`.`sammlung`.`ID`))) group by `test`.`sammlung`.`ID` */;
/*!50001 SET character_set_client      = @saved_cs_client */;
/*!50001 SET character_set_results     = @saved_cs_results */;
/*!50001 SET collation_connection      = @saved_col_connection */;

--
-- Final view structure for view `v_sammlung_lookuptypes`
--

/*!50001 DROP VIEW IF EXISTS `v_sammlung_lookuptypes`*/;
/*!50001 SET @saved_cs_client          = @@character_set_client */;
/*!50001 SET @saved_cs_results         = @@character_set_results */;
/*!50001 SET @saved_col_connection     = @@collation_connection */;
/*!50001 SET character_set_client      = utf8mb4 */;
/*!50001 SET character_set_results     = utf8mb4 */;
/*!50001 SET collation_connection      = utf8mb4_general_ci */;
/*!50001 CREATE ALGORITHM=UNDEFINED */
/*!50013 DEFINER=`root`@`localhost` SQL SECURITY DEFINER */
/*!50001 VIEW `v_sammlung_lookuptypes` AS select `sammlung_lookuptype`.`SammlungID` AS `SammlungID`,group_concat(distinct `sammlung_lookuptype`.`LookupList` order by `sammlung_lookuptype`.`LookupList` ASC separator ' / ') AS `LookupList` from (select `test`.`sammlung_lookup`.`SammlungID` AS `SammlungID`,`test`.`lookup_type`.`ID` AS `LookupTypeID`,concat(`test`.`lookup_type`.`Name`,': ',group_concat(distinct `test`.`lookup`.`Name` order by `test`.`lookup`.`Name` ASC separator ', ')) AS `LookupList` from ((`test`.`sammlung_lookup` left join `test`.`lookup` on((`test`.`lookup`.`ID` = `test`.`sammlung_lookup`.`LookupID`))) left join `test`.`lookup_type` on((`test`.`lookup_type`.`ID` = `test`.`lookup`.`LookupTypeID`))) group by `test`.`sammlung_lookup`.`SammlungID`,`test`.`lookup_type`.`ID`) `sammlung_lookuptype` group by `sammlung_lookuptype`.`SammlungID` */;
/*!50001 SET character_set_client      = @saved_cs_client */;
/*!50001 SET character_set_results     = @saved_cs_results */;
/*!50001 SET collation_connection      = @saved_col_connection */;

--
-- Final view structure for view `v_satz`
--

/*!50001 DROP VIEW IF EXISTS `v_satz`*/;
/*!50001 SET @saved_cs_client          = @@character_set_client */;
/*!50001 SET @saved_cs_results         = @@character_set_results */;
/*!50001 SET @saved_col_connection     = @@collation_connection */;
/*!50001 SET character_set_client      = utf8mb4 */;
/*!50001 SET character_set_results     = utf8mb4 */;
/*!50001 SET collation_connection      = utf8mb4_general_ci */;
/*!50001 CREATE ALGORITHM=UNDEFINED */
/*!50013 DEFINER=`root`@`localhost` SQL SECURITY DEFINER */
/*!50001 VIEW `v_satz` AS select `test`.`sammlung`.`Name` AS `Sammlung`,`test`.`musikstueck`.`Name` AS `Musikstueck`,`komponist`.`Name` AS `Komponist`,`test`.`satz`.`Nr` AS `Nr`,`test`.`satz`.`Name` AS `Name`,`test`.`satz`.`Taktart` AS `Taktart`,`test`.`satz`.`Tempobezeichnung` AS `Tempobezeichnung`,concat((`test`.`satz`.`Spieldauer` DIV 60),'\'',(`test`.`satz`.`Spieldauer` % 60),'\'\'') AS `Spieldauer`,group_concat(distinct (case when isnull(`test`.`satz_erprobt`.`Jahr`) then `test`.`erprobt`.`Name` else concat(`test`.`satz_erprobt`.`Jahr`,': ',`test`.`erprobt`.`Name`) end) order by `test`.`satz_erprobt`.`Jahr` DESC separator ', ') AS `Erprobt`,`v_satz_lookuptypes`.`LookupList` AS `Besonderheiten`,group_concat(distinct concat(`test`.`instrument`.`Name`,': ',`test`.`schwierigkeitsgrad`.`Name`) order by `test`.`schwierigkeitsgrad`.`Name` ASC separator ', ') AS `Schwierigkeitsgrade`,`test`.`satz`.`Orchesterbesetzung` AS `Orchesterbesetzung`,`test`.`satz`.`Bemerkung` AS `Bemerkung`,`test`.`satz`.`ID` AS `ID`,`test`.`sammlung`.`ID` AS `SammlungID`,`test`.`musikstueck`.`ID` AS `MusikstueckID` from ((((((((((((((((((`test`.`satz` left join `test`.`musikstueck` on((`test`.`musikstueck`.`ID` = `test`.`satz`.`MusikstueckID`))) left join `test`.`sammlung` on((`test`.`musikstueck`.`SammlungID` = `test`.`sammlung`.`ID`))) left join `test`.`verlag` on((`test`.`sammlung`.`VerlagID` = `test`.`verlag`.`ID`))) left join `test`.`standort` on((`test`.`sammlung`.`StandortID` = `test`.`standort`.`ID`))) left join `test`.`v_komponist` `komponist` on((`test`.`musikstueck`.`KomponistID` = `komponist`.`ID`))) left join `test`.`gattung` on((`test`.`gattung`.`ID` = `test`.`musikstueck`.`GattungID`))) left join `test`.`epoche` on((`test`.`epoche`.`ID` = `test`.`musikstueck`.`EpocheID`))) left join `test`.`musikstueck_besetzung` on((`test`.`musikstueck_besetzung`.`MusikstueckID` = `test`.`musikstueck`.`ID`))) left join `test`.`besetzung` on((`test`.`besetzung`.`ID` = `test`.`musikstueck_besetzung`.`BesetzungID`))) left join `test`.`musikstueck_verwendungszweck` on((`test`.`musikstueck_verwendungszweck`.`MusikstueckID` = `test`.`musikstueck`.`ID`))) left join `test`.`verwendungszweck` on((`test`.`verwendungszweck`.`ID` = `test`.`musikstueck_verwendungszweck`.`VerwendungszweckID`))) left join `test`.`satz_erprobt` on((`test`.`satz`.`ID` = `test`.`satz_erprobt`.`SatzID`))) left join `test`.`erprobt` on((`test`.`erprobt`.`ID` = `test`.`satz_erprobt`.`ErprobtID`))) left join `test`.`satz_schwierigkeitsgrad` on((`test`.`satz_schwierigkeitsgrad`.`SatzID` = `test`.`satz`.`ID`))) left join `test`.`schwierigkeitsgrad` on((`test`.`schwierigkeitsgrad`.`ID` = `test`.`satz_schwierigkeitsgrad`.`SchwierigkeitsgradID`))) left join `test`.`instrument` on((`test`.`instrument`.`ID` = `test`.`satz_schwierigkeitsgrad`.`InstrumentID`))) left join `test`.`satz_lookup` on((`test`.`satz_lookup`.`SatzID` = `test`.`satz`.`ID`))) left join `test`.`v_satz_lookuptypes` on((`v_satz_lookuptypes`.`SatzID` = `test`.`satz`.`ID`))) group by `test`.`satz`.`ID` order by `test`.`sammlung`.`Name`,`test`.`musikstueck`.`Nummer`,`test`.`satz`.`Nr` */;
/*!50001 SET character_set_client      = @saved_cs_client */;
/*!50001 SET character_set_results     = @saved_cs_results */;
/*!50001 SET collation_connection      = @saved_col_connection */;

--
-- Final view structure for view `v_satz_instrumente`
--

/*!50001 DROP VIEW IF EXISTS `v_satz_instrumente`*/;
/*!50001 SET @saved_cs_client          = @@character_set_client */;
/*!50001 SET @saved_cs_results         = @@character_set_results */;
/*!50001 SET @saved_col_connection     = @@collation_connection */;
/*!50001 SET character_set_client      = utf8mb4 */;
/*!50001 SET character_set_results     = utf8mb4 */;
/*!50001 SET collation_connection      = utf8mb4_general_ci */;
/*!50001 CREATE ALGORITHM=UNDEFINED */
/*!50013 DEFINER=`root`@`localhost` SQL SECURITY DEFINER */
/*!50001 VIEW `v_satz_instrumente` AS select `satz_schwierigkeitsgrad`.`SatzID` AS `SatzID`,group_concat(distinct `instrument`.`Name` order by `instrument`.`Name` ASC separator ', ') AS `InstrumentList` from (`satz_schwierigkeitsgrad` left join `instrument` on((`instrument`.`ID` = `satz_schwierigkeitsgrad`.`InstrumentID`))) group by `satz_schwierigkeitsgrad`.`SatzID` */;
/*!50001 SET character_set_client      = @saved_cs_client */;
/*!50001 SET character_set_results     = @saved_cs_results */;
/*!50001 SET collation_connection      = @saved_col_connection */;

--
-- Final view structure for view `v_satz_lookuptypes`
--

/*!50001 DROP VIEW IF EXISTS `v_satz_lookuptypes`*/;
/*!50001 SET @saved_cs_client          = @@character_set_client */;
/*!50001 SET @saved_cs_results         = @@character_set_results */;
/*!50001 SET @saved_col_connection     = @@collation_connection */;
/*!50001 SET character_set_client      = utf8mb4 */;
/*!50001 SET character_set_results     = utf8mb4 */;
/*!50001 SET collation_connection      = utf8mb4_general_ci */;
/*!50001 CREATE ALGORITHM=UNDEFINED */
/*!50013 DEFINER=`root`@`localhost` SQL SECURITY DEFINER */
/*!50001 VIEW `v_satz_lookuptypes` AS select `satz_lookuptype`.`SatzID` AS `SatzID`,group_concat(distinct `satz_lookuptype`.`LookupList` order by `satz_lookuptype`.`LookupList` ASC separator ' / ') AS `LookupList` from (select `test`.`satz_lookup`.`SatzID` AS `SatzID`,`test`.`lookup_type`.`ID` AS `LookupTypeID`,concat(`test`.`lookup_type`.`Name`,': ',group_concat(distinct `test`.`lookup`.`Name` order by `test`.`lookup`.`Name` ASC separator ', ')) AS `LookupList` from ((`test`.`satz_lookup` left join `test`.`lookup` on((`test`.`lookup`.`ID` = `test`.`satz_lookup`.`LookupID`))) left join `test`.`lookup_type` on((`test`.`lookup_type`.`ID` = `test`.`lookup`.`LookupTypeID`))) group by `test`.`satz_lookup`.`SatzID`,`test`.`lookup_type`.`ID`) `satz_lookuptype` group by `satz_lookuptype`.`SatzID` */;
/*!50001 SET character_set_client      = @saved_cs_client */;
/*!50001 SET character_set_results     = @saved_cs_results */;
/*!50001 SET collation_connection      = @saved_col_connection */;

--
-- Final view structure for view `v_test_musikstueck_ohne_besetzung`
--

/*!50001 DROP VIEW IF EXISTS `v_test_musikstueck_ohne_besetzung`*/;
/*!50001 SET @saved_cs_client          = @@character_set_client */;
/*!50001 SET @saved_cs_results         = @@character_set_results */;
/*!50001 SET @saved_col_connection     = @@collation_connection */;
/*!50001 SET character_set_client      = utf8mb4 */;
/*!50001 SET character_set_results     = utf8mb4 */;
/*!50001 SET collation_connection      = utf8mb4_general_ci */;
/*!50001 CREATE ALGORITHM=UNDEFINED */
/*!50013 DEFINER=`root`@`localhost` SQL SECURITY DEFINER */
/*!50001 VIEW `v_test_musikstueck_ohne_besetzung` AS select `s`.`Name` AS `Sammlung_Name`,`m`.`ID` AS `ID`,`m`.`Name` AS `Musikstueck_Name` from ((`sammlung` `s` join `musikstueck` `m` on((`s`.`ID` = `m`.`SammlungID`))) left join `musikstueck_besetzung` `mb` on((`m`.`ID` = `mb`.`MusikstueckID`))) where isnull(`mb`.`ID`) order by `m`.`ID` desc */;
/*!50001 SET character_set_client      = @saved_cs_client */;
/*!50001 SET character_set_results     = @saved_cs_results */;
/*!50001 SET collation_connection      = @saved_col_connection */;

--
-- Final view structure for view `v_test_musikstueck_ohne_komponist`
--

/*!50001 DROP VIEW IF EXISTS `v_test_musikstueck_ohne_komponist`*/;
/*!50001 SET @saved_cs_client          = @@character_set_client */;
/*!50001 SET @saved_cs_results         = @@character_set_results */;
/*!50001 SET @saved_col_connection     = @@collation_connection */;
/*!50001 SET character_set_client      = utf8mb4 */;
/*!50001 SET character_set_results     = utf8mb4 */;
/*!50001 SET collation_connection      = utf8mb4_general_ci */;
/*!50001 CREATE ALGORITHM=UNDEFINED */
/*!50013 DEFINER=`root`@`localhost` SQL SECURITY DEFINER */
/*!50001 VIEW `v_test_musikstueck_ohne_komponist` AS select `s`.`Name` AS `Sammlung_Name`,`m`.`ID` AS `ID`,`m`.`Name` AS `Musikstueck_Name` from ((`sammlung` `s` left join `musikstueck` `m` on((`s`.`ID` = `m`.`SammlungID`))) left join `komponist` `k` on((`m`.`KomponistID` = `k`.`ID`))) where isnull(`k`.`ID`) order by `m`.`ID` desc */;
/*!50001 SET character_set_client      = @saved_cs_client */;
/*!50001 SET character_set_results     = @saved_cs_results */;
/*!50001 SET collation_connection      = @saved_col_connection */;

--
-- Final view structure for view `v_test_musikstueck_ohne_satz`
--

/*!50001 DROP VIEW IF EXISTS `v_test_musikstueck_ohne_satz`*/;
/*!50001 SET @saved_cs_client          = @@character_set_client */;
/*!50001 SET @saved_cs_results         = @@character_set_results */;
/*!50001 SET @saved_col_connection     = @@collation_connection */;
/*!50001 SET character_set_client      = utf8mb4 */;
/*!50001 SET character_set_results     = utf8mb4 */;
/*!50001 SET collation_connection      = utf8mb4_general_ci */;
/*!50001 CREATE ALGORITHM=UNDEFINED */
/*!50013 DEFINER=`root`@`localhost` SQL SECURITY DEFINER */
/*!50001 VIEW `v_test_musikstueck_ohne_satz` AS select `s`.`Name` AS `Sammlung_Name`,`m`.`ID` AS `ID`,`m`.`Name` AS `Musikstueck_Name` from ((`musikstueck` `m` join `sammlung` `s` on((`s`.`ID` = `m`.`SammlungID`))) left join `satz` `sa` on((`sa`.`MusikstueckID` = `m`.`ID`))) where (isnull(`sa`.`ID`) and (`m`.`ID` is not null)) order by `m`.`ID` desc */;
/*!50001 SET character_set_client      = @saved_cs_client */;
/*!50001 SET character_set_results     = @saved_cs_results */;
/*!50001 SET collation_connection      = @saved_col_connection */;

--
-- Final view structure for view `v_test_sammlung_ohne_musikstueck`
--

/*!50001 DROP VIEW IF EXISTS `v_test_sammlung_ohne_musikstueck`*/;
/*!50001 SET @saved_cs_client          = @@character_set_client */;
/*!50001 SET @saved_cs_results         = @@character_set_results */;
/*!50001 SET @saved_col_connection     = @@collation_connection */;
/*!50001 SET character_set_client      = utf8mb4 */;
/*!50001 SET character_set_results     = utf8mb4 */;
/*!50001 SET collation_connection      = utf8mb4_general_ci */;
/*!50001 CREATE ALGORITHM=UNDEFINED */
/*!50013 DEFINER=`root`@`localhost` SQL SECURITY DEFINER */
/*!50001 VIEW `v_test_sammlung_ohne_musikstueck` AS select `s`.`ID` AS `ID`,`s`.`Name` AS `Name` from (`sammlung` `s` left join `musikstueck` `m` on((`s`.`ID` = `m`.`SammlungID`))) where isnull(`m`.`ID`) order by `s`.`ID` desc */;
/*!50001 SET character_set_client      = @saved_cs_client */;
/*!50001 SET character_set_results     = @saved_cs_results */;
/*!50001 SET collation_connection      = @saved_col_connection */;

--
-- Final view structure for view `v_test_sammlung_ohne_verlag`
--

/*!50001 DROP VIEW IF EXISTS `v_test_sammlung_ohne_verlag`*/;
/*!50001 SET @saved_cs_client          = @@character_set_client */;
/*!50001 SET @saved_cs_results         = @@character_set_results */;
/*!50001 SET @saved_col_connection     = @@collation_connection */;
/*!50001 SET character_set_client      = utf8mb4 */;
/*!50001 SET character_set_results     = utf8mb4 */;
/*!50001 SET collation_connection      = utf8mb4_general_ci */;
/*!50001 CREATE ALGORITHM=UNDEFINED */
/*!50013 DEFINER=`root`@`localhost` SQL SECURITY DEFINER */
/*!50001 VIEW `v_test_sammlung_ohne_verlag` AS select `s`.`ID` AS `ID`,`s`.`Name` AS `Name` from (`sammlung` `s` left join `verlag` `v` on((`s`.`VerlagID` = `v`.`ID`))) where isnull(`v`.`ID`) order by `s`.`ID` desc */;
/*!50001 SET character_set_client      = @saved_cs_client */;
/*!50001 SET character_set_results     = @saved_cs_results */;
/*!50001 SET collation_connection      = @saved_col_connection */;

--
-- Final view structure for view `v_test_satz_ohne_erprobt`
--

/*!50001 DROP VIEW IF EXISTS `v_test_satz_ohne_erprobt`*/;
/*!50001 SET @saved_cs_client          = @@character_set_client */;
/*!50001 SET @saved_cs_results         = @@character_set_results */;
/*!50001 SET @saved_col_connection     = @@collation_connection */;
/*!50001 SET character_set_client      = utf8mb4 */;
/*!50001 SET character_set_results     = utf8mb4 */;
/*!50001 SET collation_connection      = utf8mb4_general_ci */;
/*!50001 CREATE ALGORITHM=UNDEFINED */
/*!50013 DEFINER=`root`@`localhost` SQL SECURITY DEFINER */
/*!50001 VIEW `v_test_satz_ohne_erprobt` AS select `s`.`Name` AS `Sammlung_Name`,`m`.`Name` AS `Musikstueck_Name`,`sa`.`Nr` AS `Nr`,`sa`.`Name` AS `Satz_Name`,`sa`.`ID` AS `ID` from (((`musikstueck` `m` join `sammlung` `s` on((`s`.`ID` = `m`.`SammlungID`))) join `satz` `sa` on((`sa`.`MusikstueckID` = `m`.`ID`))) left join `erprobt` on((`erprobt`.`ID` = `sa`.`ErprobtID`))) where isnull(`erprobt`.`ID`) order by `sa`.`ID` desc */;
/*!50001 SET character_set_client      = @saved_cs_client */;
/*!50001 SET character_set_results     = @saved_cs_results */;
/*!50001 SET collation_connection      = @saved_col_connection */;

--
-- Final view structure for view `v_test_satz_ohne_spieldauer`
--

/*!50001 DROP VIEW IF EXISTS `v_test_satz_ohne_spieldauer`*/;
/*!50001 SET @saved_cs_client          = @@character_set_client */;
/*!50001 SET @saved_cs_results         = @@character_set_results */;
/*!50001 SET @saved_col_connection     = @@collation_connection */;
/*!50001 SET character_set_client      = utf8mb4 */;
/*!50001 SET character_set_results     = utf8mb4 */;
/*!50001 SET collation_connection      = utf8mb4_general_ci */;
/*!50001 CREATE ALGORITHM=UNDEFINED */
/*!50013 DEFINER=`root`@`localhost` SQL SECURITY DEFINER */
/*!50001 VIEW `v_test_satz_ohne_spieldauer` AS select `s`.`Name` AS `Sammlung_Name`,`sa`.`ID` AS `ID`,`m`.`Name` AS `Musikstueck_Name`,`sa`.`Nr` AS `Nr`,`sa`.`Name` AS `Name`,`sa`.`Spieldauer` AS `Spieldauer` from ((`musikstueck` `m` join `sammlung` `s` on((`s`.`ID` = `m`.`SammlungID`))) join `satz` `sa` on((`sa`.`MusikstueckID` = `m`.`ID`))) where isnull(`sa`.`Spieldauer`) order by `sa`.`ID` desc */;
/*!50001 SET character_set_client      = @saved_cs_client */;
/*!50001 SET character_set_results     = @saved_cs_results */;
/*!50001 SET collation_connection      = @saved_col_connection */;

--
-- Final view structure for view `v_tmp_Spieldauer`
--

/*!50001 DROP VIEW IF EXISTS `v_tmp_Spieldauer`*/;
/*!50001 SET @saved_cs_client          = @@character_set_client */;
/*!50001 SET @saved_cs_results         = @@character_set_results */;
/*!50001 SET @saved_col_connection     = @@collation_connection */;
/*!50001 SET character_set_client      = utf8mb4 */;
/*!50001 SET character_set_results     = utf8mb4 */;
/*!50001 SET collation_connection      = utf8mb4_general_ci */;
/*!50001 CREATE ALGORITHM=UNDEFINED */
/*!50013 DEFINER=`root`@`localhost` SQL SECURITY DEFINER */
/*!50001 VIEW `v_tmp_Spieldauer` AS select distinct NULL AS `ID`,`satz`.`Spieldauer` AS `Spieldauer`,concat((case when (length((`satz`.`Spieldauer` DIV 60)) = 1) then concat('0',(`satz`.`Spieldauer` DIV 60)) else (`satz`.`Spieldauer` DIV 60) end),':',(case when (length((`satz`.`Spieldauer` % 60)) = 1) then concat('0',(`satz`.`Spieldauer` % 60)) else (`satz`.`Spieldauer` % 60) end)) AS `Spieldauer_1`,concat((`satz`.`Spieldauer` DIV 60),'\'',(`satz`.`Spieldauer` % 60),'\'\'') AS `Spieldauer_2` from `satz` where (`satz`.`Spieldauer` is not null) order by `satz`.`Spieldauer` */;
/*!50001 SET character_set_client      = @saved_cs_client */;
/*!50001 SET character_set_results     = @saved_cs_results */;
/*!50001 SET collation_connection      = @saved_col_connection */;

--
-- Final view structure for view `v_tmp_Taktart`
--

/*!50001 DROP VIEW IF EXISTS `v_tmp_Taktart`*/;
/*!50001 SET @saved_cs_client          = @@character_set_client */;
/*!50001 SET @saved_cs_results         = @@character_set_results */;
/*!50001 SET @saved_col_connection     = @@collation_connection */;
/*!50001 SET character_set_client      = utf8mb4 */;
/*!50001 SET character_set_results     = utf8mb4 */;
/*!50001 SET collation_connection      = utf8mb4_general_ci */;
/*!50001 CREATE ALGORITHM=UNDEFINED */
/*!50013 DEFINER=`root`@`localhost` SQL SECURITY DEFINER */
/*!50001 VIEW `v_tmp_Taktart` AS select distinct 0 AS `ID`,`satz`.`Taktart` AS `Taktart` from `satz` where ((`satz`.`Taktart` is not null) and (`satz`.`Taktart` <> '')) order by `satz`.`Taktart` */;
/*!50001 SET character_set_client      = @saved_cs_client */;
/*!50001 SET character_set_results     = @saved_cs_results */;
/*!50001 SET collation_connection      = @saved_col_connection */;

--
-- Final view structure for view `v_tmp_Tempobezeichnung`
--

/*!50001 DROP VIEW IF EXISTS `v_tmp_Tempobezeichnung`*/;
/*!50001 SET @saved_cs_client          = @@character_set_client */;
/*!50001 SET @saved_cs_results         = @@character_set_results */;
/*!50001 SET @saved_col_connection     = @@collation_connection */;
/*!50001 SET character_set_client      = utf8mb4 */;
/*!50001 SET character_set_results     = utf8mb4 */;
/*!50001 SET collation_connection      = utf8mb4_general_ci */;
/*!50001 CREATE ALGORITHM=UNDEFINED */
/*!50013 DEFINER=`root`@`localhost` SQL SECURITY DEFINER */
/*!50001 VIEW `v_tmp_Tempobezeichnung` AS select distinct 0 AS `ID`,`satz`.`Tempobezeichnung` AS `Tempobezeichnung` from `satz` where ((`satz`.`Tempobezeichnung` is not null) and (`satz`.`Tempobezeichnung` <> '')) order by `satz`.`Tempobezeichnung` */;
/*!50001 SET character_set_client      = @saved_cs_client */;
/*!50001 SET character_set_results     = @saved_cs_results */;
/*!50001 SET collation_connection      = @saved_col_connection */;

--
-- Final view structure for view `v_tmp_Tonart`
--

/*!50001 DROP VIEW IF EXISTS `v_tmp_Tonart`*/;
/*!50001 SET @saved_cs_client          = @@character_set_client */;
/*!50001 SET @saved_cs_results         = @@character_set_results */;
/*!50001 SET @saved_col_connection     = @@collation_connection */;
/*!50001 SET character_set_client      = utf8mb4 */;
/*!50001 SET character_set_results     = utf8mb4 */;
/*!50001 SET collation_connection      = utf8mb4_general_ci */;
/*!50001 CREATE ALGORITHM=UNDEFINED */
/*!50013 DEFINER=`root`@`localhost` SQL SECURITY DEFINER */
/*!50001 VIEW `v_tmp_Tonart` AS select distinct 0 AS `ID`,`satz`.`Tonart` AS `Tonart` from `satz` where ((`satz`.`Tonart` is not null) and (`satz`.`Tonart` <> '')) order by `satz`.`Tonart` */;
/*!50001 SET character_set_client      = @saved_cs_client */;
/*!50001 SET character_set_results     = @saved_cs_results */;
/*!50001 SET collation_connection      = @saved_col_connection */;
/*!40103 SET TIME_ZONE=@OLD_TIME_ZONE */;

/*!40101 SET SQL_MODE=@OLD_SQL_MODE */;
/*!40014 SET FOREIGN_KEY_CHECKS=@OLD_FOREIGN_KEY_CHECKS */;
/*!40014 SET UNIQUE_CHECKS=@OLD_UNIQUE_CHECKS */;
/*!40101 SET CHARACTER_SET_CLIENT=@OLD_CHARACTER_SET_CLIENT */;
/*!40101 SET CHARACTER_SET_RESULTS=@OLD_CHARACTER_SET_RESULTS */;
/*!40101 SET COLLATION_CONNECTION=@OLD_COLLATION_CONNECTION */;
/*!40111 SET SQL_NOTES=@OLD_SQL_NOTES */;

-- Dump completed on 2024-10-03 20:53:37
